Driver,LapNumber,Mean_Apex_Speed_Ratio,Std_Apex_Speed_Ratio,Mean_Brake_Fraction,Std_Brake_Fraction,Mean_Brake_Point_Norm,Std_Brake_Point_Norm,Mean_Throttle_On_Dist_Norm,Std_Throttle_On_Dist_Norm,Mean_Throttle_Integral_Norm,Std_Throttle_Integral_Norm,Mean_Speed_Variability,Std_Speed_Variability,LapTime_Sec,Z_Mean_Apex_Speed_Ratio,Z_Mean_Throttle_On_Dist_Norm,Z_Mean_Throttle_Integral_Norm,P_0,P_1,P_2,Style_Cluster_ID,Style_Entropy
ALB,1.0,0.8858069266166378,0.15720989222046491,0.16874300337004766,0.19845264443882063,0.0868047195101559,0.27133492651190355,0.1903146087569398,0.29825920757837604,0.6890944097560577,0.2880476891513425,0.09233113872423865,0.08475885765486856,101.364,1.5124655348188172,0.060232755955595574,0.21017299377122933,0.23834010135086742,0.4708428882767498,0.2908170103723831,1,1.055623332004887
ALB,2.0,0.8776780447934031,0.18957574862852591,0.23353553183968864,0.21706272125047135,0.11890001665191557,0.19131348608389304,0.20535239177063322,0.27009189378381354,0.6299864913360909,0.2982616128245981,0.08034524235650217,0.0636408281417998,95.004,1.1615502392490422,0.24828196202916278,-0.9898655278841271,0.6024305372790578,0.21953131666100037,0.1780381460599421,0,0.945418796475467
ALB,3.0,0.8691171896094376,0.21253265540040703,0.18374172835586322,0.20649194373810306,0.1066886622761044,0.23229079879646466,0.13175047307097937,0.09282408096186287,0.6566569322782544,0.2369895384337844,0.08073336118029004,0.06287903819941018,93.809,0.7919871071310987,-0.6721184962270661,-0.4483888970759134,0.8661280315751457,0.00044886098691212785,0.13342310743794225,0,0.3966871159357989
ALB,4.0,0.865222806545866,0.21028212425408618,0.21245004331418563,0.21272376180790278,0.08912355801507114,0.206407335945945,0.2799616262286404,0.29597103735999436,0.5913073158658712,0.28340280855163136,0.0785969141521573,0.05798640140597228,93.866,0.6238706781397212,1.1812790196944434,-1.775149493060118,0.00045505977949546666,0.7631871057479048,0.2363578344725994,1,0.5506791249365999
ALB,5.0,0.8656590614085024,0.1976100409341279,0.20483152544987773,0.22476666613076438,0.09894958433754363,0.29399313499759633,0.2240484267336086,0.2612720147699059,0.6449126348219103,0.2969282967805339,0.08051393699863234,0.0687333449182919,93.86,0.6427033426309434,0.4820780294620891,-0.686827497759761,0.04058602349961562,0.8603077011196765,0.09910627538070793,1,0.4885877630360126
ALB,6.0,0.872968519718499,0.19826495032766525,0.17875940699282813,0.1910382882808085,0.07669710755246185,0.18966526450734172,0.12811478856794742,0.24404957406094654,0.6717350484631577,0.28097325882705854,0.07731512640712161,0.06162795304266283,94.21,0.9582449852681719,-0.7175831490755986,-0.14226544120799847,0.8945126086390771,0.0006463537285002261,0.10484103763242288,0,0.34091290685185266
ALB,7.0,0.8862336406838068,0.20129331278244614,0.20653767570813727,0.20403702743522997,0.06372693597515337,0.2061590724130314,0.1103950362922711,0.12192346942342408,0.63995696983138,0.27553436942503606,0.07870312873855885,0.06181082664235539,94.099,1.530886333184514,-0.9391706892221036,-0.7874398868951958,0.08745478924736984,2.588000873393399e-06,0.912542622751757,2,0.29664488975327125
ALB,8.0,0.8550878643479699,0.18996570666064969,0.18952377887466265,0.21071132231130782,0.036169948011864794,0.1821430957752636,0.19834566607012766,0.27618151141999525,0.6406334106302558,0.2806450647973281,0.07771703707371892,0.06342591954991954,93.922,0.1863558619208734,0.1606620513045889,-0.7737064474852211,0.5586765425141151,0.32487290061046126,0.11645055687542347,0,0.9409166830413409
ALB,9.0,0.8624295939715325,0.19251160990691957,0.20887050564618775,0.1970175060997141,0.08427326411522575,0.18421575894553513,0.22922226371264656,0.34463604584691737,0.6331903668711583,0.3267398168973676,0.0785730262789034,0.06134334015318424,93.731,0.5032906232901349,0.546777455925165,-0.924818844403369,0.04037471958007072,0.8420333994118984,0.1175918810080308,1,0.5260698267132662
ALB,10.0,0.8750505878318995,0.1879302053644369,0.1712994576982845,0.1832898944050289,0.0720508152223957,0.1815398800959068,0.24312779479671426,0.23242609977289097,0.6249024989818849,0.29233055920919687,0.08101380428036195,0.06613949415570218,94.045,1.0481256802146752,0.7206677213990778,-1.0930832833378117,0.014718974765751855,0.858721360864626,0.12655966436962224,1,0.45449032367815234
ALB,11.0,0.8667952284022694,0.2020763584087993,0.21151888928289975,0.21309390109823564,0.08943053264497307,0.1993564639223893,0.2687778178175416,0.3284105227018867,0.5886154716972728,0.33479844932431413,0.07856209849735424,0.06019522211120522,93.842,0.6917504791380571,1.041424209269867,-1.8298006596544087,0.0037549605853509837,0.733578935035934,0.26266610437871507,1,0.5993985831160826
ALB,12.0,0.8314859728835937,0.19685070977811148,0.19970875257996107,0.18960853918834622,0.07758688759077816,0.1771963206846645,0.2055301071774514,0.3010079295575822,0.6693979105824343,0.2866307289492581,0.0761674461642318,0.060874691232641866,93.857,-0.8325130181204272,0.2505043136303775,-0.18971518334509685,0.03229568709168903,0.9489870483706591,0.018717264537651872,1,0.2350174760806576
ALB,13.0,0.8704656032835997,0.20203228336684315,0.17910161893030604,0.198202428893237,0.06074971466599599,0.16372319602982066,0.1755352333813066,0.24629998957543217,0.665558402876169,0.29152949842012243,0.07814707137210863,0.06164612420505786,93.751,0.8501967100393873,-0.1245850328847054,-0.26766678906692,0.8380622048440589,0.08491183417277497,0.07702596098316598,0,0.5549239027008758
ALB,14.0,0.8189828687182424,0.21202324409159554,0.22601706048123588,0.19815926959155275,0.10799605588854745,0.1886278576846636,0.22106659023243863,0.2999262623714868,0.6068042247666375,0.30625668514425347,0.08227332711373435,0.0650707047837241,93.951,-1.3722589006578068,0.44478982107554726,-1.4605234980221786,0.08566386478981197,0.3511545082484808,0.5631816269617074,2,0.9013497241856205
ALB,15.0,0.8271719680716524,0.18840301025710215,0.18289435391122047,0.19317539784469387,0.055807935100404917,0.15841560147178813,0.25679477241122883,0.29968332152292926,0.6054005604643174,0.26089183134926647,0.07851097273418678,0.062009998532669766,93.786,-1.0187440775196157,0.8915748483003224,-1.4890213927084441,0.0010261192135038889,0.6559269379448146,0.34304694284168136,1,0.6506917651822681
ALB,16.0,0.855377175251551,0.19158090828181526,0.1976093204294422,0.21428393199122045,0.08814766307026509,0.21316583156445415,0.2773862650324151,0.38143290470036406,0.6141566828356653,0.32647188454496173,0.08240131045581776,0.06168231736390179,94.343,0.19884510994408003,1.1490738317447406,-1.311250217088832,6.220801142379802e-05,0.8263898287564018,0.1735479632321743,1,0.46212043177290996
ALB,17.0,0.8663019489219284,0.20416984116438638,0.1868247307350082,0.19622809418436357,0.06883757083625693,0.18049670490552455,0.09141522687491295,0.17434576053660772,0.6956257919275701,0.2857245466610707,0.08448400625793179,0.06635404757463159,93.707,0.6704561217582244,-1.1765153888438336,0.34277638118505854,0.7942067222474603,6.854402640793274e-05,0.2057247337261319,0,0.5089468531428109
ALB,18.0,0.8492495376267797,0.20831329295156994,0.17476043541408423,0.1888813486565793,0.07791556485034833,0.216544278617306,0.217719638038688,0.22715792988460343,0.6562687621044316,0.27907556751801643,0.08304643787124202,0.06550277336444936,93.615,-0.06567857424763066,0.402935798961525,-0.45626972208205346,0.02674895803569592,0.9230462867922434,0.05020475517206058,1,0.32097351669826796
ALB,19.0,0.8401020751467235,0.22028958010453176,0.22292558712979021,0.22784053777699068,0.11991389004327441,0.2247358224490325,0.18578590538863154,0.23954893102086755,0.5904157445987013,0.25798850092738584,0.08702163711276573,0.0700745524383532,93.654,-0.4605649275868107,0.0036007994911636193,-1.7932506188315087,0.4293079921349441,0.0023278130909555653,0.5683641947741005,2,0.6982493948748312
ALB,20.0,0.8586309748418275,0.21674342642450103,0.22196918132629803,0.2115482373049448,0.09587429271683941,0.19802435104006183,0.14516457300568425,0.10466151281520826,0.6430029345529334,0.2345601196110172,0.08460072240439721,0.06800079111459174,93.44,0.33930822280211886,-0.5043736337951675,-0.7255991877270002,0.901767277179915,0.0010447661314215615,0.09718795668866365,0,0.326968559138312
ALB,21.0,0.9065486810030154,0.18766222199301694,0.1853892415950119,0.18714033135591188,0.058130976958115727,0.17263138143604223,0.21059103696691872,0.23698630753235453,0.6069438143437141,0.2860659020602287,0.08240517961030698,0.07116853124127788,93.195,2.407865299436743,0.3137918227024776,-1.457689480614844,0.7542890775321036,0.05682899216597044,0.18888193030192532,0,0.6904600091684341
ALB,22.0,0.8748242047339483,0.20201363022246568,0.19332944387531972,0.1864865213404774,0.08366197184497584,0.16246903302414542,0.24642494985549687,0.2992571987231522,0.6388373543996323,0.30894148370099317,0.07923912354087236,0.061324085954293964,93.021,1.0383529595063388,0.761899024613183,-0.8101708793485372,0.0029690140052525175,0.8977659311254583,0.09926505486928933,1,0.34339710088886966
ALB,23.0,0.8584655176040962,0.21151594461131362,0.21104924918388593,0.1853431305058566,0.10108961494282498,0.19383436370602591,0.13670532064874605,0.28378510299818793,0.6569093616783946,0.29378150546632503,0.08445932003857021,0.07258369473500687,93.117,0.3321656075267085,-0.6101575574127406,-0.4432639491456826,0.9341447421533398,0.0009865140726856966,0.06486874377397465,0,0.24790683172946826
ALB,24.0,0.8245859653354797,0.19595625286199833,0.19124164079510295,0.18672578545230395,0.1089672670904462,0.2091950562756969,0.19742624604955109,0.23609730545327118,0.6495486295760259,0.2818469743189972,0.08015164343333891,0.05908335536298161,93.163,-1.1303791011601954,0.1491645982052771,-0.5927052136420459,0.24132732405721624,0.7028068336769085,0.05586584226587524,1,0.7520942190984606
ALB,25.0,0.8411279312820326,0.2102569940702019,0.18760937866078364,0.22790371779488874,0.10242862815789776,0.11632878302225205,0.21627582234028092,0.23707076333125948,0.6379929058121548,0.2944263218333387,0.07917967330289662,0.06015302304917421,93.374,-0.4162797950480302,0.3848807176004782,-0.8273152969091474,0.08478388948249624,0.8173191009463631,0.09789700957114043,1,0.6015881130119412
ALB,26.0,0.8039606464320186,0.20045835351885766,0.18320323589565787,0.20071730852691616,0.1176995110248593,0.21436546755280966,0.25225801122434793,0.2965481002292302,0.6294789937602927,0.2703658837263144,0.07683715811330231,0.0634604408135638,93.175,-2.0207524682008224,0.8348421278879143,-1.0001689974848897,0.00010635607032657332,0.8662859605957485,0.13360768333392517,1,0.3942517885802377
ALB,27.0,0.8517120407344964,0.2137190379621767,0.19983334747329248,0.19446272337120157,0.11036965360500181,0.2138259628571953,0.28497452607804913,0.29084975836593374,0.6019052448104141,0.3042954304703242,0.08467192032148013,0.07287970454910667,93.126,0.040625100067813565,1.2439659088422133,-1.559985039240989,3.8627456305023824e-05,0.7266472871808106,0.27331408536288415,1,0.586946122558497
ALB,28.0,0.8649000619535828,0.19611951167267147,0.18989172504432258,0.18533889862351277,0.10655148803808988,0.20254191158075072,0.1400364579263665,0.24825343264530716,0.6392166469565798,0.281397157757966,0.08378773347280866,0.06845956372602131,93.084,0.6099381328699783,-0.5685013026437915,-0.8024702921601994,0.8210206018091982,0.00040674435013456105,0.17857265384066726,0,0.472724436108018
ALB,29.0,0.8459743799655447,0.2276896180410492,0.2047591234065868,0.2052323421489281,0.125530948850392,0.2362849366841521,0.15574994245153775,0.2412602245795774,0.6164016730053589,0.27217287954912295,0.08407335319886061,0.07084966480236136,92.869,-0.20706369260976915,-0.37200237145712645,-1.2656713038672858,0.7310088728506905,0.0007046728942938276,0.2682864542550162,0,0.5871456263854113
ALB,30.0,0.876952122848774,0.21712597520038265,0.19066452095038383,0.19259345962032373,0.11279117524674341,0.1998640673886918,0.1747402101567364,0.1388530110437381,0.6476688330754096,0.26437532680932935,0.07978447835885766,0.0655660371932662,92.882,1.1302129508864562,-0.13452688974314894,-0.6308697823481313,0.8816793277331324,0.023137125301579478,0.09518354696528813,0,0.42203562548431883
ALB,31.0,0.859217121805728,0.21212906465057774,0.177018422975992,0.20359445448319485,0.23948287122332376,0.3129888872024295,0.18099577359364474,0.23123374160120555,0.6089753614978732,0.28142248135739606,0.08242945811223759,0.06903861909539438,92.816,0.3646115719659044,-0.056300349515626055,-1.4164439942448368,0.7876619131237429,0.005323614647272547,0.20701447222898445,0,0.5419173333847699
ALB,39.0,0.838072036158363,0.21732634871805465,0.20735374273034413,0.2073404815114969,0.20562675478918147,0.3034401920001837,0.1953796491314737,0.23048204144175508,0.6335705218794258,0.24439401028675423,0.08292060591391151,0.07239347294497174,92.63,-0.5481995798193631,0.12357166836670945,-0.9171007472969906,0.6112000096111814,0.2570313096408592,0.13176868074795955,0,0.9171610573471175
ALB,40.0,0.8667793861715197,0.21039461875947485,0.2100368360883809,0.22773520965015126,0.0819158452259347,0.11873598687101126,0.18575807283934404,0.17732720490694245,0.6380209498651415,0.2634272195685927,0.07919493437040323,0.061456639473666426,92.176,0.6910665866658944,0.0032527502613167955,-0.8267459325196223,0.8412374996190906,0.057707112213236364,0.10105538816767315,0,0.5416642048005481
ALB,41.0,0.8386631413780933,0.2027619496547479,0.19130543987817938,0.18700480880744572,0.08846747812910916,0.18697938432115488,0.20341438136388568,0.25192407064826877,0.6693087328599197,0.28207167897669344,0.07936047945094579,0.06496827835366717,91.273,-0.522682187955996,0.2240469190032509,-0.1915257140684197,0.05749230030155065,0.9162853771197152,0.026222322578734084,1,0.3397917241320611
ALB,42.0,0.8560965558418123,0.20283899577897851,0.15055838572872962,0.20271954776996012,0.06208529926613876,0.09484532288328144,0.25571757471674655,0.2393027796681481,0.6267253356982467,0.289182958447608,0.0800982742933251,0.06557732025617352,91.879,0.22990001490495177,0.8781043672428944,-1.0560751406591982,0.0009003754250279595,0.8961589061904648,0.10294071838450745,1,0.33861293536422654
ALB,43.0,0.8568595442867705,0.207284603723215,0.17674167139595195,0.21033151149291807,0.05313265519603471,0.1663114272540761,0.09101570898256095,0.08870791189843563,0.6849797302678239,0.25957970580267437,0.08321704572161027,0.06868563032326434,91.752,0.2628374251787137,-1.181511406036033,0.12663471290905348,0.8037177720285416,5.171734172763468e-05,0.1962305106297307,0,0.49568304096309435
ALB,44.0,0.8615570813298694,0.20245912811775413,0.18656974459727724,0.1971859534832698,0.03483387434475489,0.15860435708128087,0.1011597293989945,0.22714350442164227,0.6895276770095694,0.3079525554720815,0.08122157123528052,0.06867182187127935,92.057,0.46562516841017526,-1.054659264070203,0.21896940224380693,0.9043886969925008,0.00015057622887535568,0.09546072677862386,0,0.3164538064644848
ALB,45.0,0.8717750664842316,0.22125140904454793,0.21440984285831172,0.19766448777804438,0.06107060847087339,0.17847763337442232,0.13380416736595488,0.22335983056303238,0.6533820942718706,0.2362957230594173,0.08033756348986985,0.06628105431251835,92.146,0.9067248618909852,-0.6464368128741218,-0.5148762961400986,0.8420632773501515,0.00042837023950538945,0.1575083524103429,0,0.4391920425748552
ALB,46.0,0.8665925402381316,0.21723122288798183,0.18859472992059886,0.2100374313320372,0.0401945187993923,0.06239017840640295,0.0944324847149597,0.13486872825698382,0.6700812556475948,0.26683491394085335,0.0810088834756507,0.06814898809105037,92.116,0.6830006438503035,-1.1387842325408486,-0.17584157006795034,0.4189776285138138,1.6669080914087553e-05,0.581005702405272,2,0.680150870563468
ALB,47.0,0.8545844196616768,0.21364449363324056,0.16792142749551067,0.1945188066507029,0.10149886837930192,0.2081701447555722,0.10116974737710975,0.15638413477175,0.6703578638288086,0.2631456456142839,0.07948342413385506,0.06196617244351424,91.537,0.16462268327032045,-1.0545339881017095,-0.17022573243172887,0.7938468830528757,6.639267062821039e-05,0.20608672427649652,0,0.5094152661812126
ALB,48.0,0.872292170093356,0.1948089528905595,0.1717582010909357,0.19775648635458454,0.0874891969527912,0.17139661050536223,0.11481635546970209,0.1454204855899242,0.7010302721175954,0.2690487586719524,0.08384215885863865,0.06607158152287673,91.466,0.9290476819026396,-0.8838815844147899,0.45250084096848275,0.9297476961914983,0.0007239055080175985,0.06952839830048418,0,0.2583232564945293
ALB,49.0,0.8250820219520615,0.20873372126161413,0.1862407322738236,0.1939483505579988,0.08519884258094876,0.2214412094955593,0.1319513207680109,0.22672668092482048,0.6764767282871956,0.30149188559709716,0.0753459375357054,0.05801993591111845,91.912,-1.1089648577239588,-0.6696068726763015,-0.045997485943998544,0.9898635248344876,0.0044305749485630515,0.005705900216949406,0,0.06357334597614275
ALB,50.0,0.8606814604075589,0.19894662128529905,0.15567173663552056,0.1964830293809025,0.03156926251075749,0.16069460910103694,0.18369165267509915,0.2436587927688775,0.679845988286663,0.2912897267362053,0.07783061748666059,0.06622730895717885,91.86,0.42782553231737214,-0.022588071550436396,0.022406915647438824,0.48493062273153575,0.4503066193689749,0.06476275789948933,0,0.8874921053333173
ALB,51.0,0.8623999400030414,0.20810284075629903,0.18441093537586778,0.21667075164615596,0.05473499390087658,0.2783055865704728,0.20766620194691238,0.24138252376842845,0.645055379984369,0.2545622100486826,0.08007291909292784,0.06931155168214116,91.93,0.5020104925976057,0.2772164243935967,-0.6839294140797825,0.2699925060789148,0.6081922382261333,0.12181525569495179,1,0.9124014729314349
ALB,52.0,0.8562773330206644,0.20956484700922026,0.1775318541552561,0.21457487059251,0.04580311336885104,0.07972803146554347,0.217535934324734,0.25695302469088144,0.6648406448731147,0.29018990790568205,0.0798620259704567,0.0693310892274788,91.809,0.23770397595748405,0.40063856289086514,-0.28223907102027346,0.01916323880785938,0.9296162003955777,0.05122056079656305,1,0.2958403991437417
ALO,1.0,0.9112229044352852,0.18113039280970558,0.10901556101822724,0.18829055803547898,0.10476058762327546,0.3165614916671306,0.19014134140201738,0.3068621400242411,0.7263569186100639,0.28263658386821316,0.09486873923759795,0.08773862703184353,100.026,2.6096466185605816,0.05806602775490536,0.9666950847813877,0.0036234413625940948,0.03457468958193014,0.9618018690554763,2,0.1741552062848874
ALO,2.0,0.8348228040758408,0.23083544694501967,0.19990561847639088,0.21631519419535464,0.173288810410489,0.16020596639823728,0.18466926856054458,0.2457203620171417,0.6458347752364858,0.2938792326159662,0.08579632255258135,0.07389443110906554,94.419,-0.6884655181620812,-0.0103628724678645,-0.6681057418690641,0.7357022955160221,0.19866909541114375,0.06562860907283406,0,0.7256364505365555
ALO,3.0,0.8651191753378268,0.20341578088329526,0.19917958161946486,0.2244550219964876,0.10352598177232328,0.1001339221375886,0.18825011917489257,0.3097556061986705,0.6641258740941228,0.28774442217151724,0.08371645794798069,0.07278991659426627,93.424,0.6193970276684595,0.03441607629625902,-0.2967507048566982,0.5889193861228627,0.32130841072113275,0.08977220315600448,0,0.8930056015881618
ALO,4.0,0.8397050542701715,0.20848694776707766,0.20809176892347864,0.2191937210874394,0.14918511976436669,0.291837263639908,0.3100388360908913,0.3544874449139338,0.5769719044351924,0.32277453755732866,0.08562293785393418,0.06599564173483141,93.156,-0.47770390208197483,1.5573979881856095,-2.0661941855556964,7.915025358806087e-07,0.20906083701159633,0.7909383714858678,2,0.5127214144293564
ALO,5.0,0.8676941757991354,0.2183377276515012,0.2115476276203077,0.21621672416700502,0.06695426679775496,0.0911514646610207,0.13866024995500942,0.09238387012224022,0.6365197827468796,0.24196119122827162,0.08410467600832396,0.07446193132809172,94.157,0.7305570946520453,-0.5857109416025498,-0.8572233781396336,0.7616658199470082,0.0002710153827345885,0.23806316467025732,0,0.5512602959077675
ALO,6.0,0.8476040525373553,0.21866778857281827,0.18873090833068215,0.2024671832507747,0.05421556940242856,0.07206928232268096,0.12694830817773278,0.12169140910642004,0.6914626162283696,0.2634323457548276,0.08494080491561151,0.07253604161134478,94.636,-0.1367124383223388,-0.7321701205115145,0.2582535059932217,0.9878263672763303,0.002897604985835006,0.009276027737834643,0,0.07244725603380765
ALO,7.0,0.8081214680893252,0.21795230134683963,0.21378092797954415,0.22768521778855988,0.08919187303932741,0.10780903452024636,0.24491735825283045,0.2972551450299084,0.5623523888690442,0.28101857478407993,0.07982663509948659,0.06328646906137983,94.645,-1.841134164793647,0.7430464182345407,-2.36300690229978,0.0009555637040888105,0.004597681130851806,0.9944467551650593,2,0.0369276853324326
ALO,8.0,0.8214191289747024,0.21467477455662387,0.22204604554440863,0.21307987111055665,0.06716065629415038,0.08518988174483437,0.2041908690558565,0.3016005957442697,0.6646547642568742,0.26806778683212906,0.08104913180044465,0.059427244494459505,94.019,-1.267088102684473,0.23375698689477775,-0.2860129122564462,0.03593277018134658,0.9469863530309475,0.01708087678770576,1,0.2406147790036759
ALO,9.0,0.8317251711310161,0.2229609813855351,0.18962802301371848,0.2240985920494471,0.12275125629537215,0.11641387604421045,0.11694500503487996,0.23901334746219863,0.6959497993729131,0.24596832547077455,0.08635837544354774,0.07909338326540429,93.657,-0.82218708086125,-0.8572625767873998,0.3493545423876259,0.9949433454326195,0.001989886082035156,0.003066768485345201,0,0.035168089158443744
ALO,10.0,0.8437069688729976,0.23063528390716379,0.18352956423827735,0.2115399061122508,0.10830061998015827,0.1319499694375366,0.11114887699921176,0.22494763964113768,0.6958210141604204,0.2232419595132508,0.08141025461245642,0.07234499353452731,93.711,-0.30494544941488116,-0.9297438244829966,0.346739880593706,0.9904237075493625,0.0007961935973719776,0.008780098853265599,0,0.05678778375022318
ALO,11.0,0.8213172431473708,0.2215750883096682,0.1960826438179505,0.2045433166950497,0.08262765760203511,0.1148688099519165,0.22439475609571838,0.303278730317957,0.6256635487423937,0.3073846590343315,0.08103339248813263,0.06200625506966028,93.737,-1.2714864069026806,0.4864089179664252,-1.0776320704729263,0.02891177402691089,0.8060274753842018,0.16506075058888692,1,0.5736060804527725
ALO,12.0,0.8492103489606774,0.21438924903146717,0.2018464746958966,0.22185611247167147,0.12779529010922436,0.13676120527382538,0.17064441226705357,0.2958073521993028,0.675439258499449,0.26378080760072564,0.08544064620889416,0.07283481689970471,93.951,-0.06737030782763787,-0.18574531340914383,-0.0670607164489833,0.82050023400888,0.15147479580233067,0.028024970188789394,0,0.5483922175772793
ALO,13.0,0.8767751763720918,0.1987983573838216,0.20166523818072102,0.2193634732613722,0.0981176858729795,0.10057982114944018,0.28659355479105575,0.34211006069590916,0.6065509323903951,0.32567117435773024,0.0809901382249759,0.07445121228245977,93.565,1.1225743572255809,1.264212049101982,-1.4656659665248388,6.05825049066964e-05,0.8447562781446378,0.15518313935045544,1,0.4322341071171043
ALO,14.0,0.8364965273181756,0.21454566433435573,0.22405279635113662,0.2191648831240746,0.09177061928407054,0.09880655964787023,0.17144501903321388,0.2236884611671506,0.656035290042995,0.2769901089729657,0.08256900931713147,0.06165382478391725,93.88,-0.6162126426673052,-0.17573363372095582,-0.46100978864070963,0.8861505766655566,0.08180975830431807,0.03203966503012527,0,0.4221482273745852
ALO,15.0,0.836092556195995,0.21929208674434947,0.18997417592703011,0.2128363818394969,0.11695975664229287,0.11839580062268246,0.13790366355273576,0.15334320790688719,0.6882083734343312,0.24015717148064716,0.08039199132437029,0.06301986361711033,93.736,-0.6336516519707088,-0.5951721415775768,0.19218424123044417,0.9837481641030928,0.011197798591487194,0.0050540373054199774,0,0.09314355651549908
ALO,16.0,0.8724913316281981,0.19750024636016542,0.2207096709742497,0.2112190333026045,0.10098345952513778,0.11162305317641537,0.14670531828044775,0.15754104152310197,0.6733520853349987,0.27883103156069367,0.08060884551698765,0.06253303930779673,93.437,0.9376452763055363,-0.4851064369339651,-0.10943554990039372,0.9367914610890481,0.00497926413718334,0.05822927477376855,0,0.25313702216936645
ALO,17.0,0.8335463697087864,0.21758823635324098,0.19480479618942273,0.2235173916374557,0.14115127317212067,0.12449173915722855,0.14242861764888745,0.2519075576929036,0.6850272502981598,0.28929242583168124,0.07924439804687103,0.060980250126053265,93.188,-0.7435678499379,-0.5385870701926646,0.12759948833132712,0.9776722740903465,0.017018869055812975,0.005308856853840496,0,0.11921160513346565
ALO,18.0,0.8604476098718764,0.20949763835571264,0.19160096517989428,0.20380510114827255,0.09742365058479455,0.10729253365605791,0.19028802943006062,0.23781689776903164,0.6688541311049353,0.23495316892516438,0.08371506911064254,0.07281387919314572,93.317,0.4177304501606098,0.05990037841609724,-0.2007552662600101,0.43563652241388917,0.48906838035222655,0.07529509723388449,1,0.9065372308962644
ALO,19.0,0.8522371399637167,0.20937184902395745,0.17950396295457702,0.19777246868519288,0.11976857411124635,0.12142929049190428,0.20461389069304864,0.2461581692279415,0.6593563729926943,0.28577726125583497,0.08289708881217847,0.06875720335576462,93.185,0.063293082606156,0.23904692111935613,-0.3935835016086539,0.14051894179298724,0.7961786634217055,0.0633023947853072,1,0.6319345077333279
ALO,20.0,0.8535015349762716,0.2108822023984605,0.17657103805233984,0.1869348745648518,0.09189462940159145,0.09556284239560556,0.21893960266070897,0.30984020477585184,0.6993927262622202,0.28521861856135855,0.08176690474149251,0.0639191801358739,93.016,0.11787568808572003,0.41819159686737195,0.41925456601992145,0.001194139099562103,0.9614128516545346,0.03739300924590329,1,0.16875343026951495
ALO,21.0,0.8436104650369615,0.19356731713314454,0.19185240428961617,0.2200278315214474,0.12452837073698471,0.13573768271593312,0.13577298065668011,0.3012155067659732,0.6934895709124758,0.25019615739022466,0.07828058835223713,0.06009903380880424,93.19,-0.30911141871823966,-0.6218165762414458,0.29940575373936307,0.9843479093246942,0.009278870840606655,0.006373219834699307,0,0.09117498298226785
ALO,22.0,0.8170337820045752,0.22193761730435088,0.17193915547338542,0.21618778867611238,0.15724760049532174,0.13045540292620386,0.20697913267403031,0.3046939421717719,0.7012302413856835,0.2811528927803148,0.08195665348672496,0.06601749829716634,93.092,-1.456398928165979,0.26862454411673925,0.4565607170606825,0.0014572058248197106,0.9959042923784849,0.0026385017966955742,1,0.02927088226268011
ALO,23.0,0.8553106840431077,0.21165887587129853,0.2079517689958867,0.2389260860938514,0.1378228032558281,0.13192015785592884,0.18198937588604677,0.24671974481904152,0.6687745851888284,0.28783325334060633,0.08529497084930072,0.07839029267743369,93.026,0.1959747542701954,-0.043875238575473784,-0.20237024723244834,0.6599266186538247,0.28673615975261957,0.05333722159355562,0,0.78880966490957
ALO,24.0,0.8238607241734032,0.23670705524241797,0.22334896382158279,0.2249013863453465,0.15209081312416625,0.14034477586132343,0.15392076539224542,0.2280515646070162,0.6596881159217276,0.267943911275089,0.08165723656229706,0.06484590971365169,93.017,-1.1616870008545925,-0.39487644095624624,-0.38684829074742666,0.9637799979090549,0.020613775054256992,0.01560622703668791,0,0.1804976911468142
ALO,25.0,0.8020676004116203,0.22358335122797918,0.1772820977978468,0.2164752222363331,0.1236383906617147,0.15118698915617593,0.1355739061218731,0.2244013134758226,0.7038876628336364,0.2289581349449506,0.07994173631239125,0.06284131130986673,93.078,-2.1024732778054704,-0.6243060261946627,0.5105130163644482,0.9354661666190047,0.06410683648281305,0.0004269968981819585,0,0.2418327586518261
ALO,26.0,0.8247396228477578,0.2002537224383818,0.22312175744208787,0.23579870732827066,0.13001241309715653,0.13188038873378286,0.23476369933960578,0.3563917914875236,0.6374469000120108,0.34788597491065626,0.08447877281071285,0.06430722164470931,93.152,-1.1237458676466416,0.6160737457578191,-0.8384005797398623,0.002983207409113113,0.931855518620007,0.06516127397087987,1,0.26106292390995717
ALO,27.0,0.8112942118382306,0.21777655008634436,0.20668512341763318,0.24473566266456517,0.1473366523367841,0.13897256514435585,0.23174939983006,0.2929458544817487,0.6640296604263761,0.3160779550469676,0.08265399316688209,0.0653142058210711,92.914,-1.7041701475247566,0.5783795837179847,-0.29870408285904027,0.000311233014660832,0.9864378641366612,0.013250902848677698,1,0.07327573904844675
ALO,28.0,0.8472195163242788,0.22663911155844893,0.17812917960258043,0.22573393061188718,0.15792391989305812,0.16458571908955247,0.17493354401184502,0.23168553377050904,0.6770183047455669,0.24656600618346208,0.08197275421032388,0.0659330715483787,92.744,-0.1533124630001858,-0.13210922764979313,-0.03500212982522066,0.705157597770958,0.26562857503401704,0.029213827195025112,0,0.7016834405108379
ALO,29.0,0.8130484411919253,0.23013959230296085,0.16972004049108472,0.20385990047538302,0.1111770976835959,0.11572091517919358,0.2422434814381839,0.2899892326009034,0.6295990299042594,0.29093978575177276,0.08102492594103516,0.06574752709135023,92.727,-1.6284419077083734,0.709609281146252,-0.9977319636558932,0.0009339863707937946,0.8908363625964522,0.10822965103275424,1,0.350139959397796
ALO,30.0,0.8506317253866256,0.2301965290016511,0.1800024381614463,0.22824735709945979,0.11387918837741245,0.13606510104606592,0.15541025086750254,0.24112229770143329,0.6754207453953256,0.30924349102347365,0.08608546693912955,0.07829827604139213,92.686,-0.006010979512413751,-0.376250253783233,-0.0674365787479331,0.9546530974474476,0.026181810402525686,0.019165092150026708,0,0.21546657141448977
ALO,31.0,0.8193502581942635,0.24455743028242946,0.22072752229503992,0.22220117429438413,0.17152413604259345,0.14711504538730155,0.1535876315450461,0.23090417588008924,0.6750581271970272,0.2765093750407181,0.0823403122808942,0.06460266242476949,92.916,-1.3563990826200207,-0.3990423180290183,-0.07479863476756042,0.9371232598716668,0.0566489094875337,0.00622783064079959,0,0.2551190319780459
ALO,39.0,0.8581107597967151,0.20099682534603117,0.20327579540086643,0.19966681355135638,0.13692047935681453,0.2673085264198068,0.18606088854772576,0.23777817799351172,0.6854645432798077,0.2847545104188968,0.08333522782432143,0.07590676880664558,92.32,0.3168510853648816,0.007039495521301929,0.13647762914992992,0.3168468546256749,0.6276199831425481,0.05553316223177686,1,0.8170558033745843
ALO,40.0,0.8286476085849265,0.21328413829164208,0.21506009344115645,0.21908903173526625,0.10658442067762855,0.10423113388670716,0.15024953226240192,0.2079423150441799,0.7046366037501022,0.26065225627578154,0.08037526667250175,0.062134142658448833,91.691,-0.9550422255145574,-0.4407856334714856,0.525718389421525,0.8633213944737647,0.13374695464611955,0.002931650880116004,0,0.4130516518880529
ALO,41.0,0.8535740445257651,0.21192985081622187,0.1873308320281489,0.22539643092355963,0.06321809180875934,0.28569287769228835,0.21872470515272008,0.23811906220218443,0.685177578590694,0.29798513970657187,0.08401958257699267,0.07163303394378247,91.652,0.12100584922540289,0.4155042788147241,0.1306515285106799,0.003417944644478325,0.9615697218842268,0.035012333471294795,1,0.1744549897340881
ALO,42.0,0.8589333046790029,0.21367113545027228,0.1716813194097695,0.19444971102098738,0.08583874142730014,0.10130086812675208,0.19299805916206084,0.22838585191531446,0.6770455931004656,0.2356405402149366,0.07855775354798401,0.06544409041116134,91.829,0.3523594845228533,0.09378961189382086,-0.0344481079962262,0.2387369025758808,0.6977489440931058,0.06351415333101355,1,0.768158392217378
ALO,43.0,0.8216945883924108,0.22878605890338258,0.18848922491274597,0.22158953682543012,0.08399282313114226,0.10321715829546642,0.1035645630398725,0.22102755685554287,0.7211941905347914,0.26445672107571805,0.08236285719743675,0.07413617422227432,91.747,-1.2551968087667351,-1.0245865428124006,0.8618787973401811,0.9974487032902453,0.0021487768052050106,0.00040251990454965463,0,0.01889447343110034
ALO,44.0,0.8697024436033924,0.21436061918527802,0.1884252520182975,0.22778985024957962,0.06139264678024245,0.06705102017198539,0.13910953705174064,0.2235175476303726,0.699725297795184,0.2513238154877902,0.08257517403684124,0.0701470725603566,92.131,0.8172519077196646,-0.5800925547856586,0.42600659961256054,0.952686618631532,0.009077136028270445,0.038236245340197705,0,0.21365869408867427
ALO,45.0,0.8437431112712659,0.22654891325600174,0.19466270001052297,0.22807723181029557,0.08080233543896631,0.09221148230586142,0.14579510463137274,0.23212809688520283,0.7044523037654823,0.27660656376308934,0.07744415350404418,0.0605247541314687,92.036,-0.3033852200196552,-0.49648876329883,0.5219766389590415,0.9435163689627417,0.050141003026506585,0.006342628010751664,0,0.23702196631486816
ALO,46.0,0.8242294588908812,0.22733013927056883,0.16441632351070024,0.1980064503088171,0.09195996190455674,0.10447421187328981,0.24430573468963981,0.30818584131004456,0.6438125158720149,0.30961091861375845,0.07761706673055507,0.07445472107819592,92.891,-1.1457691101551877,0.7353979952343449,-0.7091626628876793,0.00036792276317682975,0.9506601909917014,0.048971886245122005,1,0.19873560304695229
ALO,47.0,0.8556237385697729,0.21990692150819474,0.15039532517328005,0.19369824420887785,0.1040429428188577,0.11296903443087464,0.11065092232132939,0.18178586206449238,0.7000296487966654,0.2563538192860009,0.07856792339927696,0.065050057603192,91.828,0.2094889895786939,-0.9359708049994152,0.43218568586098943,0.9801764690170285,0.0006839398328327225,0.01913959115013888,0,0.1003261920145983
ALO,48.0,0.8497142829741586,0.22380660296170735,0.15650285637071312,0.18807826081011247,0.11630051169577754,0.3059007671394611,0.20008181268613007,0.22974380228208788,0.703539399267767,0.27265128531744637,0.08149452872077258,0.06499505506423958,91.338,-0.04561600543601237,0.18237276441098696,0.5034423952716385,0.014747595304614346,0.9613549704087537,0.023897434286631745,1,0.18930696263647068
ALO,49.0,0.8418501238062805,0.22334704088194396,0.18193093761412166,0.22546104768872743,0.12217268180153346,0.1246792725658215,0.1986166432263528,0.23913232179978827,0.7505609347624352,0.25048491191334393,0.08682590348555604,0.08151981405311118,92.075,-0.3851035018485904,0.16405065180812128,1.45809712596378,0.0006533210133888027,0.9755164380383377,0.023830240948273154,1,0.11802129624299315
ALO,50.0,0.8783045895675066,0.22006102461182203,0.17233310721463377,0.2036422270108184,0.07877267334315323,0.08885193725708607,0.1795695971596262,0.23279924468774663,0.6920714744970263,0.29169555899049787,0.07859016314858543,0.06989217683937744,91.999,1.1885975194744471,-0.07413484984681207,0.27061485107435174,0.48846114643724586,0.3340235600267496,0.17751529353600431,0,1.0231220095770883
ALO,51.0,0.8566779833567336,0.21629624514439272,0.1506442544779944,0.18695395992708072,0.11887521566156647,0.12177668105066279,0.11189191968054736,0.23527925908731806,0.7303030660015613,0.25282016863738516,0.07429754399335453,0.06737449918816081,91.93,0.25499963041022605,-0.920451990295956,1.0468117427269488,0.9889191654207666,0.002764404539556323,0.008316430039676853,0,0.06713585408973438
ALO,52.0,0.8466702839472962,0.2044996770387799,0.16724980487825794,0.21867703437825237,0.09999297293784995,0.10729042053921921,0.2030164548164809,0.2210376224351558,0.6813693586820467,0.27258727363011137,0.07513088750763923,0.06360220086888954,91.711,-0.17702224819530016,0.21907080176263607,0.053335143304197426,0.036753060157171405,0.9369986062668669,0.026248333575961704,1,0.2779366843003223
BOT,1.0,0.7465982383120168,0.23714901485964762,0.40000056670844847,0.31172109009117155,0.19993429408891136,0.2903735345803167,0.4507019475162076,0.38361646649474607,0.4455155760061623,0.36112276422105954,0.1173200368807267,0.07667751296061245,104.975,-3.0,3.0,-3.0,2.0874257135813158e-26,1.0415573743328397e-10,0.9999999998958451,2,4.155068658080879e-08
BOT,2.0,0.8665566008852941,0.21829768698915972,0.33030606492303227,0.24376832557629,0.1226283028366604,0.22099447958568685,0.17308018583432286,0.23796246266039284,0.6474387144900308,0.27755822311774864,0.08748900244925711,0.06388888886358766,96.741,0.6814491797131921,-0.1552856848134343,-0.6355417649586729,0.9037894536598636,0.02456045973410953,0.07165008660602686,0,0.37132935936549183
BOT,3.0,0.8322827061350492,0.1947237420702655,0.2585928611188035,0.2081932019722871,0.11294845163212247,0.21248386765292598,0.2177151309279135,0.24370236701149617,0.6731552862755653,0.2735693994114792,0.09205508825213396,0.06885929588313167,94.865,-0.7981188799714852,0.40287943702292967,-0.11343106283095586,0.0040533235007170175,0.9807853571707049,0.015161319328578001,1,0.10486632375123567
BOT,4.0,0.838502343581673,0.21505841746012427,0.29334841229265624,0.23254170914115815,0.11365219469758595,0.2439312649955383,0.2198735247944605,0.27305468717431136,0.6498142996319768,0.2719244111577841,0.09342339359886244,0.06610515714351238,94.611,-0.529623660040941,0.42987040055981696,-0.587311447295442,0.020764028077092603,0.9318537409510189,0.04738223097188846,1,0.2907130928569419
BOT,5.0,0.8451521848557894,0.20771132310956797,0.2951015932129575,0.24209045027604062,0.09377448004947384,0.22348902521109826,0.16807414380370866,0.24866916330508407,0.6998664138738288,0.31710182878427046,0.09089691938091875,0.061660029763144907,94.804,-0.24255699245466783,-0.21788681614846453,0.4288716088181875,0.5946995222648415,0.3885383900796202,0.016762087655538358,0,0.7449087529700931
BOT,6.0,0.83444951258918,0.21846284014581518,0.3033787144357878,0.24248765692927318,0.12542928795332584,0.26381387543508644,0.22475632795885198,0.29495633180290104,0.6735017293169482,0.25289397439445543,0.08603439802107665,0.06349337141725012,94.791,-0.7045801198039483,0.49093041569909623,-0.10639740293677752,0.0014164617019641714,0.9814618245989908,0.01712171369904488,1,0.09729767640268967
BOT,7.0,0.8129028452701318,0.22220116666949635,0.26769981919123353,0.25589721085868633,0.07660750977717155,0.08091372163530414,0.21981784214886813,0.29067169791935404,0.6676952682186459,0.2941147417792344,0.08923732881538964,0.06171670803382007,94.879,-1.6347271308228113,0.42917408267265306,-0.22428308016445359,0.0017889916266784973,0.9883828928122659,0.009828115561055586,1,0.06829725479620696
BOT,8.0,0.8485388946377197,0.21915049042481274,0.2695401902838884,0.25619577586831166,0.07544525242838193,0.09491719361888026,0.16387214131703376,0.12828778555096104,0.6530926886380588,0.2501433320122333,0.09059668567559505,0.07208719838208837,94.476,-0.09635628613634116,-0.27043334051437873,-0.5207519540594081,0.942656626478699,0.01987271199846472,0.037470661522836096,0,0.2565973055048691
BOT,9.0,0.7924972543574228,0.20241747883898648,0.25585540235205784,0.2304281615761071,0.13745965253017653,0.26905195192108333,0.21762939779241747,0.31061252376581466,0.6754905060944328,0.31652698754960656,0.08132132810069664,0.06112676681981482,94.386,-2.5156150711471423,0.40180733430342996,-0.06602026214494434,0.000485344790744884,0.9961570173861121,0.003357637823142674,1,0.026665928487314104
BOT,10.0,0.8329667422796215,0.20264723506567264,0.25640992646235217,0.23371957690182063,0.07380796938291867,0.07925980176814926,0.1689501296734911,0.2307565940642903,0.7052295054130915,0.2819850030850626,0.08330972144885038,0.06344104878593425,94.306,-0.7685897576305855,-0.20693251210017172,0.5377557755139499,0.3858921756135007,0.607173694507031,0.006934129879468788,1,0.7048605919430738
BOT,11.0,0.8649779913763755,0.2001493282874653,0.22200939470556091,0.20444093475149994,0.1695372143758985,0.28560833283292425,0.2533793669096395,0.2558273295159611,0.650576265913394,0.2867512978520506,0.08474552712420128,0.05928939091593719,94.354,0.6133022642508437,0.8488648096989996,-0.5718416267646911,0.0002612633755594815,0.9154741369636158,0.08426459966082474,1,0.291457050391949
BOT,12.0,0.8283385812789755,0.2101456593137116,0.22597270156115876,0.21975952109877678,0.0961878503827672,0.10423407128940546,0.16286140019604084,0.25571905760911917,0.671006571981434,0.30596315377903005,0.08416380571756876,0.06222725080663075,94.541,-0.9683826099321223,-0.28307277447718754,-0.15705533507597624,0.8922433491674796,0.09544374391473254,0.01231290691778793,0,0.38008970770091494
BOT,13.0,0.8244188221172389,0.2016292421445698,0.2811218189596562,0.2601028720915042,0.07601022129868744,0.12611718873822234,0.12863475916299982,0.2310532621637524,0.7328243938164818,0.2987332393416542,0.08263593701242125,0.05791152938602577,94.618,-1.1375944984444546,-0.7110808569829301,1.0980010010278074,0.9476867082421079,0.05182037911277669,0.0004929126451155408,0,0.20806092433349033
BOT,14.0,0.8480264045983462,0.21544391562619303,0.26179943336472583,0.25243577982279214,0.12065154058247737,0.16162650045647142,0.23659941625121464,0.2373840293679327,0.648767427894779,0.28040662671975747,0.08834751932864321,0.0730275768650821,94.604,-0.11847994318462941,0.639029596862302,-0.6085655608804197,0.0024825907563249534,0.9453791182254968,0.05213829101817829,1,0.22200192312303113
BOT,15.0,0.8519889317799401,0.21786231286979477,0.26187114280689744,0.24559584696988415,0.10684352233484877,0.1774122134588378,0.1439976652267379,0.11773721889599786,0.658619877028066,0.2525961596165345,0.08680646246487524,0.07521979005683674,94.627,0.05257819585212849,-0.5189659497763272,-0.40853621102937937,0.9605908174199242,0.002754040807082471,0.03665514177299311,0,0.176045727007394
BOT,16.0,0.8324704884172178,0.2325476192184447,0.23844109850666317,0.2369816586561673,0.13862895596999544,0.15720797459491856,0.21541096107523955,0.3015597999378847,0.6623268140231128,0.25509094804150906,0.08024425983990804,0.058914632873604135,94.367,-0.7900125159619079,0.3740655280139072,-0.3332761221898652,0.012853140164727352,0.9634173815501859,0.02372947828508679,1,0.18064274341889275
BOT,17.0,0.8559665293752706,0.2234803635670962,0.2469294766144093,0.24500947180700872,0.12747544423194335,0.1324797454205523,0.18628284585489405,0.24193795710630517,0.6905799452023129,0.23952325690862833,0.0879545768775119,0.0725908712081628,93.867,0.22428690883076152,0.009815097174631783,0.24033307736822665,0.2366307056750459,0.7170525794255703,0.046316714899383986,1,0.7218377880683465
BOT,18.0,0.8233796170933174,0.2180069001533586,0.2697854267028916,0.24292908959282108,0.10198081904730087,0.14457918110150098,0.20169743263759635,0.27619824183288005,0.6711534455987694,0.23709369533674823,0.08651734459463206,0.07399018053293462,93.749,-1.1824558884925507,0.20257627771565387,-0.15407343344030855,0.03574364970347226,0.9511964974784484,0.013059852818079285,1,0.22332494178339357
BOT,19.0,0.8430014546750999,0.20602267018259704,0.2629216771163132,0.23726649369405092,0.07924870673956035,0.12006513843891461,0.2860878784238955,0.33059497411969646,0.6446584523471969,0.32543694486066954,0.08006355512938015,0.06506787103614237,93.73,-0.3354017567727129,1.2578885079730762,-0.691988037486749,4.0001081588392773e-07,0.7637771610733781,0.23622243891580597,1,0.5466925369765472
BOT,20.0,0.8471718707143839,0.19985534256105741,0.26583026980929614,0.24661136088758917,0.09170777508118665,0.11583738139205306,0.20002897004515355,0.2992473111109,0.685195401948871,0.2837091890603628,0.0850021063547306,0.07146464508967815,93.671,-0.15536927396661918,0.1817119611081719,0.13101338724246117,0.044524549600502776,0.9298991792463166,0.02557627115318066,1,0.2998968512081356
BOT,21.0,0.8511058484990844,0.1947181919683017,0.21609854292147274,0.21501705382224157,0.06266668609133765,0.09468777514636204,0.28035383308186407,0.33550277431534675,0.6390745414463855,0.3197858482058371,0.0843609084569426,0.06339715176550585,93.607,0.014456417574035428,1.1861836115015043,-0.8053553892999922,3.12283718665064e-06,0.8302584178149168,0.1697384593478966,1,0.45551339396883794
BOT,22.0,0.8503829217979947,0.22420742508102767,0.27464786717692674,0.2522127524164014,0.12723275930532504,0.13325913104875894,0.1427362646720911,0.2671675598169492,0.7250288911651548,0.24822844622709567,0.08773913353917777,0.07897841784926331,93.468,-0.01675156926901135,-0.5347399087851843,0.9397328074028608,0.9121351393062571,0.07858939629869384,0.009275464395048864,0,0.3271927478024773
BOT,23.0,0.8476797508528877,0.22267555904592856,0.2648674879668772,0.25322475401633293,0.07496648928241291,0.09829252924999081,0.2508694190813165,0.3159062272511274,0.6273450467527554,0.313214375470664,0.09020537246470745,0.0742153473955555,93.787,-0.13344462149994687,0.8174776234380711,-1.0434934568918532,0.001344996816119422,0.8972889551982722,0.10136604798560807,1,0.33816666234850773
BOT,24.0,0.8431079698748157,0.21067033830555176,0.27779443168642376,0.22159622494902065,0.11589701748332809,0.21875144720954784,0.19152828701917188,0.3256781685905928,0.6688658942466779,0.3212193657217117,0.08620132821679452,0.062313844958888046,93.464,-0.3308036074080467,0.0754099422092913,-0.20051644507320282,0.28367456759556475,0.6785369958603197,0.03778843654411535,1,0.74434265535316
BOT,25.0,0.8635777245525484,0.20496134506338606,0.26787828446542683,0.25613666931492524,0.05713907301917358,0.07879501705081735,0.14590548324281283,0.1317828137791402,0.6968008096515873,0.22408742784763505,0.08105668539280697,0.060811369250974315,93.292,0.5528542153008221,-0.49510846606818704,0.36663217868463843,0.954008949306918,0.019559890085686836,0.0264311606073949,0,0.21790083760095852
BOT,26.0,0.822867087356064,0.22626473371432665,0.25842474902832285,0.2365900357570827,0.09043227118546592,0.12382294453691244,0.2106414859574383,0.3017252137924178,0.7110115141491308,0.2770774654483881,0.08171654961575961,0.06577277748213141,93.47,-1.2045812592566476,0.3144226931310363,0.6551450086534991,0.0005354000113830582,0.9958740123785731,0.003590587610043777,1,0.028363358062703067
BOT,27.0,0.8372748925475652,0.2092894683549058,0.22354921506842204,0.2202630567176004,0.08578160042083893,0.11772326196340459,0.23655648864116896,0.29063075361195745,0.6838671796083583,0.27746648783128897,0.08965038925706573,0.0709486703348809,93.588,-0.5826114327503696,0.6384927821615994,0.10404715299591726,0.00010216682674211616,0.9774750192625571,0.02242281391070071,1,0.10836275827782785
BOT,28.0,0.8186462166730604,0.217390765700852,0.2500141597222256,0.23156172373418318,0.12971995415492155,0.14949870219514422,0.22392745507391285,0.23228045794904087,0.6739873736386421,0.2533735099974454,0.08933172400672788,0.07510173455264424,93.5,-1.3867918160707935,0.480565264944708,-0.09653760903039856,0.0007522812860522154,0.9899940796219405,0.009253639092006966,1,0.05869877248440107
BOT,29.0,0.8566803957826152,0.20026060874704316,0.24798940199674005,0.2218348556780742,0.08739829498959104,0.12520931970724689,0.25638187877571644,0.3066367557746539,0.6559321217512215,0.2921638989664805,0.08697048200239749,0.07117101958486713,93.351,0.2551037723032558,0.8864115659015652,-0.4631043628982889,7.245379100706579e-05,0.9222775091194724,0.07765003708952034,1,0.27374935525952676
BOT,30.0,0.8462872394302283,0.22895510273020972,0.262470425342333,0.26000042139299356,0.17042947016264293,0.16925911797923793,0.287916560903239,0.31681315900002377,0.6393618885859573,0.2707571197573014,0.08775261751609724,0.07211295514360636,93.367,-0.19355787792226187,1.2807563926930547,-0.7995215239602657,5.369313649707156e-07,0.7525808701726494,0.24741859289598553,1,0.5594895044650029
BOT,31.0,0.8401458498854111,0.20031840877180376,0.23270647739187342,0.23659652053243016,0.14259907716753417,0.11662306294093533,0.27026965618821347,0.32954615475823884,0.6606772077975593,0.32009229509003706,0.082915094251714,0.06488296829539708,93.44,-0.45867521806721545,1.0600798196706465,-0.3667672528055883,1.8348908575034545e-06,0.8901050677636007,0.10989309734554151,1,0.3463176302477559
BOT,39.0,0.8429372622961719,0.23025178535579097,0.2833609234844914,0.21087543378760176,0.15705097275023464,0.21497331122102753,0.1606377086984528,0.15936543897133737,0.671409224087573,0.23306317732282655,0.08970512085637736,0.07765750397018363,92.618,-0.3381728743894615,-0.31088029240008813,-0.14888049063704192,0.9347044407504675,0.04773385923611769,0.017561700013414765,0,0.2793126889683194
BOT,40.0,0.8448818084697696,0.20585136697309467,0.3132955259037525,0.25805077867470266,0.0983181763716643,0.23435861092647736,0.20338724020146823,0.3021869377972154,0.6636784877835049,0.31204177039189823,0.09175483478487498,0.07057286313570882,93.056,-0.2542288572299716,0.22370751564573024,-0.30583376548807045,0.10179692417914318,0.8558591843481712,0.042343891472685385,1,0.499685560957854
BOT,41.0,0.8728019094040755,0.20951018666040838,0.25267794046412084,0.2597300149348595,0.03835412141927883,0.06739256180560077,0.22606608756888333,0.2649593071846845,0.7009116136840841,0.2616487631675959,0.08807482110557392,0.07444004632868476,92.229,0.9510525928823259,0.5073091102572862,0.4500917781061916,0.0006173269791721638,0.8339866395236066,0.1653960334972212,1,0.4535779820801773
BOT,42.0,0.8440075374110445,0.2143930286475101,0.25327361291554784,0.2603360194485247,0.07028619945919629,0.09961781550773909,0.15359217987786566,0.21481009313433702,0.697520948321515,0.29820317339286895,0.08262385707923507,0.06290723983977521,91.902,-0.2919702211287175,-0.39898544060400826,0.38125279412750895,0.9061046077198717,0.0846694611294142,0.00922593115071411,0,0.34162159713853874
BOT,43.0,0.8413282116243104,0.21973920016893525,0.23961615183635082,0.2322299434388995,0.09157706873829691,0.10458760510842921,0.11284908603528654,0.13349054387968426,0.7140019607272662,0.2697651112726029,0.08429006324394371,0.07428404588590129,92.047,-0.4076339029025263,-0.9084825149467554,0.7158585507074969,0.9949286478197268,0.0022735698979771154,0.0027977822822960164,0,0.03534429730021833
BOT,44.0,0.8687212201600483,0.20240856700827414,0.2180626895947655,0.23076947388804267,0.04283996458847362,0.0709348460701348,0.15945659877635018,0.13517410364434027,0.6966552884984656,0.2329237446033557,0.08215824919225202,0.06821354255681189,92.563,0.774893521642883,-0.325650207814798,0.3636777354538516,0.8674520606508376,0.07721010647073662,0.05533783287842589,0,0.4812640253241699
BOT,45.0,0.845700413904493,0.20894077244986028,0.2805814772559286,0.24230426294812957,0.07292215403989578,0.10446883910498152,0.17150652135712194,0.29892197904177825,0.7058823051150175,0.31418978455936325,0.08626527229677264,0.062277216841690075,93.177,-0.21889051988818312,-0.17496454008713638,0.5510092415499269,0.4012852205166554,0.5808313669918456,0.017883412491499058,1,0.7539300485150956
BOT,46.0,0.8287727668992666,0.23161560507836848,0.27274855731884123,0.2703509920908435,0.06834709253669922,0.11654588963453749,0.21436078757764035,0.2972401007907953,0.6927049461133821,0.3084470818468925,0.0817315766386819,0.06342836116700777,92.284,-0.9496392724608984,0.36093298764654047,0.2834759086504442,0.001422889748051325,0.991189782743322,0.007387327508626722,1,0.05435535219365489
BOT,47.0,0.825795835475135,0.2181024729570446,0.20494705891804368,0.2036815319241191,0.09258789090995645,0.14067037868537785,0.20327491930692454,0.3046611408039817,0.7148895846397433,0.3136953261925288,0.0778471340518103,0.06291113861693279,92.079,-1.0781502772099352,0.22230292994149578,0.7338795353097078,0.0015534126434027587,0.9948895454137886,0.0035570419428086336,1,0.035201301721607556
BOT,48.0,0.8587737862804466,0.21116456041013398,0.20561186261504794,0.18716670225698437,0.084658587954862,0.14053922082231338,0.14266636875995783,0.22341404674232096,0.7034379562023797,0.29314396469973636,0.0833388695382371,0.07295097524953377,91.974,0.3454732427007407,-0.5356139652051021,0.5013828474229965,0.9613107310164691,0.02163645942377785,0.017052809559753038,0,0.19030116454500018
BOT,49.0,0.8410031743007692,0.19981044255795202,0.16628086053511978,0.1956433375756723,0.06569171165364202,0.10424703839786381,0.21358876311842337,0.23157684768152773,0.7058508391571288,0.2736208950763858,0.08124343984774722,0.06930878940188376,92.167,-0.421665422974037,0.35127873299391454,0.5503704039356675,0.001086833385705939,0.9843693412957524,0.014543825318541903,1,0.08445388253954914
BOT,50.0,0.8654248279240627,0.21782894001942496,0.15832377513797152,0.22472650788773002,0.07309247268023722,0.07272366162676086,0.21403992682562056,0.2273936004946057,0.6859824354859229,0.24339738890849322,0.08193240700534632,0.07372273711143458,92.163,0.6325917289783094,0.3569205870405106,0.14699213573409975,0.009942406195014963,0.9201078767907719,0.06994971701421314,1,0.3085208442409866
BOT,51.0,0.8451949543506233,0.20053724720945237,0.19595129957908425,0.19304985398665164,0.0944531493752714,0.13764553066966437,0.2282701230979625,0.3001440452436923,0.690280272888193,0.32324523114920684,0.08193512543703237,0.07348668330793576,92.133,-0.24071067825704637,0.5348708280333611,0.23424898017058338,0.00035975823373956715,0.9737431318086847,0.025897109957575788,1,0.123380310251934
BOT,52.0,0.8572590311594145,0.19817232083386488,0.2383299335184059,0.2481789874486225,0.08224989048342823,0.09428816365012135,0.24644668696023547,0.30390012130929495,0.6641579722559257,0.30177365072550605,0.07604536867555235,0.06263255833877412,91.852,0.28008285413665807,0.762170849607912,-0.29609903192238773,0.0002090515076125338,0.937416627007963,0.06237432148442442,1,0.2354180232237904
DEV,1.0,0.8068856573470828,0.24353387544589317,0.32400593278013046,0.2582654741742521,0.22575009753938607,0.21316791960034462,0.3461582766689863,0.35365628738460264,0.5386394760425705,0.29153470195462944,0.1063004848261635,0.07954662270736147,104.444,-1.8944828173282091,2.009075746692109,-2.844438318142216,6.236523117600529e-12,0.00016867098080530595,0.9998313290129578,2,0.0016340168517268371
DEV,2.0,0.862457881384627,0.17878441546312376,0.2736335176657803,0.21014495714793005,0.06938857772728158,0.17950578708025933,0.1644259226646074,0.2561800187697929,0.6733409475884632,0.26454172567288375,0.07977638027256707,0.06513609075825964,96.208,0.5045117612206402,-0.26350824107287557,-0.10966167400092561,0.9125436720096614,0.0467550827414006,0.040701245248937874,0,0.35702326583919
DEV,3.0,0.8718061106080035,0.20668173326382283,0.2224264238424924,0.20741105277061064,0.12328748365264057,0.24330349296531342,0.1713078540848986,0.2443254488040052,0.6828218530734284,0.2927541669809607,0.0806421532952454,0.05691415212020229,94.746,0.9080650041277649,-0.17744889717490533,0.0828244108801892,0.7888738906513553,0.12816951132342153,0.08295659802522326,0,0.6569074323172599
DEV,4.0,0.8426816785654,0.21563803916381347,0.22695125058814322,0.19114376724401222,0.1480381917016975,0.23633304685388687,0.13113386105120897,0.23824635997069912,0.6903128896240456,0.28987724410985266,0.08325741581403974,0.06014879519689322,94.199,-0.3492061557652969,-0.6798293004505115,0.2349111814546075,0.9883684652299969,0.004889505230217177,0.006742029539785913,0,0.07128510381941894
DEV,5.0,0.8670971168067694,0.18914115201379866,0.2180426148734506,0.2102887168116598,0.06788435836844486,0.2302381314185169,0.16566245384748385,0.29315765373119573,0.688718287133504,0.3039536107223259,0.08086838355765932,0.0617891918684809,94.761,0.7047826846735578,-0.24804527641821975,0.2025367641763462,0.8365575052304134,0.10709813019854096,0.05634436457104589,0,0.5506121112162723
DEV,6.0,0.8297104085240877,0.1737116154259778,0.24293082445272351,0.19144524069747448,0.17886676630862938,0.3126756237785973,0.23119114765913829,0.30107930255585225,0.6845134550119668,0.3188112670182858,0.08250052346444783,0.06598139248498337,94.907,-0.909162267742715,0.571398576116327,0.11716815946442773,0.0001703914369990167,0.986603387313296,0.013226221249704727,1,0.07199576510755662
DEV,7.0,0.8591276901918566,0.19215185531786624,0.2479426083467472,0.19453973016559944,0.08481893765993337,0.2257449147338211,0.17158603716447193,0.17426888341662572,0.6676621383364104,0.24589389573087658,0.08412950383997043,0.06065379067969893,95.054,0.3607509030698167,-0.1739701857711545,-0.22495569960298623,0.8714328980026879,0.08366588317746859,0.04490121881984343,0,0.46683368512386636
DEV,8.0,0.8452133433735086,0.2022366627598221,0.2277318007809532,0.21499578137953992,0.09964384294486042,0.19204860390246803,0.21471436027742444,0.3022250136271841,0.6840436932321627,0.31480195659221805,0.0775366666446065,0.061619047299784596,93.896,-0.23991684344171002,0.3653544549215464,0.10763082086690014,0.005034851560122359,0.9733194699163605,0.021645678523517373,1,0.13592945672444828
DEV,9.0,0.8152957618882027,0.19253572833640534,0.186471405965645,0.1838924433431273,0.20785828880872362,0.3434760048013526,0.16715117955117026,0.23848754692356344,0.6777496767429633,0.2933317545636908,0.07682701328508615,0.061330719778096884,93.774,-1.5314274322217016,-0.22942859027607923,-0.02015344974990978,0.6784256463349602,0.31405707239914754,0.0075172812658922845,0,0.6637142859905285
DEV,10.0,0.8770097286207298,0.19830063189472089,0.27955667469118534,0.21954039222666105,0.08953540498181428,0.2280595583396583,0.10616589661912204,0.22904394839580935,0.7196658910424912,0.21906844977341178,0.08187680644492222,0.06990095647217064,93.985,1.1326997315940577,-0.9920565672259103,0.8308504966926156,0.8947015986865621,0.0006048782136326631,0.10469352309980562,0,0.34029519687674203
DEV,11.0,0.8303259862562684,0.2132250189685658,0.24358157872528963,0.20962555782589087,0.21638879097585573,0.31553032527397706,0.12053698684942975,0.14284445372967372,0.7208671131007843,0.25445394434836355,0.08147857247011234,0.05977977684774202,93.758,-0.8825884232052144,-0.8123444310845594,0.8552383076923495,0.9893468828510551,0.009801161946829496,0.0008519552021155704,0,0.06195063633370603
DEV,12.0,0.8415682941823214,0.21505907642237862,0.2153546679246932,0.17872594147621812,0.10435377475259447,0.21512436124862078,0.26379748190246816,0.2722728282613744,0.6451422485712033,0.2861377327828365,0.08484581990103385,0.0626552071304121,94.165,-0.3972697908834821,0.9791445358661199,-0.6821657645839195,2.5286680140340405e-05,0.9161047651973101,0.0838699481225493,1,0.28841158467995276
DEV,13.0,0.8357051808892821,0.19050348595319183,0.2639855874196898,0.20770372664911374,0.1210026072465536,0.2548789785948865,0.23968312667096373,0.24556364092519156,0.6785969237493915,0.2478194214178879,0.08363823255350664,0.062075127259366966,94.232,-0.6503742373406948,0.67759175031714,-0.0029522172881755317,8.397450391340008e-05,0.9760808098512881,0.02383521564479831,1,0.11348137400370333
DEV,14.0,0.8127697092349278,0.20386812237402227,0.24493103345966089,0.1930634358954683,0.09499236785856144,0.2103758112080968,0.26203616706193206,0.2919669485381593,0.6673012622465074,0.2850007296611575,0.08624820141144506,0.05951665583794821,94.879,-1.640474473712097,0.9571190912173442,-0.23228238646668148,1.187345816604331e-06,0.9548900260033901,0.045108786650793126,1,0.18387068016741714
DEV,15.0,0.8551127177041408,0.2095642241334633,0.24620628851697562,0.19336551139422095,0.23203574324559223,0.3229143564600097,0.21450904799314652,0.22570293564239619,0.700485378689159,0.23722331881994527,0.08728641666075947,0.07291446211328793,94.17,0.18742875521865396,0.3627870011937957,0.4414381420645138,0.002387153222198555,0.9583899432618818,0.03922290351591946,1,0.18216805397847502
DEV,16.0,0.8343389756634135,0.21715037183296684,0.23817801653194298,0.20613402186257093,0.1979911710241292,0.29551719129360315,0.17747273813997982,0.13613967050871553,0.6627680340833105,0.24723745829325855,0.0828337479740464,0.062231397254538544,94.148,-0.7093518828606875,-0.10035631304611732,-0.32431825185847585,0.7291502862453881,0.24127173578966285,0.029577977964949254,0,0.677504321622808
DEV,17.0,0.838236102703212,0.2229183314274795,0.19675150523889096,0.17622279274791827,0.14178828802869314,0.26364126824667716,0.18767878551159486,0.24590095186403083,0.6693979628844374,0.2955789438524215,0.08013600774103331,0.06258304906893061,93.637,-0.5411169992958965,0.027271483127944137,-0.1897141214836704,0.35351214819590376,0.6154904166134446,0.030997435190651748,1,0.7739952261563419
DEV,18.0,0.852684124715196,0.21215363390126185,0.2523290696262598,0.2049780385658455,0.13121691806296495,0.24496189716890104,0.18567495644944126,0.24182581732851724,0.667210987870834,0.28548392697063046,0.08239971324078163,0.0627608052161566,93.453,0.0825889451357562,0.002213370246411375,-0.2341151819909089,0.5580658718516862,0.38808964134265633,0.05384448680565754,0,0.8501569191917997
DEV,19.0,0.8376348894893615,0.2039045647493057,0.2147342661036752,0.18260554185816694,0.2061442650458562,0.3055069529526474,0.25157749280848557,0.3109052845667602,0.6842769482482057,0.32100790351274766,0.08160008596654704,0.061551705655888994,93.835,-0.5670707426552581,0.8263321668314987,0.11236648086142241,7.081466331556596e-06,0.9537285860405972,0.04626433249307121,1,0.18745601777826434
DEV,20.0,0.8348970365272776,0.22327049522386475,0.23265148133978159,0.19943215124730865,0.2506159756473434,0.32376849355759546,0.21587659948112212,0.2741154112481008,0.6528526645415794,0.24024742935948376,0.08057612238562975,0.06625041063985217,93.48,-0.6852609811540034,0.3798883898322912,-0.5256250433103989,0.026115428537281507,0.9337984552643726,0.04008611619834573,1,0.28810293817339483
DEV,21.0,0.8568233268811954,0.21575043242720843,0.17112927872066797,0.19071490485490897,0.23545647053974586,0.32594451970615346,0.18829500011087502,0.24746540168054257,0.6768586661720828,0.2664089319788867,0.08159758209351176,0.06359259954962138,93.652,0.26127395779679136,0.03497731756245192,-0.0382431919848099,0.360082950485498,0.5824916357749379,0.05742541373956405,1,0.8466780947055101
DEV,22.0,0.848065918408144,0.21301619644183886,0.24593230578030684,0.1832237008789168,0.1189308346813377,0.2337821139226394,0.15209089706961354,0.13670030275470998,0.6822054048437781,0.23616564722768307,0.08049846096793002,0.058573879295142475,93.647,-0.11677417349258389,-0.41775915478292885,0.07030897061497025,0.9580925398637599,0.028103010988213207,0.013804449148026943,0,0.20051855709115374
DEV,23.0,0.8509839182510722,0.21515459206665669,0.21791145815645543,0.2067922820778227,0.08847382848145695,0.10555724238172769,0.22359309312031142,0.25257290137189925,0.6830745998880644,0.2657121054545386,0.08547823412268168,0.06933421016727843,93.622,0.009192816755309852,0.4763840302601339,0.0879558031182635,0.0016650996361327079,0.9663451323340426,0.031989768029824714,1,0.1538548035597091
DEV,24.0,0.8471465575252093,0.20868522007669496,0.22079175473433785,0.19738608182857928,0.1598473690172853,0.2633764682870295,0.1801353985983173,0.24218974854722583,0.6853944792288423,0.2970828745731332,0.0874125498813286,0.072770455005328,93.663,-0.15646201777249483,-0.06705943778346106,0.13505515374580182,0.4276345871317374,0.543645869400977,0.02871954346728515,1,0.7965580624309031
DEV,25.0,0.8298971038747022,0.2027800137356927,0.1945069807437771,0.184852483505375,0.09354813175552745,0.12330197852663176,0.1723137920064778,0.23940649082476745,0.7108688292743438,0.23344611921668387,0.08332502143022427,0.06874917022867158,93.553,-0.9011028254274005,-0.1648695277731783,0.6522481489639842,0.20055699795495188,0.7945931985474219,0.004849803497625975,1,0.5307668164119408
DEV,26.0,0.8317205085513499,0.21721930471645573,0.18661394893390804,0.20844069288135872,0.15608721827302818,0.14279039995770923,0.1505518861671907,0.19376765361516568,0.7087360492614256,0.26186144898426944,0.08578890462445969,0.06823447255388954,93.754,-0.8223883595312121,-0.437004663118542,0.6089473824654329,0.8442757741579147,0.152395298047727,0.003328927794358536,0,0.44860542915209933
DEV,29.0,0.851801750884141,0.21721442128465104,0.1979787522269407,0.20031411715002345,0.22235031978745703,0.29037229089901684,0.2537745332210525,0.26018781164908644,0.6376972135804311,0.2619152617941457,0.08506982895981788,0.07973760201058525,92.499,0.04449779306086214,0.8538064098710834,-0.8333185884834096,0.00042263026177291136,0.9208599715801298,0.07871739815809735,1,0.27929688469781716
DEV,30.0,0.8315967667861722,0.23000211766676132,0.1757291643533471,0.19461484039156718,0.26685393575338423,0.2913953794966992,0.15870418055755728,0.24052272688795037,0.6660822710349967,0.26540640543253347,0.07826173594225981,0.0643422253735914,92.564,-0.8277301616444556,-0.33505928417601766,-0.2570309557020011,0.9453401152662214,0.04024665514589952,0.014413229587879271,0,0.24354607194613426
DEV,31.0,0.8484900467380874,0.2193914096773933,0.20965616654313984,0.1901858061554971,0.15121590954877603,0.2546992385704767,0.17025069402417975,0.2292751450595458,0.6982537363824723,0.28225643764527764,0.08184088712899393,0.07404643882778923,92.829,-0.0984649986887179,-0.19066880531760413,0.3961302238334564,0.5727024910973461,0.40501007434993763,0.022287434552716208,0,0.7700591075833694
DEV,39.0,0.8534113688979668,0.22337129856895815,0.24662998329908334,0.24404274312485447,0.12433040712856559,0.21121791769693812,0.23628766979060553,0.22700790086632705,0.6688913315276216,0.25285213528649486,0.08598744361870951,0.0675193890121081,93.647,0.1139833131309924,0.6351311715185924,-0.20000000467342835,0.0006766834905662344,0.9547455107161814,0.04457780579325235,1,0.18781346230414345
DEV,40.0,0.8387228031431497,0.2179598570177631,0.25775901526788586,0.23443491289376758,0.11844078509547709,0.2827005040289593,0.1698018943144444,0.23334939453303438,0.6652613300791,0.294587591025194,0.08344323872627234,0.07487015505300905,93.18,-0.5201066521843777,-0.19628109730405782,-0.2736981095692874,0.8678308642097885,0.10826015450056163,0.023908981289649772,0,0.45297249385785354
DEV,41.0,0.8466273086340392,0.22758363696912343,0.20841633537265217,0.2219581939766722,0.10667911435524503,0.2946237656332873,0.11777520858466672,0.23010534331334184,0.7073716984079186,0.28634056459783275,0.08435547911626269,0.07956010285829536,92.65,-0.17887744735819744,-0.846880785916053,0.5812476490789708,0.9922450893985814,0.002431031247720557,0.005323879353698077,0,0.050231662060628506
DEV,42.0,0.8599321600050759,0.19308202590843485,0.2212260045277207,0.23477257444501862,0.08248969837828533,0.2537630228397469,0.19463156949715124,0.23719929965133837,0.6499340273518606,0.30072768635452557,0.08339197992560214,0.06692748451335083,92.369,0.39547902046917316,0.11421684650327085,-0.5848806752464308,0.5705363867063742,0.33007437373044757,0.0993892395631783,0,0.9155004697227181
DEV,43.0,0.8554843138968512,0.20811486118530287,0.21714777729395515,0.20761466973858667,0.0978854037018431,0.24532139004881207,0.22335248766969582,0.2317236489368668,0.6773246181570343,0.25861360643479303,0.08370020155593111,0.06713668148436991,92.516,0.20347017280020444,0.47337523142828236,-0.02878320174778848,0.003121983838517374,0.9558183245920212,0.041059691569461404,1,0.19229502720088515
DEV,44.0,0.828742286047876,0.2287062294314983,0.2226336091894063,0.21652115998157204,0.11118973969672626,0.24939027365812655,0.14286832110679418,0.23467859724856097,0.7221268594459832,0.22557149699726123,0.08100483849389253,0.0627351305978688,94.017,-0.9509550988202344,-0.533088527881483,0.8808143080348438,0.863113092487673,0.13530138423459473,0.001585523277732432,0,0.4079167699264491
DEV,45.0,0.8358365026354408,0.21445981142691511,0.12852108711823768,0.21096929997160183,0.26566348755819963,0.32348417251048683,0.1319975817283611,0.3024534650457237,0.7014107998706907,0.29014291177382096,0.07853350624003673,0.06629808364918188,92.829,-0.6447052154050696,-0.6690283740466739,0.46022650572677726,0.9856171071039129,0.011505645476321161,0.0028772474197661067,0,0.08248526482135478
DEV,46.0,0.8732466810227741,0.19422904829908233,0.18129094911064922,0.19564923407982024,0.0865825355353067,0.2932813827666087,0.20004777125016954,0.30738585468291235,0.7258866109180471,0.2881967883780241,0.08020146961102284,0.06976958286928955,92.716,0.9702529167928732,0.18194707233921328,0.9571466628010871,0.006475105319926157,0.7490474335558612,0.2444774611242129,1,0.5934514665955066
DEV,47.0,0.8636996814777498,0.2134587391482718,0.15764534080726175,0.18503711489651095,0.11381069801354772,0.10519773579501168,0.10975716103980689,0.18935061618280782,0.7334030681004081,0.27030074089779726,0.07868627684320793,0.06957339443428742,92.456,0.5581189677457996,-0.9471473926158581,1.1097495357548963,0.97979443827244,0.002114957482065358,0.01809060424549476,0,0.10561153607082721
DEV,48.0,0.8443001947413555,0.20823003062592743,0.16998806795163973,0.19647738446162244,0.1425722066164396,0.12468567211974184,0.1417342570926896,0.30178378604668615,0.7002877502199224,0.3125789295810528,0.07540838916779699,0.06439311216975882,92.353,-0.2793365113762624,-0.5472701288059525,0.4374257900413092,0.9686982249070212,0.025120539877399997,0.006181235215578693,0,0.15479172304475014
DEV,49.0,0.8626266363172141,0.21411786726512788,0.17685865230350045,0.17683226436905805,0.16518462968062145,0.29706385693298804,0.18209650823348789,0.33646855858650193,0.6763455960506867,0.3156041682747668,0.0775025744626973,0.06330603835405646,92.54,0.5117967345214475,-0.04253553624948903,-0.048659798193323354,0.5933431885886683,0.3372229936166055,0.06943381779472593,0,0.8614861721351784
DEV,50.0,0.8552398323918995,0.2075600478776349,0.14447801888236692,0.1914602570662487,0.06573585764477047,0.09293307172946062,0.15289397265452223,0.19053690127327597,0.6832162221131692,0.27245592421371756,0.0738455046691754,0.06261020534285953,92.632,0.19291616285922428,-0.40771660223235484,0.0908310883624641,0.9535539725928337,0.026489060993547225,0.01995696641361903,0,0.21964781249356685
DEV,51.0,0.8368121899201515,0.23054983828911343,0.14909670447036807,0.19190441170915692,0.13739290264470475,0.11479347427072631,0.157402395867322,0.22861528628536829,0.6860703949677068,0.26105186752020415,0.07890082359008198,0.07122278651005651,92.445,-0.6025858194852923,-0.35133825144496655,0.14877793312482554,0.9018537950222281,0.08935198766801712,0.008794217309755006,0,0.3505933207367647
DEV,52.0,0.8769003914124794,0.2117002549906355,0.13078146905856533,0.17205206924760266,0.11411726940896234,0.12018651143072441,0.18288191949306,0.23855144299314407,0.7059148133735725,0.24889252666044692,0.07799082418898587,0.07775694846654085,92.42,1.1279797590831673,-0.03271387811881332,0.5516692404736044,0.2231766026498181,0.5637394339758792,0.2130839633743027,1,0.9872756250034609
GAS,1.0,0.8851402711458488,0.18785751126016614,0.17754502008586384,0.197738838925001,0.04584261760961635,0.258063257494645,0.22261172010592348,0.2751347108047612,0.690540337669965,0.2524388734959424,0.08740827813597499,0.07033520820901637,101.014,1.4836867179209663,0.46411184784803045,0.23952894543741723,0.0030315626439707272,0.7484298783593505,0.248538558996679,1,0.5804621521408766
GAS,2.0,0.8545311905800319,0.20819839956508346,0.16630132170212977,0.2169057945444139,0.11947459091525785,0.12694054220395293,0.14362655819504708,0.25025155543498573,0.6807422969531302,0.2901796035445632,0.08075230401463411,0.07183870915182076,94.706,0.16232483968931047,-0.523606685888441,0.040604222468698915,0.9734914545395766,0.008357843039613328,0.018150702420809964,0,0.13890960763982263
GAS,3.0,0.8640188174334845,0.19910635478101815,0.13933561008879078,0.18650645606058147,0.11053622133620519,0.11761347451037252,0.22641074776431158,0.15706454233732725,0.635599176885969,0.2582844836858849,0.08396771853459492,0.07422254706451144,93.605,0.5718957319636652,0.5116191256403001,-0.8759139787543424,0.05287963399885793,0.8287204183304977,0.11839994767064445,1,0.5637743666413839
GAS,4.0,0.8505341479897038,0.21998728838743714,0.15034408064333005,0.1886605611511491,0.14312222740897992,0.135235360956188,0.2453831333644787,0.28521603656103534,0.6337196805906302,0.2844843371798542,0.08574480957445837,0.07931247695275911,93.349,-0.010223293312307724,0.7488709895742469,-0.9140724525427405,0.0021994805063684187,0.9147472932899167,0.08305322620371469,1,0.3016297299462714
GAS,5.0,0.877180915327469,0.19221524594304976,0.15806503610784678,0.20389269762255088,0.08787089262297372,0.08708092346075279,0.1887706364002221,0.2154883106844543,0.6799461316103758,0.2608530192421053,0.08253731198308334,0.0666104689534389,93.863,1.1400896820324198,0.040925204063410756,0.02444007549055956,0.39134688957925773,0.44663089092140745,0.16202221949933468,1,1.0220250006169358
GAS,6.0,0.8212153595733022,0.20045178351886847,0.1445211387671158,0.1959795708140644,0.11069768235189878,0.1228026840220217,0.21916211442730202,0.30307088785325126,0.6572398351864778,0.2834899014282894,0.0803950155200966,0.06539293228011882,94.143,-1.2758846138498887,0.42097413209957657,-0.4365545107034659,0.006474476790285823,0.9717271067734886,0.021798416436225626,1,0.14389898141236027
GAS,7.0,0.8436289874623205,0.22440264815640984,0.16911906081308872,0.19416872488121972,0.11101094369251337,0.12793683832764063,0.1853996575687108,0.20636811621163936,0.6610621404036319,0.24443796828380338,0.08234448668570969,0.06423870639948474,94.399,-0.3083118250581423,-0.0012292739190992352,-0.35895215851913176,0.5935079315041071,0.3599423095424586,0.046549758953434356,0,0.8202080513220722
GAS,8.0,0.8568420288312277,0.19980692941736475,0.14371803600391145,0.168130728498443,0.0800091064928306,0.2978809834181167,0.21218131897751014,0.2989824674796388,0.6805097583106661,0.3072431558388884,0.08434240355649246,0.06419055752957438,93.905,0.2620813013485886,0.3336784821424014,0.035883106648858444,0.014537342990247773,0.9421137086466694,0.0433489483630828,1,0.2537350802323374
GAS,9.0,0.8452674092467054,0.21712324464706795,0.15980065614333322,0.19575085806662262,0.08741258981487114,0.10387321531881459,0.208198306198911,0.25249933239259426,0.6769485057136682,0.26844508380902016,0.07931573894766684,0.06013509049985082,93.592,-0.23758287644776768,0.28387044926186317,-0.036419224679713924,0.022197147375289893,0.9520728654449624,0.025729987179747792,1,0.22545621599396592
GAS,10.0,0.8422996276535588,0.22896623220725243,0.17018474307681558,0.21060156560308302,0.11197351119877481,0.11561898098951695,0.24552038715818952,0.3103022349344399,0.6708449888329073,0.2461359734851152,0.08725433149187632,0.07670749439419904,93.855,-0.36569889259759336,0.7505873640500857,-0.16033587697062776,7.667656236830765e-05,0.9619479587076043,0.03797536473002738,1,0.1622557734647232
GAS,11.0,0.7924964227226051,0.21734767299965463,0.16132422458956797,0.2139318151749994,0.10789546079004189,0.12157493630114818,0.2633691206783084,0.3431684642984206,0.6289083073598092,0.28162742588177053,0.07916640007649968,0.060290412960098405,93.836,-2.5156509719492695,0.9737878294924086,-1.0117553582073089,7.44499952296437e-06,0.7781984177643091,0.22179413723616784,1,0.5292628680012023
GAS,12.0,0.845814685650267,0.22919737402473508,0.1780163148195483,0.21188959253687023,0.09157762373220556,0.10879222497124001,0.24764023074409944,0.29617515078112877,0.6236192316608475,0.29624524068352803,0.08219750964175476,0.06258988990002431,93.705,-0.21395752857209335,0.7770962518939591,-1.1191368182954236,0.002819331176427751,0.8786310504714434,0.11854961835212902,1,0.3830372817388974
GAS,13.0,0.8525837006008068,0.21191963500099856,0.14917243794148005,0.20900291350780503,0.10763203958002568,0.10820317651666798,0.22256625238907038,0.31325777219947976,0.6608687606045728,0.29377411940044323,0.08103209551977754,0.06043876556892446,93.683,0.07825374153094122,0.4635432688195648,-0.36287825191548606,0.010542576090785415,0.943336282779369,0.04612114112984557,1,0.2449113831331643
GAS,14.0,0.8009636978556368,0.21697830112732974,0.17454085706677433,0.20443211467551164,0.09691662771475745,0.10465162095782674,0.156460140060707,0.24045762251152952,0.7092271681189565,0.23192743274518096,0.08288337621015525,0.062129173799602394,93.843,-2.15012759240086,-0.3631212686750203,0.618918323136375,0.41531486174469834,0.5840877464021355,0.0005973918531657296,1,0.6834455403134754
GAS,15.0,0.8589121364502843,0.2005079055586637,0.1699821353121435,0.1965986841170055,0.1003846518871342,0.3078512043332985,0.23763553197275325,0.3050474248778967,0.6419110876289756,0.3266170808891945,0.085591284876002,0.06558893456676028,93.769,0.35144567430897744,0.6519863431232538,-0.7477664100472107,0.005399248598289482,0.9188530416309707,0.0757477097707398,1,0.3014092211769739
GAS,16.0,0.8681522836387853,0.20216315141563954,0.16422892979436268,0.19346449449825667,0.09307449829468778,0.28551427963142223,0.2596495154385719,0.29843118662426205,0.6611088837288264,0.3225805678862786,0.08353850169672619,0.07140282775027221,93.535,0.7503331292222688,0.9272737381797066,-0.3580031521530962,4.094503786857526e-05,0.8786260648302221,0.12133299013190897,1,0.3700218216493757
GAS,17.0,0.8545645157610258,0.20811734148770808,0.16917249394950692,0.19258030878211635,0.07098389070000587,0.10970837739523058,0.23833691075148628,0.275064452975973,0.6755855239529878,0.29069659874112086,0.08403661774923812,0.05909189515125693,93.138,0.16376345277197957,0.6607571654165062,-0.06409116205887887,0.00029979989683580284,0.9504949906958611,0.049205209407302754,1,0.19888506880228113
GAS,18.0,0.8614145314614778,0.2054485978802328,0.16129042509846334,0.1973169274700866,0.12295741443869743,0.1232405926488693,0.20131511464533589,0.24872578494689562,0.6678153818856142,0.29254921118523197,0.08454686282062182,0.06093155928286342,93.291,0.45947144022371295,0.1977953472522503,-0.22184447242470715,0.16286541163648968,0.759945851062142,0.07718873730136834,1,0.7019035893828245
GAS,19.0,0.8566661344917169,0.19013363209987372,0.1637233849958041,0.18726234955538815,0.07408976734460275,0.2810077976314363,0.25654362465236963,0.30947407432414903,0.6480773973803813,0.32117405504563573,0.07862934332041402,0.060881274694291554,93.199,0.25448812734499276,0.8884342166914195,-0.622574905491602,0.00013574666491776536,0.9223392572934614,0.07752499604162079,1,0.2740161093598635
GAS,20.0,0.8532130478670257,0.20968339830035496,0.19520819434990905,0.22449930899450227,0.0726711584810143,0.10884049228567329,0.2627205191201035,0.29612116384248743,0.6626083737953795,0.2502102700760278,0.08198969751137278,0.0742481498685856,93.248,0.10542200239924172,0.9656769924117402,-0.3275597548756264,1.1474376280679227e-05,0.9028208952635427,0.09716763036017657,1,0.3189555002479046
GAS,21.0,0.8539149670643869,0.20810930859948598,0.18669922222912796,0.2155098297755285,0.0767242243293116,0.09217280408799654,0.31471790463846294,0.32615037361675053,0.6190418362189862,0.3063600356662101,0.0814473024178838,0.06225768139885217,93.098,0.1357231173575201,1.6159102785101485,-1.2120693898682307,1.5943573757638668e-08,0.3820386142680288,0.6179613697883971,2,0.6650536072341924
GAS,22.0,0.8453062211040282,0.21070560786299186,0.16059878766910787,0.21004197977084052,0.12841061036263104,0.13221823095493204,0.3850418124213622,0.3287864925445053,0.6423674565092369,0.30518967151043813,0.08227912313952515,0.0644401749093568,93.168,-0.2359074093072427,2.49531883325009,-0.7385009807944491,9.535350211810807e-22,3.0955603463138164e-06,0.9999969044396537,2,4.2385138429159996e-05
GAS,23.0,0.8564890448908551,0.2233276348567601,0.18131915710177052,0.20571991690189953,0.0824536682615016,0.09222060722263258,0.18225833940374886,0.12455270018410959,0.6933332429115675,0.22977327539343645,0.08397266877709118,0.065148092804086,92.846,0.24684335516351807,-0.04051181885325977,0.29623190447993947,0.3147261366947234,0.6386623636236405,0.04661149968163615,1,0.7931094965742334
GAS,24.0,0.8430120390308853,0.21783028296504628,0.16255586383625323,0.1963353528282442,0.14142815882750823,0.154807372871839,0.18563375129735846,0.23752796131194545,0.6932220091383737,0.23224582271938868,0.08542280391581585,0.07757976511299695,93.164,-0.3349448412436636,0.0016980950806335065,0.29397358078474206,0.1586207520875992,0.8224221633019521,0.018957084610448958,1,0.5280192385399614
GAS,25.0,0.8466347074360333,0.23225561165900926,0.16386370491047406,0.2068352617691327,0.12687029648296128,0.12241441943555396,0.25747213506946015,0.35231400494929,0.6010973877284742,0.32677989416490855,0.08793590342772463,0.07664924465004859,93.098,-0.17855804884250104,0.9000453462446198,-1.5763865577555107,0.003402036247319233,0.7111257373498948,0.28547222640278586,1,0.6196331032818725
GAS,26.0,0.8527148284823753,0.21352551860927033,0.16210554993722923,0.2026471137185338,0.0782830211595595,0.093442790591441,0.22994744626066593,0.23480564144542024,0.6590673110743581,0.2742174624191057,0.07943120010764433,0.06137705932114395,93.243,0.08391439453570526,0.5558459470910019,-0.3994521812444754,0.0038711152843948536,0.9497237621864785,0.04640512252912667,1,0.2129714112828031
GAS,27.0,0.8405459178915851,0.20797718815713698,0.1728272255509516,0.21217839737146227,0.08885699608215358,0.10325185249102721,0.17605992764901854,0.24217931857614222,0.6946784406255114,0.2901297356585783,0.08236721665655383,0.06174439537998763,92.988,-0.44140470218478783,-0.1180236707221624,0.32354278124785013,0.37202008961638655,0.6122944645897818,0.01568544579383186,1,0.7333857255902672
GAS,28.0,0.8642038454439673,0.20264484597591664,0.1880345363330845,0.20741626478058128,0.09908883780027976,0.118692304560383,0.2580365588889791,0.29622363931019047,0.6680811596651964,0.269492348938114,0.08402041282958747,0.07557385870532515,93.255,0.5798831969556739,0.9071035310217838,-0.21644851901906342,2.6082188527797298e-05,0.881419400345693,0.11855451746577932,1,0.3643331092445603
GAS,29.0,0.8628294474121784,0.20399855609590695,0.13740737007121148,0.17566074954380942,0.17024110141861212,0.12382934809730155,0.28817992381433877,0.30408761609619056,0.5835206994381414,0.309327242787159,0.08299469842934748,0.07364388280203177,93.283,0.5205518766039389,1.2840497761855838,-1.9332372741292878,0.00019071411518176268,0.681722928339817,0.31808635754500136,1,0.6271696723251643
GAS,30.0,0.8616650088963272,0.21173785101191597,0.16101304163556007,0.18842959243372015,0.10084659761111668,0.12977966808983052,0.2790567525913652,0.32312433037818333,0.63219556861122,0.3191287867968974,0.07812267457204781,0.06746632573193966,93.299,0.47028428816455814,1.169963470791287,-0.9450157362092971,1.2017356330020719e-05,0.8467800500657945,0.15320793257787538,1,0.42837961448270273
GAS,39.0,0.8471612704248631,0.2205416069955976,0.17221138755626678,0.2139006063456268,0.13398024935308034,0.1220174030017468,0.1769882044614031,0.19132496641931412,0.6277355310457212,0.27059894894799763,0.0854337271514954,0.07658348944587998,92.98,-0.15582687733830217,-0.10641546242267695,-1.0355656494815002,0.8744482188084224,0.018027850394139767,0.10752393079743774,0,0.4294976776997689
GAS,40.0,0.8453347111422151,0.2157927870448036,0.142123921113265,0.19210847659030417,0.0907762597800851,0.11354736832075797,0.2693500742357414,0.28374047780092987,0.634420017878071,0.2792964742025739,0.08150617326884421,0.06546447659959904,92.823,-0.2346775242641867,1.048580341594358,-0.8998538546704685,2.8063266398303504e-05,0.8848093627060941,0.11516257402750744,1,0.35749340789621464
GAS,41.0,0.8430773770519714,0.2102648661085997,0.15976803889551439,0.19759344278115182,0.09770047292709279,0.1371134969874803,0.15412526419769482,0.23385240756322082,0.7038121251140939,0.27718342180158023,0.07918082682759447,0.06316947525588025,91.827,-0.33212426745750784,-0.392319159874804,0.5089794118032974,0.86539010532816,0.12614050840829438,0.00846938626354565,0,0.426679751691901
GAS,42.0,0.8120580969528983,0.1963164751234828,0.1569381224440197,0.18812249752342805,0.12809431732996868,0.14087747311132967,0.17272787678145354,0.26260861201554875,0.7372587085435658,0.30353754407573447,0.07889349396681461,0.06588477982295726,91.539,-1.6711940289608493,-0.15969135003843965,1.1880286763696426,0.021718537881280017,0.977829324711768,0.00045213740695233394,1,0.10857829245398606
GAS,43.0,0.8591541693887405,0.19529768907660044,0.13970488842577433,0.18464896363380684,0.08196586677841565,0.09977776685986268,0.2503337893082518,0.3589927967493883,0.6776206623393883,0.34233657668112977,0.08336445270395473,0.07056314648416935,91.648,0.36189398220455987,0.810779511523405,-0.022772764695807315,3.850450500360624e-05,0.9094453110105596,0.09051618448443698,1,0.3041567002459128
GAS,44.0,0.8673395260436023,0.19531131510917485,0.189253379543706,0.19208958407061322,0.07528441264589514,0.10759506506774652,0.10619120879446446,0.12850197117357734,0.7064692485502189,0.2587024356314884,0.08421918223286307,0.0679651669510518,92.862,0.7152472369750728,-0.9917400355621137,0.5629256607218877,0.9459567835630484,0.0004483560399263856,0.053594860397025205,0,0.21284738320894064
GAS,45.0,0.8603161397702236,0.21014400741104877,0.15216950355432293,0.2050701655482554,0.10138128489739683,0.11390663883375562,0.1928428821632495,0.253010930172437,0.6335880111935472,0.27791422396301196,0.07393862562891866,0.06633793633904247,96.665,0.41205502387403,0.09184910567686186,-0.9167456704946916,0.7659354247043015,0.11350691872703636,0.12055765656866235,0,0.7062761511849509
HAM,1.0,0.874853356136512,0.16747479417593022,0.24051799825217526,0.23489133230792006,0.08830280555204273,0.3133139477800796,0.07700547376851839,0.09387466570945123,0.7607148167061262,0.2482545726061939,0.09400900389566741,0.08263529841980825,100.664,1.0396113949553198,-1.356711008697247,1.6642463154885077,0.8546192524454758,0.00016900772031558644,0.14521173983420907,0,0.4159230551585388
HAM,2.0,0.8541639037902026,0.18590047966390208,0.2116827323427301,0.22700216543916568,0.07971665718458264,0.10151480878430184,0.16217069059673617,0.1597401630156672,0.6928998484666719,0.2572344690711122,0.0840313172808871,0.06410347815956877,94.361,0.14646945450663523,-0.29171017745463174,0.28743291370427154,0.8471618016317461,0.12904555147666313,0.023792646891590594,0,0.4936915662354296
HAM,3.0,0.826434363611395,0.20809171716310762,0.18005831014654,0.2329145125022839,0.09101473656536178,0.09526661052688526,0.23102164337382405,0.3044808988012353,0.640278130748651,0.29296294824703795,0.08041682065491439,0.05873972656490216,93.662,-1.0505856878189528,0.5692789055338761,-0.7809195173291907,0.004673476380939932,0.9381355992026276,0.057190924416432656,1,0.24863107929345965
HAM,4.0,0.8529411540504284,0.213471701587918,0.18036699884761695,0.23652265898705624,0.0842779594248458,0.097586242670591,0.15062395762205458,0.2303340279663131,0.6788034856216562,0.26429764668646605,0.07891754206673386,0.06048306006391782,93.086,0.09368463173872543,-0.43610340128657005,0.001241505151203922,0.9644267620545977,0.01717184785537374,0.01840139009002863,0,0.17824718062573428
HAM,5.0,0.8595153947036462,0.18198832721336508,0.15853219271285934,0.23017101260679546,0.06910344875011769,0.07997138537531517,0.1590440515487561,0.30416855069509297,0.6805700810895172,0.2921206931646696,0.08387282723580912,0.05871109365079803,93.718,0.3774876998774055,-0.3308091583426968,0.037107809874581,0.92944235617823,0.04099133917319015,0.02956630464857963,0,0.30305676402162746
HAM,6.0,0.8446630259189314,0.2247644987366654,0.20671254773216854,0.2211636294508589,0.08756500484170077,0.10299737955868538,0.0825319315362385,0.10862196698799129,0.7142738511984192,0.24629680362091455,0.08167956488617677,0.06162431704339455,94.556,-0.263673470297595,-1.2876020187169734,0.7213786070345775,0.9846094388359079,0.00012135784827217921,0.015269203315820075,0,0.08022031562910928
HAM,7.0,0.8508251989904307,0.1958465078209461,0.1670773941785649,0.22628052788938297,0.12301048484101106,0.13969200133713783,0.21476875515725383,0.22769629853718582,0.679162823489998,0.25226878473940345,0.08208412728464314,0.07051163065535027,93.328,0.0023410728781356224,0.36603466914973876,0.008536962271447948,0.008733989194285701,0.9598479546853699,0.031418056120344616,1,0.18945688364514673
HAM,8.0,0.8807520789307468,0.2051509518390153,0.19466212289079282,0.22938991249478907,0.11259945842858943,0.30386179744945413,0.15591789957177365,0.23406128860523095,0.7056843763872267,0.2761574942755756,0.07929283653148847,0.06541794507651996,93.483,1.294253066200498,-0.3699020483519185,0.5469907935273868,0.8037646288151865,0.0562100010402572,0.1400253701445562,0,0.6126712433795644
HAM,9.0,0.8311466804873543,0.20657941918584727,0.21098668217383945,0.2365628105409202,0.12896494582086254,0.15375024988726393,0.14890976337650252,0.24140317885069232,0.7095087972112676,0.21650168109068607,0.08360843101387276,0.07368585339919165,93.331,-0.8471599147170312,-0.45753959747575607,0.6246360978208239,0.8622429343492175,0.13480547580306187,0.002951589847720374,0,0.4151340599074502
HAM,10.0,0.8644614842361319,0.2169935917739142,0.1682271489057433,0.2214647679010012,0.12102833756940967,0.13689796321780953,0.1708827798637802,0.2380114077312896,0.6990190488719751,0.27494542167655095,0.0784930619222973,0.07168307045713435,93.624,0.5910051931746679,-0.1827644991975483,0.4116679807543126,0.629373166597338,0.30539521129367947,0.06523162210898245,0,0.8317333285666018
HAM,11.0,0.8477985928422996,0.2002526743144201,0.147545544075922,0.20809712459970436,0.13374441744027254,0.1306329278443604,0.10926479104230473,0.24657139585454516,0.7079145119179421,0.2746037791011106,0.08122388162642775,0.06940972351544944,93.519,-0.1283143375633071,-0.953304536061831,0.5922681204390841,0.9919449428863567,0.0010219138761209919,0.007033143237522208,0,0.04992365234827248
HAM,12.0,0.8284529130673182,0.210325964273114,0.1797504679569756,0.2315883415855244,0.15322030103872616,0.1558424889809554,0.16660951325202725,0.23619717987995262,0.6805037901286507,0.25233833652404175,0.0795546042717778,0.07915049733832988,93.908,-0.9634470266413677,-0.23620218964361214,0.0357619376326903,0.7575883770834693,0.23228202102289644,0.010129601893634056,0,0.595922059553651
HAM,13.0,0.8415920679878305,0.2152589228347148,0.14214014687331464,0.20957573263815754,0.15898284592363962,0.1598254841896963,0.19023067381107736,0.24350807724533258,0.67280896159923,0.259109641484065,0.08107959859662442,0.0762013662147826,93.28,-0.39624350065458475,0.059183139804272665,-0.1204623196187406,0.258465058961378,0.7103469121360602,0.03118802890256202,1,0.7007931887269891
HAM,14.0,0.8745502138054754,0.18869076718988506,0.17387519389759581,0.22353491625436164,0.08697985227866958,0.10124524632018676,0.12044072695588094,0.12132030489829021,0.7071879393386478,0.2346686907927069,0.07827300814357878,0.06554496064518656,93.324,1.026525058727453,-0.8135481721241858,0.5775168805504343,0.9344123451892778,0.0015858193000480264,0.06400183551067397,0,0.24954241457180557
HAM,15.0,0.849418898840485,0.21220055301406288,0.14738924092954814,0.19129498582559157,0.21323600505815557,0.2839837347772315,0.13036418025595603,0.23296398094477105,0.7154599444826573,0.2756425580710751,0.07837686078010077,0.0604674590950103,93.156,-0.058367428427352985,-0.6894542473157236,0.7454592660970276,0.9816266915165456,0.012705735392121116,0.005667573091333338,0,0.10299125072770512
HAM,16.0,0.8517950874087235,0.21516719620960484,0.16641229316200462,0.21732455872572248,0.12045899424690894,0.13308626656288042,0.1519540887633736,0.2330640328207673,0.7235695147319327,0.22366202385383677,0.08102946255311956,0.06605866422948578,92.931,0.04421013782161507,-0.419469958386709,0.9101038171714783,0.7922999399229581,0.1916184116078663,0.016081648469175657,0,0.5674793356256926
HAM,17.0,0.8900963564350259,0.20039058833976728,0.13661462210734263,0.20755618094491723,0.11195307468239345,0.1170689758238124,0.123275068553595,0.23438490266584758,0.7285858746538838,0.29671077505414084,0.07984341692850475,0.06413293264990409,93.12,1.6976357175422356,-0.7781044044686698,1.0119484651602308,0.6990036628834959,0.0030010979675655623,0.2979952391489388,0,0.628521640232869
HAM,18.0,0.8569818085691179,0.19070065683122142,0.1473197048429561,0.21468171548112222,0.11990448567620823,0.1271300500130365,0.1672578622642296,0.2436295362910428,0.7247514121771615,0.2657316266743354,0.07729245939079227,0.0627039037566453,93.313,0.26811544590905984,-0.2280945106797509,0.9340992902118824,0.36257228933390445,0.5922744285933838,0.04515328207271184,1,0.8179365229132068
HAM,19.0,0.876544838027926,0.2097657603919551,0.16733347336281582,0.21294756460279254,0.12065083651262852,0.1344158543074115,0.1587885931218264,0.24419308818614915,0.6772734264372113,0.28028315384757874,0.0824447804568603,0.07316715323158116,93.201,1.1126308926899124,-0.33400369535158886,-0.029822521646364904,0.9048218969256209,0.02109842866550376,0.07407967440887522,0,0.36470799815042965
HAM,20.0,0.8373510110445712,0.2133934975317669,0.14375664237145724,0.21224474763778028,0.12220106888151068,0.1311087465099121,0.19771034021769412,0.3222365804315289,0.6780455546686575,0.33231011780335545,0.07883351865166933,0.06515628072321156,92.956,-0.5793254771348186,0.15271722845142321,-0.014146388123788222,0.06824084927761284,0.9127455112759092,0.019013639446477933,1,0.3418824455637568
HAM,21.0,0.8461273343870271,0.20614843245605483,0.18644861701632692,0.22745308772631073,0.09048909497987742,0.10340667918166109,0.26349436074576166,0.2951760380781306,0.6422312907933604,0.32400343684241495,0.0824070383409377,0.06267572664848099,92.779,-0.20046081078784392,0.9753539709397041,-0.7412654852593089,4.219402569866829e-05,0.9122895328749435,0.08766827309935787,1,0.2975729558281886
HAM,22.0,0.8158392953029261,0.20719929355601296,0.1776841046345904,0.22708013274991112,0.1088744474108828,0.2922957874050034,0.2304040068578594,0.30243822158232897,0.692880756995038,0.3170703930865515,0.08058962187877604,0.06224144980558597,92.821,-1.5079636652452253,0.5615552898676945,0.2870453090988634,5.132466247937691e-05,0.9938506175967068,0.006098057740813873,1,0.03773617033636116
HAM,23.0,0.830935997624112,0.2194747420088289,0.1818005266362138,0.2203178264257486,0.08897196106692776,0.09040232126581631,0.18296158779753977,0.2313833180044799,0.7102129132111341,0.25962705291172133,0.08186162699118846,0.07285983636325014,92.974,-0.8562548727732362,-0.031717616808685206,0.6389314130026267,0.056134933415872626,0.9387497451785087,0.005115321405618606,1,0.24798933516429034
HAM,24.0,0.855344488370171,0.22055650716425249,0.1748995054005572,0.223300502327678,0.09048598527509631,0.10208061062042499,0.13837520298279052,0.226704997148942,0.7074820625541833,0.26416477348533873,0.08236437550238973,0.06884798730159059,92.703,0.19743405158572855,-0.5892754867732459,0.5834883171733249,0.9703989065551062,0.017933439297557717,0.011667654147336316,0,0.15320250274459984
HAM,25.0,0.8637813977962231,0.19773815306118292,0.1816161614532673,0.2348090093717896,0.038901948168222615,0.06447684015217656,0.19921407009364098,0.26958737473950434,0.7279791139197078,0.2713906463014639,0.08171900648787178,0.06672589009482584,93.087,0.5616465754381607,0.17152154349330234,0.9996297052731784,0.0054352710786280635,0.8821800104502404,0.11238471847113164,1,0.3845870241182479
HAM,26.0,0.8610565940717595,0.1997816116546182,0.17074411035202586,0.21854267648923112,0.08867213250092627,0.10140819205416521,0.14618329905986502,0.24158005792599863,0.7075320895005851,0.2880603122971446,0.08291359472403081,0.0704893320038824,92.769,0.44401965882993416,-0.4916343473245018,0.584503989259362,0.9403950354487193,0.037049262740533453,0.022555701810747265,0,0.265414276960269
HAM,27.0,0.858702241094175,0.21861558841743128,0.15995356802779911,0.22516211209780596,0.10557967379973811,0.12813924907285446,0.13557225395861153,0.22893773193654832,0.7097796991979546,0.2394756734374062,0.07952484383652898,0.06475092262022981,92.714,0.3423847121090747,-0.624326686686263,0.6301360854418996,0.9722707029781547,0.013376673390467478,0.014352623631377919,0,0.14596144174689024
HAM,28.0,0.8587394680051107,0.22069271811324684,0.17961000835793783,0.2192716331768171,0.12565515442613118,0.12764020698483322,0.17382557461032527,0.13124489551987967,0.6930838047616293,0.23346810552709565,0.08401335277889244,0.07499287552723814,92.32,0.34399175877775645,-0.14596451244276215,0.29116768640733814,0.5962079443124307,0.3568728049250162,0.0469192507625531,0,0.8195928030205349
HAM,29.0,0.8496118221874351,0.21728339901092686,0.1650365774813893,0.21094904030536227,0.11169406798091004,0.1248441221848236,0.1258850046625075,0.23585152197231424,0.6989380732092839,0.27896810168151215,0.0857622305886885,0.08244778998204744,92.155,-0.05003913004764284,-0.7454668532593719,0.410023972351656,0.9882385847273828,0.003532338549012879,0.008229076723604442,0,0.07113507547659978
HAM,30.0,0.8567576380523916,0.20509501006069117,0.18793989797594446,0.2279682571284019,0.12209400739776113,0.1548126716678645,0.16463799020070918,0.2522263031705247,0.7293330121370607,0.23999698074154874,0.08594526829557073,0.08001419615602014,92.246,0.2584382400096962,-0.2608563121441496,1.027117224012717,0.3843636632061265,0.5708941185475197,0.04474221824635373,1,0.8265378954790841
HAM,31.0,0.85000604930564,0.2384551045123939,0.17236025172351807,0.22498366844612439,0.17589198052951707,0.15060850139915402,0.1615046240178819,0.2143167720071838,0.6845048417528786,0.24680303378221896,0.08852077281583152,0.08662256878914376,92.744,-0.0330207591677661,-0.30003941662716305,0.11699328877063368,0.8930330411730713,0.08771142178077948,0.019255537046149164,0,0.39055244447202686
HAM,39.0,0.8073716520942749,0.2267539348612675,0.25069397046346675,0.2524213562576222,0.10356656970241536,0.12928741365602747,0.11700758414571164,0.2592456345713508,0.7421290587997726,0.27008572911191225,0.08691099648126194,0.06957376827482009,91.427,-1.8735029342317686,-0.8564800178092599,1.286908963100023,0.9609614061617716,0.03898442567257977,5.416816564836654e-05,0,0.1652871871014259
HAM,40.0,0.8647710262106691,0.20918952631451412,0.16666504003913674,0.2010228001661933,0.0886864349575443,0.1005526479163179,0.12884592690403768,0.25599907546485046,0.7283027542146271,0.23050295755221098,0.07557561025256955,0.07125113132214245,91.279,0.6043677952948654,-0.7084401800949635,1.0062004124042185,0.9640037081571206,0.012715982430299526,0.023280309412579595,0,0.17838183881053232
HAM,41.0,0.8536147491053371,0.20893917685097294,0.1573083800775906,0.20359796874826966,0.13852106235335054,0.14577806723692313,0.2518545232472597,0.3185867217846852,0.669263845377383,0.30875130630178105,0.08123830180145176,0.0738487845728014,90.673,0.12276302319866772,0.829796464329491,-0.19243704218864452,4.684984413427603e-05,0.9316534251495142,0.0682997250063517,1,0.24972905153984043
HAM,42.0,0.8547991220723531,0.2164512667277984,0.16860581209585013,0.2140919525078436,0.13787829217530884,0.15253527032946138,0.10907773443175652,0.22874987938236246,0.7788408073402561,0.23979334882789763,0.07996251459335017,0.06745292730297958,91.042,0.1738911609700059,-0.9556437004900165,2.032249242770958,0.9770085372616772,0.01428285351582274,0.008708609222500207,0,0.1247173985554339
HAM,43.0,0.8527351986039826,0.2142961841652755,0.15091303651295127,0.20905218157138597,0.07945426100436068,0.07805157214859675,0.21779126496189377,0.2989007780726333,0.747385713238556,0.22474848221800311,0.0851835240624153,0.0659352574895395,90.545,0.08479375130334535,0.4038315018739872,1.3936321905490152,4.417204901761187e-05,0.8292332825010584,0.17072254544992443,1,0.4575088863225305
HAM,44.0,0.8625191093432141,0.23531210662481636,0.17352693193681124,0.23861098254137003,0.14385172997131238,0.1488765520473282,0.11996187432403344,0.22915873496218475,0.7112273238363523,0.26371684419280156,0.08571166363025234,0.08124214571534595,91.589,0.5071549079229716,-0.8195362793580224,0.6595264848572828,0.9783070194620688,0.0024259839570793594,0.019266996580852024,0,0.11215641176479849
HAM,45.0,0.84291350721758,0.19141380353059706,0.17742283383385118,0.2268172103585943,0.06519853471440315,0.08002357096303665,0.23034928740378047,0.2974188339014321,0.6745522391222007,0.3152782322016572,0.07634494209568794,0.06452011686336788,91.359,-0.3391983561970037,0.5608710168011827,-0.08506942747462877,0.0007586037680117691,0.9736484918191168,0.02559290441287153,1,0.12526030862478493
HAM,46.0,0.8579277619203002,0.21054733191039196,0.14700084113113115,0.22413007934570933,0.097888958667491,0.10833617099823066,0.1537675171701653,0.23596070313658007,0.7011441812762303,0.25920222032961926,0.07817245595557831,0.06453106225576985,91.559,0.3089512591295874,-0.39679282759835377,0.45481348167695895,0.9082417340899458,0.06928926891572533,0.022468996994328787,0,0.35766250386094517
HAM,47.0,0.8774810826291749,0.20744046989940987,0.14659907306827866,0.20366452207047644,0.07421031804333439,0.08011293575568695,0.17584267203818174,0.29468806063526054,0.6968643518829081,0.29969624493972574,0.08017501418837665,0.07039585991137239,91.248,1.1530475893669112,-0.12074047712212742,0.36792224484455754,0.5289758981763983,0.300673667985454,0.17035043383814752,0,0.999689733578871
HAM,48.0,0.8388222584953606,0.20379513029969937,0.17014801436724247,0.2040847577320219,0.10312650577191793,0.12450778651844213,0.2289404379638908,0.3000327708282667,0.7269407776975755,0.2784566407395058,0.08102144927430693,0.0732707344052361,91.152,-0.515813269025906,0.5432531925243466,0.978548883983962,1.5938805207592553e-05,0.9620233005592158,0.03796076063557678,1,0.1615996770114496
HAM,49.0,0.8547239097539927,0.2214273692771149,0.13422787248378842,0.19735878490797634,0.10797965234719933,0.12448357623740619,0.10195913444950545,0.2293022481972778,0.7429717633099375,0.2623330695234952,0.07774847539110497,0.0673675989187009,91.286,0.1706443241353895,-1.0446626119744187,1.3040179715307607,0.9924124116665065,0.0017333673457186726,0.00585422098777465,0,0.048673104139386414
HAM,50.0,0.8595795236951258,0.21265076691771115,0.12711751978555016,0.1978902958259781,0.06634235180389801,0.06956870040254805,0.19864410256556683,0.2380775703910942,0.7007208652859885,0.26654855267769795,0.07888540128772002,0.06969351529627836,91.526,0.38025608112454323,0.1643940340030765,0.4462191087282534,0.030349767244817583,0.918309203755853,0.051341028999329755,1,0.33677588180668017
HAM,51.0,0.8273557726475772,0.20029526481676568,0.18254226560102502,0.2334675075350136,0.08918728896019093,0.10578426515127065,0.0903219392776479,0.11663302885105198,0.7534285073037948,0.23107836256319725,0.07512929002157831,0.06623317788446886,91.703,-1.0108094269132588,-1.1901870759860511,1.5163160178696442,0.9981501904569415,0.0016814681375929693,0.0001683414054656925,0,0.014052269395427463
HAM,52.0,0.8305162309113315,0.2118758703354456,0.1645487504126763,0.21129591423569896,0.06984745315261148,0.0810134916247608,0.20927026982952432,0.30351933684031934,0.6637878757117959,0.30323248064087693,0.07592818481960459,0.06606353611919215,91.823,-0.8743757611424906,0.29727547774864294,-0.30361291705926025,0.026621444487411477,0.9509237562594733,0.022454799253115235,1,0.2296262338542824
HUL,1.0,0.8604275743452067,0.20027918385074503,0.24446575481664495,0.21696392588750735,0.05631438058533715,0.13490117208181118,0.23760368856815464,0.2599359702359225,0.6515671301033585,0.30536077538307216,0.10074748938821132,0.06383791000712473,103.503,0.4168655375052049,0.6515881376864554,-0.5517246064149339,0.002718131601250699,0.932070185039101,0.06521168335964846,1,0.25966219962215176
HUL,2.0,0.8285128015185407,0.23499930114964468,0.2658670577591363,0.23843328833072627,0.1384809325791113,0.2902823207698041,0.2677975899685875,0.32448074691699486,0.6242895974902009,0.27336682691104397,0.0876543005352798,0.07770863886355024,95.277,-0.9608617050659088,1.029166347283218,-1.1055267159549955,3.896051097690046e-05,0.835752817139253,0.16420822234977026,1,0.44701018652520175
HUL,3.0,0.8484185846716976,0.2233125418572776,0.21906341635243434,0.20758668399017424,0.1407861233546684,0.2775961765283931,0.1439104435352937,0.24121433236929454,0.6846890501994528,0.25156743101234735,0.08646161786325643,0.07356706473624067,94.53,-0.10154994108233319,-0.5200566670591568,0.12073318078193214,0.9757203013829712,0.012611843932142597,0.011667854684886328,0,0.13106828578327007
HUL,4.0,0.8550633145447346,0.20930492462367872,0.22723701034938773,0.20915911110310306,0.08940575488920466,0.28644889489955877,0.158812722863087,0.2299893523861912,0.6832321696195596,0.27840703503319525,0.08518907732179244,0.07041383341133667,94.354,0.1852960726846872,-0.3337019501619763,0.0911548626130945,0.9247563902558714,0.052279461324466175,0.022964148419662437,0,0.3132862187303691
HUL,5.0,0.8217984341689117,0.23106780471272811,0.2700227392070953,0.25709222652997565,0.08926661881204714,0.13578869209525987,0.11187403794054904,0.2342630208557118,0.6498035782642043,0.27794488666170203,0.0954618569949849,0.08575798344262314,95.588,-1.250713895600212,-0.9206756035112044,-0.5875291178660818,0.8607250377270924,0.00014582500901188275,0.13912913726389603,0,0.40479151553986054
HUL,6.0,0.8403079118650314,0.23413280650262092,0.2194041035647237,0.23601766563434654,0.09697050624031048,0.09859113189303023,0.13421386744528718,0.23599525119063328,0.7064753975218583,0.28178847276750574,0.08430085087542065,0.07204706590278091,95.631,-0.45167917252051604,-0.6413134662626857,0.5630505002194223,0.9799653754775841,0.016534215755008148,0.00350040876740768,0,0.10745565302652299
HUL,9.0,0.8304458102549404,0.22079827072125038,0.19235549328409127,0.17954713490328927,0.1392302516574922,0.28948262573489636,0.13658895280960462,0.22679609537444423,0.7217039592492085,0.2111133571112565,0.07411124544659492,0.06370860785623975,93.669,-0.8774157469596168,-0.6116127506246067,0.87222837673306,0.936354521369144,0.06228392269873285,0.0013615559321231308,0,0.243464200362469
HUL,10.0,0.8780037910516841,0.2147282238311674,0.15359140707335184,0.219491331056068,0.12863978853041938,0.11298213368035609,0.21410749545017782,0.19381223118963406,0.6675815595442237,0.26229793993685224,0.08064219770126446,0.08208778879996101,93.525,1.1756123632891191,0.3577655404616303,-0.22659165054217276,0.047604773275335084,0.8156984433267305,0.1366967833979346,1,0.5831396897179599
HUL,11.0,0.8291949270805388,0.22803338922979174,0.13965862477455396,0.1907645538641695,0.11108423207681908,0.13109007125654898,0.16103483359322135,0.22635679247178486,0.7136724200661565,0.26411649456796477,0.0811529299397292,0.07968001921724244,93.966,-0.9314150605692362,-0.3059141999178872,0.7091680513910837,0.492213516349888,0.5039873544151043,0.0037991292350074255,1,0.7154086347623877
HUL,12.0,0.8438842342750213,0.21403398916699656,0.15635695904366279,0.172021369544774,0.1687382112838057,0.2571948157516499,0.17447029355641042,0.23196951667447457,0.6942265656743201,0.26090140110165666,0.07717236800815121,0.07476459610286657,94.022,-0.2972930880817799,-0.13790222787318843,0.31436858999063283,0.4574508651569108,0.5234883272212861,0.019060807621803233,1,0.7720718009010605
HUL,13.0,0.8524961850966156,0.23349054141222106,0.19514422262353767,0.19298279362837015,0.10265397142069972,0.11237585630177258,0.14386888316625743,0.22855466703611985,0.6745614974930458,0.21285408029400332,0.07945559383830204,0.07755321990446076,94.3,0.07447578907843998,-0.520576384253791,-0.08488145939930361,0.9739045477688665,0.006499850560375367,0.019595601670758328,0,0.13554378355602836
HUL,14.0,0.8395362818900096,0.22086445846668942,0.2298415061339794,0.2266221836902694,0.09985285386838141,0.124766603925287,0.22973391727287956,0.29602490400351844,0.6631656241285426,0.30913137691982645,0.08293692246332206,0.078125649931695,94.186,-0.4849896285762684,0.5531757425408793,-0.31624617991178317,0.0017340676818049152,0.970369877599488,0.02789605471870702,1,0.1400582244291847
HUL,15.0,0.8669985441176375,0.21517794280181776,0.18720415226085632,0.21016974249084536,0.0901928962345254,0.11976026752152448,0.2286118105981816,0.1791279345937896,0.6308664686795428,0.23465560490478143,0.08333818580193504,0.07454909784341132,93.925,0.7005274051536943,0.5391436695208964,-0.9719997877505764,0.058960295560526406,0.8052553922967409,0.13578431214273234,1,0.6124439537822717
HUL,16.0,0.8482414311695903,0.22139426179851007,0.18647927707676049,0.20259207238863383,0.1123518149742421,0.10741439405665709,0.18670855215016602,0.2400164738750058,0.6786811849056856,0.2754916274473658,0.08213803690207416,0.07557949935474323,93.64,-0.10919747181350085,0.015138603357259693,-0.001241505151203922,0.32599679739519605,0.6377765280572741,0.03622667454752979,1,0.7724489728177921
HUL,17.0,0.8434144841387042,0.20598875146086318,0.1820480658457697,0.19302266645670918,0.10093631005561537,0.29198215828652313,0.2199568923344954,0.2961316328774706,0.6860048228591489,0.3159018637308336,0.0803735572026858,0.07107338767780752,93.616,-0.3175717083784231,0.43091292123600905,0.14744665538202603,0.0017785444691620048,0.9782280828306894,0.01999337270014874,1,0.11101600249950046
HUL,18.0,0.8511836463170511,0.2254298766837208,0.18429455121574945,0.1978433644695877,0.09463669456961586,0.10130642639968396,0.15448581289497956,0.2343651864294041,0.6945319041450918,0.26910455267784333,0.0824225317545939,0.07305204412433802,93.591,0.017814867712703936,-0.3878104569487466,0.32056772433446135,0.920027348075734,0.0650251114938978,0.01494754043036817,0,0.3172260844452248
HUL,19.0,0.8583672984520088,0.22541406129389754,0.21230143310121563,0.21468592341669201,0.12983522116223317,0.1334967263788322,0.24378190819063514,0.28384649870690054,0.6122764259947844,0.3040906329179558,0.08212271537637711,0.07715668076419233,93.763,0.32792558982995096,0.7288474846192877,-1.3494241318532008,0.01958269819152526,0.7934615871365818,0.18695571467189329,1,0.5740912954579629
HUL,20.0,0.8645642379495961,0.21416388325027516,0.21866088003565468,0.26257119364349496,0.18742768671143828,0.16370428971106948,0.20597365857877029,0.27492127831348506,0.6447123155056768,0.2611344230238017,0.08439769031502374,0.07758938576924213,93.555,0.5954409631262167,0.25605097491647805,-0.6908944807044811,0.33162443448254453,0.5389787812064447,0.12939678431101054,1,0.9637625252764808
HUL,21.0,0.8577518038478438,0.22923776012686561,0.16286256671562394,0.19064723608992049,0.11305675885634792,0.10922352561702274,0.14156993791476263,0.22712520893288482,0.7282893049957819,0.2428335325456132,0.08049472974168613,0.07497002229232279,93.35,0.3013553338416298,-0.5493249590241895,1.0059273596368095,0.9172747618636439,0.06465432710908488,0.01807091102727134,0,0.32880059438213977
HUL,22.0,0.824622277639303,0.22296476109135988,0.20160583294018103,0.2077653226002668,0.151452197453624,0.15582635504082842,0.2911316462545928,0.30120998263557314,0.6550144762479885,0.28654264566595916,0.07770881052714079,0.06657234055675104,93.143,-1.1288115371205085,1.3209614047769698,-0.4817348608508519,1.8130311015317394e-08,0.6478223101107929,0.35217767175889586,1,0.6487846240701596
HUL,23.0,0.8827246185956896,0.2043927760736976,0.18651771192908934,0.18991684523112753,0.09543062273679848,0.08809475071314019,0.1897738580769117,0.1515316874392167,0.6784945408696834,0.24093081671104297,0.07930984349050807,0.0717860038173607,93.294,1.3794055329971013,0.053470606510399206,-0.0050308457171918735,0.38802538928189634,0.39912786560278796,0.21284674511531562,1,1.0632388105152701
HUL,24.0,0.8462351118512494,0.2292860207737008,0.21181080580567335,0.202261210100556,0.14490639804143984,0.26917099222218666,0.19237577292255123,0.23324726041281993,0.6845546823533928,0.27952841617597635,0.08370045008573929,0.07592959385601819,93.461,-0.19580817078940932,0.08600785089994774,0.11800517756926249,0.1242653356170104,0.8487066062358316,0.02702805814715802,1,0.49595336878263285
HUL,25.0,0.8616822223970493,0.2103631595631654,0.1758262054315265,0.19117544804051437,0.14140117305705474,0.29341831085770176,0.18687652379860303,0.24445075615418774,0.6828749667841056,0.28989493205428596,0.08060191770473858,0.07373457285522433,93.351,0.47102737692203006,0.017239108139293455,0.08390275199834422,0.34766075708867844,0.5827452594186078,0.06959398349271384,1,0.867472131699291
HUL,26.0,0.8509531802229574,0.2309882572120391,0.1918150809730087,0.19539954659052644,0.17876718696876162,0.2818844151010532,0.1594494056993272,0.2261257940016027,0.6630076929782985,0.2864552562550325,0.08476139474677216,0.07573653377662319,93.644,0.007865888346741696,-0.32574015807024237,-0.3194525771108128,0.9517646473425782,0.020217710360644132,0.0280176422967776,0,0.22608697059742794
HUL,27.0,0.8503073113999761,0.24213907049907024,0.173098016211935,0.20329531721955818,0.17577087168963415,0.13258573861750436,0.21518278122102094,0.2505196881644061,0.6667124068452911,0.29630139177963266,0.08606303158345996,0.08558208685867336,93.122,-0.020015590784616868,0.3712121126940613,-0.24423762332891746,0.01934124377038345,0.9412757559160075,0.039383000313609,1,0.2606575769076517
HUL,28.0,0.8295295401897962,0.2271116035450043,0.20665136637873258,0.2040886300129497,0.12362328690121381,0.2928944519384613,0.3846604495898836,0.3552137470848387,0.6015791545118264,0.32799186823409027,0.0788943397855399,0.06678552531496706,93.28,-0.9169701638798828,2.490549847182116,-1.5666054875718356,4.880695007209779e-19,3.134083127916369e-05,0.9999686591687212,2,0.00035638393716313593
HUL,29.0,0.8551100851835405,0.2039320170960986,0.18020154467926322,0.19548711617698197,0.11289152703931941,0.10725765822096622,0.25703915670582306,0.34098617972270656,0.6756490235067263,0.30931086003024927,0.07951395508207633,0.06747592217796912,93.107,0.1873151120676485,0.8946309020107294,-0.06280196236057906,1.1547694813447439e-05,0.899946209318935,0.10004224298625167,1,0.3253173972420443
HUL,30.0,0.8374785779376085,0.22282442520598894,0.21973066451517165,0.21661163812248707,0.16180401160768515,0.29082663659710273,0.3108118692463931,0.2967729020350658,0.608618066089079,0.30006525457599076,0.0805702424733816,0.07711866358669883,93.332,-0.5738185482670446,1.5670648567012868,-1.4236979843298416,3.706552017491256e-08,0.33105204843009556,0.6689479145043843,2,0.6349218354598749
HUL,31.0,0.8589681518801686,0.19991607076886717,0.19031816256306816,0.20409279966341773,0.12254933501935408,0.291149666251738,0.15130573447864207,0.13119551192093565,0.710917633233678,0.2628781179846587,0.07940539338646403,0.06797865968134427,93.133,0.3538638016187063,-0.4275777032841541,0.6532389913549168,0.8936316015616098,0.08249648258175554,0.023871915856634625,0,0.3954908538211611
HUL,39.0,0.8516521714439872,0.24040198690391645,0.23496849125618227,0.24398096126732224,0.17445567437245452,0.2758646308155361,0.17320654076714634,0.13602067461854755,0.6645941706552917,0.2151429141924158,0.08409138768702171,0.08210198239781849,92.527,0.03804060564023741,-0.15370560184646387,-0.2872431138607084,0.8578404725016283,0.10400531689017724,0.0381542106081944,0,0.4915516035936676
HUL,40.0,0.8607830019837709,0.2042672573337991,0.2291244898456073,0.22131728772626938,0.09271560225441415,0.29333308815952247,0.1650387183810057,0.29392439865800585,0.697598080071122,0.30887163660496747,0.07915232160274754,0.06383635098010543,92.932,0.4322089755761003,-0.2558451601620093,0.3828187614842583,0.7767348054539416,0.18231645464266139,0.04094873990339682,0,0.6374006151535782
HUL,41.0,0.8387494859168688,0.22443199705886807,0.18609761808147104,0.19773584242273604,0.0967732913995473,0.1229858230763538,0.21037058886677992,0.22924699918341152,0.7063961768962167,0.2601425919922665,0.0793338699122405,0.06705932278017684,92.104,-0.5189547848513464,0.3110350938566246,0.5614421234567003,0.0015953687410911557,0.9868853113454684,0.011519319913440289,1,0.07472265496084242
HUL,42.0,0.8165993356295354,0.22748168680244993,0.15645546118964063,0.24396616548550829,0.11862578073665875,0.11267173326685305,0.1566936936443307,0.2396607147629585,0.6718532553365137,0.2866098322716135,0.07695378041836916,0.06804763241473259,92.097,-1.4751535221459988,-0.36020065425093395,-0.13986554614582022,0.9182145770069762,0.07430442375183761,0.007480999241186218,0,0.30812894870417246
HUL,43.0,0.8595517608849651,0.23442494466276836,0.18210172900555194,0.21849148180881825,0.11833533581322596,0.30669219947352905,0.18911128922775788,0.19194170561467858,0.6573344496283836,0.23041437652489422,0.08244994458796923,0.07344542772437354,92.325,0.37905758975202214,0.04518510685004413,-0.43463360098397263,0.6284956321501259,0.29070718003376944,0.08079718781610473,0,0.8543113852632463
HUL,44.0,0.8472888970178594,0.2342613660784042,0.19500137146066215,0.21563735485495433,0.0949995342643541,0.1052755346121866,0.1384266726363689,0.18320004868101764,0.6815134059605249,0.26524278845494464,0.08408985431949731,0.07776530051842825,92.441,-0.1503173712859652,-0.5886318528357511,0.056259663194835656,0.9820305756292173,0.006004980027942926,0.011964444342839773,0,0.10147589818316585
HUL,45.0,0.8479362180002783,0.2370722706815294,0.20280262253571307,0.2095267618090469,0.13524784008157562,0.1741455571785047,0.16922228313521945,0.23972128031508372,0.6563941287424474,0.24410973496516006,0.07479046199173409,0.06349534059880674,92.534,-0.12237320395599131,-0.20352920176103556,-0.45372446589691057,0.9175336943486684,0.04572834567968603,0.036737959971645695,0,0.3414222563222118
HUL,46.0,0.8303946711415021,0.21470535099227805,0.20183333767574815,0.20250121843735125,0.10898812808070127,0.28541293846052057,0.26159676104217716,0.2964659778793794,0.648765142379869,0.31517642513026034,0.07949701880997687,0.06581405355551434,92.584,-0.879623368806949,0.9516242684044594,-0.6086119625471866,1.6130828286702856e-05,0.93084198080198,0.06914188836973317,1,0.2516065766899421
HUL,47.0,0.8627830669440292,0.21528913236063468,0.18242053281649198,0.1976693531620556,0.07751011051559903,0.09912923936255633,0.16334311157482284,0.17458572773941444,0.6791978533547312,0.24449455807924247,0.08101158547058086,0.06957758741539187,92.101,0.518549680478671,-0.2770489182841522,0.009248156104894498,0.9039754838053894,0.05659799583338242,0.039426520361228054,0,0.38127458296221733
HUL,48.0,0.8626253295584078,0.22490285895995057,0.18579542868411675,0.20461713135506004,0.11846421912114298,0.10655453209609192,0.2598660222071831,0.30765625792774076,0.6743243828512953,0.2918855501283873,0.0805736927102255,0.06728798389858573,92.06,0.5117403231154568,0.9299811802215163,-0.08969547944527236,1.0293751296405176e-05,0.8572582263129702,0.14273147993573343,1,0.4100180176397062
HUL,49.0,0.8624918467210321,0.2249550479920657,0.17150898501137102,0.18707367560460453,0.10140572551604611,0.10763532591004178,0.24977879364515188,0.2981506189472201,0.63136943511331,0.31033554195531393,0.0828714351827524,0.07837143779154615,92.08,0.5059780091404529,0.8038392269265882,-0.9617883116615046,0.0020694291105364314,0.9038932536164904,0.09403731727297283,1,0.32643326464503875
HUL,50.0,0.8445897075626793,0.22221396349953967,0.1539196399466647,0.19390553057381027,0.08369196231737606,0.1037668305805082,0.27641230196765515,0.3074137959905055,0.6421349014808487,0.2801340754472819,0.08058580056607688,0.07439734929703479,92.158,-0.26683854677605556,1.1368943116049497,-0.7432224292895151,3.6950560159154057e-06,0.8563568300760404,0.14363947486794387,1,0.41156491543233287
HUL,51.0,0.811678186071175,0.2240593926031357,0.16397265746776393,0.19838250705066934,0.10659008820364134,0.10687542615777954,0.24375113646231014,0.2997136519214563,0.6744358042343853,0.2695836328255323,0.07878717686311668,0.06677616524411917,92.166,-1.6875943829393072,0.7284626806175437,-0.08743334680013046,1.7307493817541887e-05,0.9861614900590869,0.013821202447095522,1,0.07310826824467409
HUL,52.0,0.8267507027643898,0.21498068566587591,0.1801702329070695,0.2286494646294458,0.08630087563262744,0.09789182610151309,0.21392166477450034,0.25621683762803044,0.6740515819563401,0.2739462157348915,0.07733244308498427,0.07567327523365308,91.776,-1.0369296586396184,0.35544170648999734,-0.09523401965171767,0.005387477836188778,0.9829424165067491,0.011670105657062257,1,0.0969941461386434
LEC,1.0,0.9434630751550713,0.14666194421407602,0.1183455686182194,0.19532802008132924,0.13319184927047592,0.32220594527847296,0.10318346115758904,0.18671586681749516,0.7735956008098982,0.23346556636723687,0.12472692356569999,0.15283861400190146,98.3,3.0,-1.0293522656806777,1.92575843648431,0.002732619505504847,5.199582368292339e-06,0.9972621809121267,2,0.018926602688668956
LEC,2.0,0.8582707991846218,0.21416310993945914,0.21100172019717872,0.20578335566442754,0.14081033000810053,0.26393075668310856,0.1317684361499468,0.23610602115436224,0.7132236063179834,0.23676945131074895,0.08540863631464073,0.07474002421850226,93.994,0.32375981775037965,-0.6718938658586544,0.7000560102085563,0.9767453635567986,0.010467445737693988,0.012787190705507337,0,0.12645163650816693
LEC,3.0,0.8104278702178191,0.2179462717009753,0.2091794870123462,0.2126716261052025,0.1534090923668013,0.26161794424352663,0.20496894887791003,0.3048523086785916,0.6872390108249721,0.2967549795428603,0.08027945697899484,0.061980606779195056,92.934,-1.7415692058948904,0.24348696455609864,0.17250375672381493,0.003925041177800929,0.9930392602650286,0.0030356985571702937,1,0.04628156776053137
LEC,4.0,0.8611358092537903,0.22032977942625945,0.20446621604090182,0.1995949818410148,0.11685225315290444,0.10785666447195706,0.10027401395299809,0.0838295002887517,0.7407883442148562,0.16880270784842846,0.08372687354685378,0.06985297482388544,92.961,0.44743929508746927,-1.0657352375880447,1.259689105059794,0.9850755669876949,0.0011520527086189504,0.013772380303686287,0,0.08162342672748771
LEC,5.0,0.8679597290261584,0.20246233787250884,0.18268993671282333,0.19565584604634054,0.10416154964555317,0.12850429450036513,0.15280348942514668,0.2395412364446854,0.6918859812152052,0.27065495472086737,0.08086337709943411,0.076614420554211,94.409,0.7420207487162369,-0.4088481054221236,0.26684887369527915,0.9294169442529401,0.02934376813993748,0.04123928760712244,0,0.3030617836653913
LEC,6.0,0.8411279168401903,0.21800536243265697,0.18795934842154804,0.20073985162223493,0.09843705413363485,0.10963859908047736,0.14064121840390562,0.1372385716104057,0.7094225663990853,0.17997992952020722,0.07780311713816464,0.06301167534340114,93.761,-0.416280418487202,-0.5609387033189877,0.6228853967449184,0.9571251668941971,0.038697508458943715,0.004177324646859196,0,0.19066954501747135
LEC,7.0,0.8476847878333049,0.21542740879894412,0.18948702935443776,0.21428926400011628,0.112404777242203,0.13452347447328572,0.18767666974486535,0.24010038583120646,0.7131851350399989,0.25010271616269525,0.079147190103811,0.06625868916482101,93.403,-0.13322718034256276,0.02724502522165842,0.6992749470821119,0.04538611019617436,0.9348293279103627,0.01978456189346296,1,0.28097007879946456
LEC,8.0,0.8592751625134865,0.20922945376413654,0.17325951140046938,0.2016592734048784,0.09918784749442637,0.1232712107759661,0.13907382918917457,0.3026922317201822,0.7300803458755319,0.2481665381250447,0.075650938582375,0.06484446342901443,93.244,0.36711712839556443,-0.5805390857137893,1.0422899673383432,0.9300199813246085,0.050656400406191016,0.019323618269200735,0,0.2948237886085376
LEC,9.0,0.8352358689745801,0.2271158493257023,0.16549181935750595,0.2116614676076064,0.1267980932930985,0.1444742808510211,0.07844653569901856,0.07515412992388708,0.7496598341478168,0.2000917948447564,0.0759742638345969,0.06102566691468668,93.087,-0.6706339400702069,-1.3386903635205853,1.4398025306145354,0.9989367987704582,0.0003702040767764554,0.000692997152765691,0,0.0090289842705531
LEC,10.0,0.833008418916038,0.21955682246419336,0.1603580400776876,0.2034531921990435,0.11812541462111889,0.10672877128764169,0.10573264180490004,0.10465674322323043,0.747855852255562,0.20115534309037625,0.076748000480526,0.06420460688117706,93.167,-0.7667906209836908,-0.9974744685061594,1.4031771880048856,0.9938387431382194,0.005742592374639809,0.00041866448714079045,0,0.03902967800033955
LEC,11.0,0.8393789521291238,0.21494679432782487,0.16036272435619725,0.20596283020316547,0.08546909046562347,0.09288563388713833,0.1845195433748364,0.22967259219100283,0.717563878920848,0.23273128199574947,0.0771946611116199,0.06497796220436955,93.048,-0.4917813892075216,-0.012235203134958421,0.7881743953108045,0.04036991541881636,0.950435669149282,0.009194415431901503,1,0.2210034075462454
LEC,12.0,0.8553789903031822,0.21624410712929207,0.17291761666891298,0.19950024969744282,0.06947901034093891,0.1022771774473869,0.24056121524046928,0.29538070800610944,0.6839255094244544,0.24649707205536645,0.08197143178885358,0.07269423509612094,93.621,0.19892346381777293,0.6885723488673008,0.10523139409503793,0.0001106733431048741,0.9396652617154533,0.06022406494144189,1,0.228695508484824
LEC,13.0,0.8702369349953226,0.20133732116326172,0.1594984183576186,0.21434553597689046,0.05366291886895141,0.07568572019285959,0.18795806832514794,0.22714377921149465,0.7103340625232734,0.25016051788289184,0.07944629159376093,0.07330658737048452,93.214,0.8403253400634063,0.030763946831591452,0.6413910469285954,0.09401071929299096,0.7702288684823667,0.13576041222464214,1,0.694450724609609
LEC,14.0,0.8595629867206693,0.22913408370491226,0.20093020541768647,0.21185684287959955,0.22735334021963546,0.2354427206696671,0.11909821401260744,0.23271948845485588,0.6914474443742247,0.2742540204423503,0.08280711402022432,0.06871579474110316,93.523,0.3795421972958184,-0.8303364508815121,0.25794547942240836,0.971564159674574,0.0009633065070474826,0.027472533818378508,0,0.133469857580801
LEC,15.0,0.8165724701890088,0.19810582620782916,0.14390622690109214,0.1889416777744844,0.12005444916201513,0.11419016276309718,0.21262713806298317,0.22529658950484283,0.6891867099965315,0.24152585544662483,0.07891051067269815,0.06373265574415243,93.542,-1.4763132750133658,0.33925350107965474,0.21204691941583795,0.00136560571872824,0.9945428387491346,0.004091555532137053,1,0.036948762312262226
LEC,16.0,0.8373900795639134,0.2256025743643503,0.22684514398973202,0.21307285239373217,0.10626300494916922,0.12339854130301409,0.10558818730655986,0.22592078539943258,0.6928705064438634,0.25127910536749515,0.07763268291073172,0.065384902518466,93.248,-0.5776389301643289,-0.9992808886215374,0.28683719728226414,0.9909427336781272,0.00048072755486906705,0.008576538767003821,0,0.053502372484802704
LEC,17.0,0.8524143336538026,0.21927796229568178,0.21102935933913816,0.2052981472748917,0.0786400990011904,0.07887060566522668,0.10177268443486276,0.09454533249111542,0.7567400543041823,0.2054749905412408,0.0789587893051841,0.06914009101402281,93.151,0.07094234821017095,-1.0469941908510416,1.5835487012895157,0.9931347599494503,0.0030351457315070537,0.003830094319042485,0,0.045751826001319204
LEC,20.0,0.8500938379030806,0.20327371431557037,0.1435338246967491,0.20134559204546615,0.12574655593835937,0.13633069549451143,0.23985774367984866,0.3007179942196013,0.6712299099383175,0.29235849405114017,0.07771973661926017,0.06084853843718357,92.87,-0.029231017566351516,0.6797753560958544,-0.15252101617636935,0.0002726655182987861,0.9575865777811692,0.04214075670053185,1,0.1771876343914513
LEC,21.0,0.8346903807385325,0.22452176835476165,0.15763788068872095,0.18410796834478277,0.10781627733592145,0.13050839363364627,0.12802337591428264,0.22841911921146252,0.670018455567674,0.21956649495036484,0.07848725822233145,0.061486049698941045,92.848,-0.694182094631311,-0.7187262748229968,-0.17711656869897127,0.9840133289916261,0.0015533795214088366,0.014433291486964924,0,0.08707583723046423
LEC,22.0,0.8345922982436857,0.21658368216149523,0.23238768568147586,0.22787455133575013,0.11532659166185075,0.1139005318211894,0.1924943870605967,0.30227869676041125,0.7222902313176169,0.2334009164039369,0.0843772736845417,0.07220496654849089,93.035,-0.6984162129784368,0.08749113433795465,0.8841311654806169,0.007647584332874637,0.9863944268528253,0.00595798881430003,1,0.08130497756907817
LEC,23.0,0.8592604965797493,0.19369335646546373,0.21035695628209505,0.21956010815268445,0.10479545292234978,0.10710217119239772,0.24260956601884337,0.3510106567952874,0.6732307554456641,0.3268038250904766,0.08082633296038799,0.07499209291960751,92.554,0.366484015430697,0.7141872109305895,-0.11189884999489447,0.00021014940562635547,0.9345002967900311,0.06528955380434244,1,0.2432558265080528
LEC,24.0,0.8047751726127287,0.21094891176061212,0.2228597733034045,0.22416809934038054,0.12342382862737644,0.10157072006805942,0.19614836654386786,0.30585196132831327,0.7086171985814979,0.3115121844388776,0.08284766705466534,0.06805854815037803,92.731,-1.9855902279728717,0.13318456801847417,0.6065344165202459,0.0026504047543031393,0.9965720436993784,0.0007775515463181042,1,0.02471381119750295
LEC,25.0,0.8316815312088413,0.2163016063011103,0.22841149204373148,0.2300839024057592,0.07934424334560927,0.2987181816363777,0.19386847799797208,0.3030621016134848,0.7145938255209953,0.23644169659138473,0.08562559849703912,0.06457838174800275,92.798,-0.8240709704935051,0.10467429954329278,0.7278748857616268,0.008969951800739354,0.9860358977099322,0.004994150489328672,1,0.08261581888253096
LEC,26.0,0.8541549183118688,0.1770586036877467,0.20039821285713777,0.2076763242656681,0.12058987256245518,0.29058446719932635,0.16611345370266223,0.30333256410423376,0.699286832658036,0.2811894091125463,0.08316968549873731,0.07487501694308435,92.794,0.14608156083886145,-0.2424054713599635,0.4171046611067595,0.7129597894368431,0.25894256904550544,0.02809764151765128,0,0.6914525893914549
LEC,27.0,0.8677446448969232,0.19715965705821065,0.2079524329771597,0.22221052499437327,0.10953671669343619,0.10101330450739374,0.15315362871485014,0.24876942447454709,0.6930191235112312,0.26868153431552555,0.0847573354059327,0.07487607936423457,92.942,0.732735792627048,-0.4044695733350506,0.28985449531244745,0.9262280232843689,0.03255731732664752,0.04121465938898346,0,0.31391405365503733
LEC,28.0,0.8463215529012503,0.21249937693843413,0.18429937838754348,0.19794837590102282,0.127084697153939,0.12733691654584692,0.19038334291663106,0.2412964260841118,0.7088958199663372,0.27487729601137423,0.08044118270402274,0.06684334869388187,92.814,-0.1920766013964677,0.06109228452761334,0.612191127223346,0.0382604934200987,0.9437892778935967,0.017950228686304692,1,0.25161999256914624
LEC,29.0,0.858723643262308,0.22348929105468623,0.18370049767381677,0.20593579263866368,0.11472511940093727,0.106604722756392,0.11642634740653936,0.22349413847238594,0.7363804168422201,0.2170133640734879,0.08202143966036453,0.07335212257792964,92.658,0.3433086212419081,-0.8637484500803339,1.17019715898518,0.9844140240594664,0.00545692701966542,0.010129048920868038,0,0.090415329059233
LEC,30.0,0.8433619788822982,0.20510851095019267,0.2022250910903067,0.20258613279256832,0.09422121226378824,0.0906470844779495,0.10105052916218141,0.09415361876358941,0.7280692751164558,0.2270479031487033,0.0776108746399974,0.06352977702496372,92.464,-0.31983830518365775,-1.056024825590611,1.0014602029822566,0.9964080663618929,0.001180491770580044,0.002411441867527064,0,0.026079182086051825
LEC,31.0,0.8449851828953923,0.21777463893777435,0.20204373613287574,0.19418522628236,0.07305228811204093,0.09962095672346997,0.11700843934597036,0.18648747068734495,0.7077525055955856,0.25030587024000783,0.08469017706884732,0.06381278003240372,93.233,-0.24976629178609272,-0.8564693234316685,0.5889789870576948,0.9929884878771986,0.0023877268304402775,0.004623785292360924,0,0.04626254186976331
LEC,39.0,0.8379036257864312,0.2175391719955113,0.2578579396264536,0.20168033925186862,0.12418166103036588,0.25685103342000803,0.14218594825488945,0.22498618732185416,0.7024661595984584,0.2359534085359522,0.08431678389237204,0.0617643084411259,92.5,-0.5554696787983584,-0.541621678873886,0.4816529467414408,0.9600602719614083,0.03596821197523535,0.003971516063356532,0,0.1806868656524552
LEC,40.0,0.7964360910415581,0.2176508810372899,0.20010017145074926,0.19639372691466947,0.08735962303070992,0.12082401236571075,0.2354319740666756,0.30783616714028494,0.6621459226990958,0.29634845906483337,0.08221045576445288,0.06680299887209204,92.234,-2.3455796260181856,0.6244305980777439,-0.3369486683200011,8.773377503371824e-05,0.9874890804687158,0.01242318575625038,1,0.06776717721514776
LEC,41.0,0.8265604291010317,0.2277777182204471,0.23219554628402184,0.22222549482045287,0.1221272698717682,0.11372694705143081,0.10929925941622053,0.2267559938279332,0.7166014788337506,0.1920992813357967,0.08331108059173022,0.06923777304779294,91.286,-1.0451435729599872,-0.9528735050818248,0.7686352674133264,0.996541989398174,0.002726769199101743,0.0007312414027241655,0,0.024832733031731963
LEC,42.0,0.8400847145984282,0.21583987115884823,0.259600707851609,0.2354450965040637,0.06674022092577196,0.08701923513459527,0.21079802738561557,0.23757706221159625,0.6795390392056729,0.23804960172876863,0.08713843734518724,0.06794063911596632,91.926,-0.46131436423367056,0.3163802616941383,0.016175081889436983,0.01030736145198295,0.9715991243489128,0.01809351419910406,1,0.14774364295424475
LEC,43.0,0.8448122309579484,0.2205473425942136,0.22825425643331138,0.239396405007987,0.051565750456422615,0.07157476656940179,0.21482203204376563,0.23044870106626458,0.6721651430266676,0.23055107494107455,0.08213733877525928,0.06366971714504217,92.052,-0.2572324453810422,0.36670090274291484,-0.13353344627460662,0.011338950785573166,0.9616748235014146,0.02698622571301221,1,0.1858599776258671
LEC,44.0,0.8708075524726469,0.22566530370624194,0.2184062057905764,0.20876819328863727,0.08833334996660101,0.1358701431485068,0.12770302954500418,0.13897342748791205,0.6976533080417687,0.2184518925683805,0.08471810059361064,0.07528650109850404,92.815,0.864958297592715,-0.7227322430136875,0.3839400273657265,0.9522580187029762,0.0023671100020168515,0.04537487129500707,0,0.2012307579913183
LEC,45.0,0.8678376842878095,0.22166739987179718,0.15263900742415287,0.2046216215017654,0.16036267197470544,0.16077721092395708,0.1574001643068608,0.2322503793021733,0.7266704327298736,0.2689627588139912,0.07974483300509881,0.07022314507869085,91.9,0.7367522054698563,-0.3513661573651844,0.9730602052409073,0.670945374812443,0.2359251916007073,0.09312943358684983,0,0.8295526377511229
LEC,46.0,0.8487379767257819,0.2148837328143374,0.1819908094630838,0.2213555531713684,0.08439632863342991,0.09175379332618114,0.20336969020719803,0.2972030488626602,0.694451236421444,0.30674413148350127,0.08125240383219681,0.07040615503738461,91.85,-0.08776212136754033,0.22348805094896598,0.3189299678642742,0.01584311534876824,0.9605282015357736,0.023628683115458265,1,0.1928487270584928
LEC,47.0,0.8196212672296462,0.21523196585487944,0.19898646870309428,0.21188141343366376,0.1105475936693718,0.1064499249402581,0.24791646503186096,0.3017668117969892,0.6527140313978824,0.28504222772842497,0.07611671040695724,0.06399087385928173,91.36,-1.344699907035801,0.7805505934319737,-0.5284396427289157,7.602995559092312e-05,0.96406578240917,0.03585818763523917,1,0.1553444284788184
LEC,48.0,0.8343757684925032,0.1981194377925274,0.18601248714375931,0.21645733788568283,0.08965114084057356,0.11687675510193474,0.2083584424716252,0.23846727214161834,0.6863728449900977,0.2628086680973443,0.07892831371838227,0.07031596454669173,91.255,-0.7077635750496508,0.2858729717693406,0.15491842474501266,0.007334390712021933,0.9814965718147789,0.011169037473199233,1,0.10458149716590281
LEC,49.0,0.8496751389883551,0.22131890988718628,0.18016530802624176,0.21287480311249196,0.09484731598227956,0.09292178122393431,0.18872278414108465,0.30042939950351005,0.7119088026325464,0.2709728987048811,0.08243841101131733,0.06664512340140707,91.781,-0.04730581021442074,0.04032680605943439,0.6733622082084869,0.04528185415197626,0.9311373537543834,0.023580792093640085,1,0.29494057001931906
LEC,50.0,0.8392077269199274,0.21225916510390042,0.16411877078275597,0.21067327241072348,0.0901177072365286,0.09629688199842187,0.19963786191035254,0.23943404483603503,0.6739093322843365,0.2638332668023175,0.08426596331316424,0.06777623728612595,91.716,-0.4991730017565466,0.17682110890134922,-0.0981220436366648,0.07294617529157653,0.9033039702367018,0.02374985447172158,1,0.3716667745452558
LEC,51.0,0.847356604954147,0.2158914783940917,0.1651558164257895,0.19703522787894884,0.09394836131174947,0.1019934332346147,0.23202058416855947,0.2934701406371215,0.6655564737199245,0.27642600056240824,0.08519614387040524,0.07182666430116373,91.763,-0.1473944907482163,0.5817707750596857,-0.2677059557618312,0.001379049577553515,0.9636632462953308,0.03495770412711557,1,0.16198607699040266
LEC,52.0,0.8413266739958328,0.21933015498312702,0.20669092933840702,0.22258250823041248,0.08579004485055038,0.2901526394508975,0.18733149797365292,0.21732852958009577,0.6653276500773512,0.18058552489525137,0.0835487322064046,0.06972788018805348,92.257,-0.4077002807098813,0.02292861252462731,-0.2723516477958918,0.4505745222923299,0.5098364697646043,0.039589007943065524,1,0.8305124228243986
MAG,1.0,0.7506214321242116,0.24097325735168204,0.343872682876327,0.3211419155010364,0.14187674951538637,0.2563743705126339,0.4145421272942024,0.40550875943504017,0.4654208909797211,0.33473747762180583,0.10675525934082668,0.07777856444728726,105.771,-3.0,2.8642236635502933,-3.0,2.2501271967876145e-24,7.319800688484679e-10,0.9999999992680202,2,4.217851148372291e-08
MAG,2.0,0.8310670832744299,0.23282306928220498,0.2347666317725182,0.20403342484237222,0.12786804653564818,0.24818855634680365,0.250747944832283,0.31456586594999725,0.6401618043091182,0.3005247515837058,0.09256143716641672,0.08012628514805199,96.337,-0.8505960428472316,0.8159585739832196,-0.7832812348834209,0.0002309859317949291,0.9355529384733613,0.06421607559484369,1,0.2405636668234351
MAG,3.0,0.8584052578667815,0.19210412356821369,0.20491532986534303,0.20388130187228815,0.14335399946643312,0.29425300565980744,0.20852561500973618,0.2721002651359432,0.6131280905827284,0.30770216870801914,0.08459272898598627,0.06481381481002972,95.169,0.32956425792038146,0.28796348358484225,-1.3321332114421487,0.5872547280214122,0.16429804545342774,0.24844722652516046,0,0.9552969165593711
MAG,4.0,0.8432539914570606,0.2161019691765269,0.19608977936237948,0.23817659282146475,0.0725101361749761,0.08694574446288689,0.2559312434751564,0.21108292135222448,0.5981436940193797,0.2853140112672953,0.08129544712564357,0.05623879385329472,94.731,-0.3245000089787328,0.8807763196407383,-1.636353924680872,0.004455429689551972,0.6429979073481633,0.3525466629622845,1,0.6756321920702772
MAG,5.0,0.8313383802201711,0.20741918063460132,0.19274702103423214,0.2351844281090729,0.11793190585788432,0.29410408186736864,0.2293194738995705,0.2500283539871386,0.6143345489641465,0.26771141450819325,0.08276611149536182,0.0638398050759646,94.598,-0.8388844384750475,0.5479930804927402,-1.3076390899914667,0.043946096091543874,0.6688499385514165,0.2872039653570398,1,0.7646357922988133
MAG,6.0,0.8632305727324847,0.2014119983712009,0.17169866509443873,0.22353334956253265,0.09775033071736983,0.2913257007577939,0.17088095929982827,0.2276923307995942,0.638249067992569,0.26294698631016755,0.08710976648822061,0.06557828544609648,94.933,0.5378680356276169,-0.18278726555914923,-0.8221145642069052,0.9079521567259312,0.011672618753956941,0.08037522452011153,0,0.3422541260750187
MAG,7.0,0.8067589652766757,0.21364954121771582,0.21842124196718507,0.23062674697389768,0.11358069426294705,0.29152877459620624,0.153047574588878,0.25461808894582566,0.6239104839922858,0.3030861718189854,0.08403313613140156,0.06156691308243617,94.95,-1.8999519810213263,-0.40579579237756025,-1.1132236677973044,0.7549407863649112,0.002906822080292454,0.2421523915547967,0,0.5726213898703707
MAG,8.0,0.8446291862575075,0.2135832928826703,0.17753371587077968,0.21192564584599208,0.10993813838264455,0.3056107191633094,0.15432444108251345,0.24709028999650798,0.6474403091916083,0.2870160619723181,0.08351629934829814,0.05683909716984934,94.427,-0.26513429296038804,-0.38982843002292067,-0.6355093885296803,0.9506991407291286,0.005355904574620368,0.04394495469625118,0,0.21339405571688827
MAG,9.0,0.8433311929152008,0.20160662671834673,0.14652103684908016,0.1939140046128815,0.06320748124153133,0.28141766600466567,0.19909481052039363,0.24096393555705112,0.6597761543749695,0.2889541244659768,0.08038954422455104,0.06164569729032557,94.577,-0.3211673030677872,0.1700301888138649,-0.3850608900386657,0.20333474222668801,0.7465543701266735,0.05011088764663844,1,0.6921080568783156
MAG,10.0,0.8631356359607234,0.22334169838033008,0.19233192850563133,0.22203573062836005,0.11379247000110553,0.30491581809665225,0.23296641566891577,0.16973657937934916,0.6059131406429406,0.23159129997578967,0.08014450418959744,0.0648977268787928,94.715,0.5337697148440822,0.5935985067512128,-1.4786147335631457,0.13929662133646295,0.5683248971305579,0.2923784815329795,1,0.9552529180456922
MAG,11.0,0.8459383675149584,0.2279978775723474,0.19188682642349508,0.24773607059741087,0.07747481295371109,0.09473348156994064,0.16322401441993245,0.17330934161224293,0.6328174879109889,0.26595386524410103,0.08493343572630112,0.07593355311287797,94.31,-0.2086183122999644,-0.2785382419033562,-0.9323892195422584,0.9079517086951969,0.005463220619116665,0.0865850706856863,0,0.32797880646062255
MAG,12.0,0.8425425400870118,0.2295975626921082,0.16867424428002686,0.2197747796955131,0.1486904771827528,0.11590027683515144,0.1755035664028863,0.14258006525977093,0.6664070713395974,0.20225287588373467,0.08185909523564212,0.06505025550777678,94.544,-0.3552126178261876,-0.12498103209185343,-0.250436697474248,0.7794544484149559,0.18983385136735328,0.030711700217690555,0,0.6166110283052166
MAG,13.0,0.858525692489701,0.2195638110506435,0.21732179119339945,0.2195568769389909,0.18122031354125365,0.17086904294262487,0.21196209588280954,0.18109439663539506,0.6194064483573014,0.2720548355460861,0.08759551306734271,0.0651300777192208,94.339,0.3347632941737872,0.33093707213044027,-1.2046668518811452,0.45359129477333193,0.3203048210561765,0.2261038841704913,0,1.0594142543764025
MAG,14.0,0.8140377651328681,0.21857318842063775,0.16589825811716846,0.1761045566839318,0.14971996863885662,0.12266610775661486,0.23465054060252902,0.2894819253970785,0.610886828173573,0.3053516865350026,0.08428573550067131,0.06098103603693969,95.024,-1.5857338316532057,0.6146586827363488,-1.3776364418048692,0.01080879160130087,0.5952127490268384,0.39397845937186027,1,0.7247284980831448
MAG,15.0,0.8594643587872556,0.19695624242537468,0.20726046471407467,0.21385937438621555,0.09241166448810195,0.29447176393299873,0.2591747550429628,0.305588886394077,0.6513554462793746,0.297858297325316,0.08779258212467017,0.06188275482940358,94.606,0.37528453293829295,0.921336804830677,-0.5560223172797822,7.303581640560236e-05,0.9127874667021662,0.08713949748142827,1,0.2966312339117875
MAG,16.0,0.8534477740547366,0.22204694751531023,0.18314070263270518,0.20147430903146998,0.1517796579470264,0.12715944266237728,0.1731668195652683,0.2531474037135283,0.6409246631473345,0.273386577821832,0.08583849891729309,0.07975323313054271,94.559,0.1155548855349159,-0.15420232004426274,-0.7677932932181356,0.9101427027983392,0.02344578211252913,0.06641151508913173,0,0.3537873786578024
MAG,17.0,0.8172456707029416,0.2075095605537697,0.18966841533813356,0.21036818428029616,0.09563671656102883,0.10259924881237682,0.277624830465834,0.3085335614503195,0.5905687060542073,0.31143641782906284,0.0800742750698272,0.06191905705203424,94.216,-1.4472519154732102,1.1520571199269267,-1.790145118860566,3.059107248262254e-05,0.27432600104240423,0.7256434078851132,2,0.5878530319814176
MAG,18.0,0.8472101138902819,0.20694911752396794,0.14483705423477194,0.2012091781821211,0.1693859943570462,0.1441296537936261,0.28561623128829977,0.2779605108391154,0.55742869490183,0.2900615066168543,0.08679582352469128,0.08122821044318605,93.795,-0.15371835620626995,1.2519905062985683,-2.4629701997300466,0.00045411842576431567,0.15605208313436858,0.8434937984398667,2,0.43693732513284694
MAG,19.0,0.847739446066182,0.21924034166704892,0.16515418193741252,0.2113276501472974,0.1481377644726068,0.13628152564667328,0.2521024622465623,0.30443405562696546,0.6138183610018865,0.2679806687509998,0.0858562837743199,0.0791529988263303,94.281,-0.13086764180301075,0.8328969700311007,-1.3181189961645388,0.003228972605858847,0.8264070782225849,0.17036394917155642,1,0.4776025102397543
MAG,20.0,0.8399255877080714,0.22002949115993475,0.17496281091324606,0.2211187808151457,0.139371715045703,0.11358698847670953,0.16547435333587077,0.2536303018516369,0.6333378381437661,0.29876316600828456,0.09274419638161399,0.08320851303163738,93.935,-0.46818370505777346,-0.25039749494927993,-0.9218248088714536,0.909784833562025,0.008686500884514257,0.08152866555346101,0,0.3316196778264163
MAG,21.0,0.8440125069038189,0.22629359380024147,0.1983403658921046,0.21217429100041746,0.13302039485957318,0.10276480249297879,0.2803351712683296,0.23400077765380475,0.6077701098325834,0.26541452750187183,0.08626774168744437,0.06517284467728875,94.083,-0.2917556933420329,1.1859502433769704,-1.4409136163411633,3.625196434078473e-05,0.7377884104912416,0.2621753375444175,1,0.5757158820449038
MAG,22.0,0.8527203705302518,0.22936856220248453,0.17518112814391815,0.2132157541657302,0.14589162484094767,0.1429354637634124,0.18239851574647617,0.2527440305530308,0.6626985170381929,0.29858026389050646,0.08932247000222941,0.07709424919338809,93.997,0.08415363892514724,-0.038758897565849014,-0.32572962167630704,0.708233963978921,0.2384691938121463,0.053296842208932736,0,0.7424361570396603
MAG,23.0,0.8271143084874725,0.22768755095521762,0.17249452360639497,0.23801342829605193,0.14345093401453513,0.13891954567169212,0.2459422090318379,0.3366419612840714,0.6500059647362658,0.30905518776991364,0.08417484674346247,0.06643292984034166,93.98,-1.0212331812444468,0.7558622950935652,-0.5834201664898871,0.00019292508941240824,0.959426408462893,0.04038066644769458,1,0.17098712721918682
MAG,24.0,0.8223353594844379,0.2288794635173014,0.18043518861902852,0.2129174000707978,0.1310252679089806,0.11147287112197116,0.21008390334758367,0.2552066100314655,0.6444556075669876,0.2998952441206706,0.08626245320779512,0.06844130700040367,93.891,-1.2275353933296762,0.3074500584675282,-0.6961062936641751,0.06434951877667648,0.876045788823363,0.05960469239996033,1,0.4605578150384519
MAG,25.0,0.8536596142238654,0.22556499830064006,0.17522888128571315,0.2256624082187824,0.16142445176244477,0.15790335358192115,0.24059899333127036,0.323751101135872,0.5717826439108007,0.32517877294647024,0.08777090266385848,0.08644034369935213,94.037,0.12469980327143639,0.6890447682376062,-2.1715491480487072,0.11128760007516784,0.10813934976012043,0.7805730501647117,2,0.6782542995959109
MAG,26.0,0.8336666110399243,0.2302286226852764,0.16010531551779045,0.22568113691350714,0.17502652544724237,0.12804505410251915,0.1941355544037234,0.27730570125937787,0.5970059852316592,0.28022770215023096,0.08245412656495363,0.06921418655853334,94.119,-0.7383771578878102,0.10801412071352681,-1.659452257496282,0.46435854970437046,0.013597029377265013,0.522044420918364,2,0.7539776043826494
MAG,27.0,0.8491064923328498,0.2103519382400927,0.1472578789317207,0.21002911251424758,0.13693566778944677,0.12990053309020988,0.18427505341601957,0.2624715865081371,0.6473743136851643,0.2579542476923102,0.08779127789400906,0.08531770588559855,93.935,-0.07185368943454053,-0.015292578188621312,-0.6368492623081189,0.7916285087745707,0.13950899124210975,0.06886249998331935,0,0.64400640282206
MAG,28.0,0.8513560888489883,0.20716981676164042,0.16109592200354164,0.1960349145248583,0.09223545704410054,0.11214549461141672,0.24488373282935083,0.3562394700943268,0.6607918275892566,0.3476261290584785,0.08742372218165112,0.08065292085564021,93.76,0.025259030806644336,0.7426259284466862,-0.36444018446926973,0.00028184633184196714,0.9490850656478346,0.05063308802032362,1,0.202946143764569
MAG,29.0,0.8293443281477872,0.21932269348266506,0.1482038799602474,0.1965752189681886,0.10106769444486478,0.1315710453906292,0.16437111511087482,0.2394622256829705,0.6900914574454501,0.25517127957384345,0.08230382133765221,0.06378030237120615,93.356,-0.9249655733197,-0.26419361583568873,0.2304155546189499,0.7106767829989604,0.28196530536132897,0.007357911639710535,0,0.6358246829634341
MAG,30.0,0.857202953680803,0.21183779252172602,0.16344944508602557,0.22786566773316713,0.10357807796152461,0.12884769500684357,0.2950332756202999,0.3341025419251464,0.6162072344500867,0.3234801264532472,0.08726205887633362,0.08616118495264075,93.466,0.27766204824850926,1.3697517287194305,-1.2696188926617973,2.0346275944263993e-06,0.7234569869904292,0.276540978381976,1,0.5896846945805384
MAG,31.0,0.8402595495069619,0.23257592914560782,0.14816019501643,0.20575034287151422,0.14429306552413065,0.1327603133562301,0.15853533043406784,0.24075400664398425,0.6574312057641551,0.2535409314771103,0.08594309166101245,0.08274246356496097,93.464,-0.4537669247532889,-0.33717077438961496,-0.43266920952448357,0.9569136562856786,0.01796307346877587,0.02512327024554527,0,0.20689908695581927
NOR,1.0,0.9250987782999291,0.1858351076632074,0.05624702581402561,0.1527697621228739,0.33537919187747606,0.3783198867975501,0.14584758522845181,0.31495045835135166,0.8503338833237931,0.2753686816261745,0.09641306513662606,0.09565610737446877,96.551,3.0,-0.49583248739659097,3.0,2.3263277742681982e-07,4.2319517594061796e-07,0.9999993441720464,2,1.041958752296258e-05
NOR,2.0,0.8697400230933133,0.19871506181803228,0.09733882958299125,0.2028586896464036,0.20878112608085253,0.27454940308494863,0.20036224382225187,0.30672368478574435,0.7191298641614182,0.2773417931398147,0.0715591525047383,0.06205682222261138,93.046,0.818874174853043,0.18587958802042417,0.8199678108676804,0.009368763201530577,0.838575549706517,0.1520556870919523,1,0.47778553257797685
NOR,3.0,0.8674925702933828,0.21531384567634365,0.17248007352698855,0.23214800787443837,0.10841157156771362,0.1230979863262748,0.14383011452131808,0.24563646044371457,0.6781079996155253,0.2702250816307394,0.08267566588599265,0.08286214066422312,93.18,0.7218539965903326,-0.5210611906175185,-0.012878599581622784,0.953766166757619,0.005319661053690115,0.040914172188690756,0,0.20377687067784384
NOR,4.0,0.8727584556544988,0.19455822911751353,0.13721949177874215,0.18730785547134235,0.12775526446357258,0.3053039878683405,0.2122049797494415,0.3081950796974796,0.6945123084811207,0.2979678359483197,0.0754418187536642,0.07513115359674725,92.772,0.9491767401257095,0.3339743628166157,0.320169883364057,0.008905117650368284,0.8693545194277117,0.12174036292192005,1,0.4201242889861055
NOR,5.0,0.8553255151511493,0.22558371530523993,0.11371050852849604,0.18141361495364577,0.02620597305423031,0.08222614995805705,0.14456058647782935,0.2488663950102862,0.6639966144564643,0.25548040576174197,0.0791326819243664,0.07731066236085937,93.914,0.19661499763640577,-0.5119265547901586,-0.2993749986676108,0.9636785010743948,0.003631226442739623,0.032690272482865705,0,0.16787752694575553
NOR,6.0,0.8658552106459488,0.21088250954927484,0.11801388248817743,0.20794062010260475,0.09850168846908915,0.10281649890861175,0.14825979052815166,0.23966311009185767,0.6832528945058575,0.2789625924995626,0.07932636213598648,0.07060614122091802,93.112,0.6511708993172244,-0.46566758269741104,0.0915756296199394,0.9537429731493072,0.011843055021160096,0.03441397182953256,0,0.2136569777938971
NOR,7.0,0.8812993438702138,0.19138331005279055,0.11831471290801676,0.2010964193519045,0.12778951563034413,0.320743859395592,0.2750150532273873,0.3502077780254955,0.7151914447954787,0.29290016120123613,0.07904418945368095,0.0669983415371039,93.19,1.3178779191832437,1.1194215554110745,0.7400080511620443,1.9348047795980227e-09,0.034037761057492046,0.9659622370077029,2,0.1485091551150018
NOR,8.0,0.8846963976677911,0.20278184916273037,0.125645582373158,0.21537496810365134,0.09604363529890332,0.12097549411728874,0.15741292087538128,0.2266258262233254,0.6980994763363029,0.231018350794491,0.07726249156273911,0.07563248305002077,93.101,1.4645251657991232,-0.35120663500870963,0.39299835922539456,0.7973061835838988,0.04096520845683276,0.16172860795926847,0,0.6061311039448134
NOR,9.0,0.8728191891912623,0.20409381951284353,0.12837100186025452,0.21198374445783855,0.2318291444276962,0.2912049657904223,0.15770293020858436,0.2433329852455045,0.6858077738679771,0.2915164662134472,0.07384621493218617,0.06614685181090645,92.612,0.9517985431569019,-0.34758003494318773,0.14344606821231115,0.9065247849184225,0.032513155287140265,0.06096205979443735,0,0.37089878221852646
NOR,10.0,0.856583283934378,0.2215014895225374,0.1314960765606658,0.22259891839046686,0.2482442351819523,0.28831250044348733,0.20280663489923786,0.21921171955910684,0.698037806817782,0.2523064164139249,0.07613118862532439,0.07338482133438914,92.977,0.2509115557513934,0.2164469795662362,0.3917463138173477,0.017887315312710927,0.9417341824707874,0.04037850221650148,1,0.25810003581300023
NOR,11.0,0.8551909745434553,0.21843889303083405,0.10612705667616534,0.22065710472219113,0.029122511934199107,0.07420580930918884,0.1440415853793204,0.2648649402208623,0.6950011304056414,0.2954714326129639,0.0717983724454769,0.06251989640288694,92.978,0.19080702082708154,-0.5184167232170499,0.33009419055225264,0.9673743916686083,0.018168792872995485,0.014456815458396223,0,0.16615652611223938
NOR,12.0,0.8526479059468072,0.2302189029310892,0.10570348462667663,0.2047524673880761,0.13668338167457852,0.13953568311828116,0.11001202097039721,0.2317655533533919,0.7215164953358039,0.2794496570433203,0.07685692331702361,0.08092616328902148,93.116,0.08102541892259468,-0.9439603398725226,0.8684223906059995,0.9916019710917082,0.0017463736862767141,0.006651655222015006,0,0.0527965256011367
NOR,13.0,0.8669239392926236,0.21275328229344104,0.10436861088025644,0.19371656265965664,0.26702978375851516,0.32508893735057776,0.22802260803649407,0.29978421355178153,0.6667052895661997,0.2927694468300816,0.07400425723506945,0.07228374904365444,92.986,0.6973067931691674,0.5317756237231245,-0.24438212188862632,0.004857553593255762,0.9224330593232675,0.0727093870834769,1,0.29094694705367885
NOR,14.0,0.8615658147567332,0.19082264714531486,0.1469324073895469,0.2015092093062206,0.08095411840365377,0.09968756658878519,0.24937310866572596,0.3060143531842859,0.6631699414455252,0.326992951418152,0.07832095672084333,0.07182873468141379,93.67,0.46600218128056653,0.7987660896012558,-0.3161585275831648,0.0001622509589297633,0.9236458667600597,0.0761918822810104,1,0.2709338863051442
NOR,15.0,0.8582115324891373,0.20949845028415937,0.1221825046894736,0.1891489788680285,0.126776212805764,0.12249524148687675,0.18559626094551604,0.23919941271687045,0.6620102263263181,0.29241545769674476,0.08309204110266448,0.07826370093500848,93.221,0.32120133671748485,0.001229273919098888,-0.33970364394653385,0.6595476901801088,0.27196828073679075,0.06848402908310075,0,0.8122423777025071
NOR,16.0,0.842133006549325,0.2074061134364663,0.11972714395866292,0.19939544986483201,0.15165679797468568,0.12412246580542789,0.23291311778448046,0.30598121720677757,0.6721987453721903,0.3019631859212622,0.07460213272688163,0.06765359884972563,92.903,-0.3728917507682275,0.5929320105765883,-0.132851234650123,0.0005764706937754092,0.9727302407540162,0.02669328855220841,1,0.12791311214017503
NOR,17.0,0.8476374798869022,0.19829221068752612,0.10584333806479604,0.21027108167397326,0.03738119561833669,0.11190182535906665,0.22933083692016276,0.3452949709733168,0.6851821932955923,0.33956119766344656,0.07661252572498327,0.07597313838131,92.985,-0.1352694147304785,0.5481351763721013,0.13074521855749746,0.000489151933045922,0.969727135531896,0.029783712535057842,1,0.13819249008194595
NOR,18.0,0.8687807646073011,0.22766508971586358,0.10112921570507084,0.1819966937253072,0.2579645306838454,0.3033388374450831,0.22805692565948285,0.2907787406318433,0.6105993011014693,0.32007330374275594,0.07723586252359037,0.07073791053170092,92.731,0.777463992928067,0.5322047695454505,-1.3834739602248483,0.21452888134917497,0.5270468072926981,0.25842431135812727,1,1.0174696468227542
NOR,19.0,0.8460528883277068,0.21823437872017176,0.15116053327863413,0.19394123579543812,0.09454990799064096,0.12231214543208606,0.09518757617589864,0.2327918568708652,0.7459291615915248,0.22969456336553243,0.07531475544788302,0.06647715822699944,92.5,-0.2036745690240318,-1.1293417269791446,1.3640605505396537,0.9967513419297067,0.0012225643259701669,0.002026093744322931,0,0.02400799101047633
NOR,20.0,0.8679933027743304,0.20340134208006308,0.12817259676369738,0.18522821678301293,0.21230254193221199,0.2768853858665083,0.1417720045360179,0.25105427577149236,0.7049734724216007,0.22742503398260958,0.07773453910101244,0.0684221653581721,92.77,0.7434700921830714,-0.546798092685819,0.5325576656698411,0.9488496242859304,0.016474867641075076,0.03467550807299464,0,0.23403318451089627
NOR,21.0,0.8570195273394878,0.22594304451922775,0.14235709964134582,0.20412562257127695,0.2078464802258019,0.2700590689124591,0.16178411070352666,0.22544122645102901,0.6926776542681455,0.2093253075429354,0.07531226773049124,0.06565904093641958,92.604,0.26974372563322413,-0.29654440347956207,0.2829218159588662,0.8592292255996832,0.1130570002099095,0.02771377419040723,0,0.47618741793494956
NOR,22.0,0.8676128505407569,0.2138513058181035,0.16315520053834168,0.20758008593407484,0.21443172081581852,0.27155754849064045,0.05469214032514135,0.1348216357291176,0.6929932855833902,0.2597299266763265,0.08150371936245045,0.08050524098412748,92.637,0.727046368613486,-1.6357418096511471,0.2893299207789885,0.01895501283040035,1.115494434071497e-07,0.9810448756201562,2,0.09394576099708221
NOR,23.0,0.8654749262725182,0.21335918864051126,0.12670395845333862,0.2085686390234962,0.2470048932400057,0.29748209924287855,0.2875512494676532,0.29341848368819007,0.7107924044653519,0.2833989706428902,0.07548348058829933,0.07111295230284732,92.619,0.6347544220938083,1.2761881311767824,0.6506965342691667,1.1478794155682102e-10,0.03517419773787219,0.9648258021473399,2,0.1522918269476396
NOR,24.0,0.8598549130686057,0.21747192793713419,0.14381019284650964,0.19964908977185822,0.12800508388694615,0.11643252268868862,0.14461580881346747,0.2196694987052715,0.7034533569410896,0.24191672951354865,0.07375948261263642,0.06420040176032304,92.721,0.39214435130645964,-0.5112359931319127,0.501695520922721,0.9544032750320075,0.02619050861389809,0.019406216354094407,0,0.21643868347155534
NOR,25.0,0.8394666303657976,0.22627035277908916,0.1419154583063325,0.21120387822702896,0.11059333252549974,0.12049648249435777,0.13002424935664408,0.2296656499190608,0.6853466928307881,0.276276470570817,0.0759647280968099,0.06587619678999472,92.949,-0.4879964117645638,-0.6937051223068892,0.1340849703928911,0.9892659862956479,0.003698772789413531,0.007035240914938781,0,0.0662608617711794
NOR,26.0,0.8790566549827168,0.20662725377365243,0.13547482878553727,0.22564538986130966,0.13674679453396474,0.3050317209803262,0.1454834068351023,0.24959658868273646,0.6490544235075906,0.2778578499026378,0.07782959232406345,0.06969688922298589,92.758,1.2210633940196967,-0.5003865800893876,-0.6027388324127904,0.8486643327804578,0.0009517998408840679,0.15038386737865822,0,0.43079233796782523
NOR,27.0,0.8751270354886638,0.19520023308056958,0.11171195038314848,0.18241573637578437,0.19483569697701802,0.26844136493351817,0.10929600866436907,0.10464241465443792,0.7220632601815506,0.23527223490696858,0.07438576158271529,0.06383527053500235,92.734,1.051425845311476,-0.9529141561075944,0.879523083960165,0.924022542337579,0.0009592461984549547,0.07501821146396623,0,0.27398030891923386
NOR,28.0,0.8554051798460126,0.22390230212772472,0.170750959794544,0.22725864627263653,0.09335720253267746,0.10413861984821071,0.1718770522883946,0.3090973763268789,0.7091430300717151,0.30699557353092716,0.07850270105076627,0.0752632677205024,92.714,0.200054038891075,-0.1703310081770089,0.6172101104209629,0.414340638032637,0.5480365846575682,0.037622777309794776,1,0.8180664426106328
NOR,29.0,0.8734402992913278,0.19526831625245114,0.15127923471122812,0.19333939854891166,0.08041140990782035,0.0928693028857994,0.13389617385232438,0.2217007332167307,0.699689270314552,0.21142334740872487,0.07459485825148132,0.06261787098449953,92.806,0.9786112142087638,-0.6452862611804546,0.4252751516821929,0.9437041547866845,0.004690280037483061,0.0516055651758326,0,0.23279653222344535
NOR,30.0,0.8281504931028216,0.22294919550378026,0.1313049637829176,0.2101227169118821,0.11327333271832456,0.12414474487823297,0.22776595333320987,0.3039253500954075,0.6663662128815444,0.2852400104645937,0.07379527254700025,0.062353736604519,92.609,-0.9765021790639516,0.5285661271408363,-0.25126622632435375,0.0011302466499181726,0.9813486608218198,0.017521092528262065,1,0.09700682358924737
NOR,31.0,0.8591633990539198,0.22675085930925332,0.15767505289889241,0.22078568608844246,0.1345756021651885,0.3053506128804365,0.11675295775050316,0.22561471377646286,0.7259537317144829,0.2854957889010096,0.07670046677818458,0.06688162082384946,92.808,0.36229241716214117,-0.8596641501657866,0.9585093827797341,0.9850689099566953,0.0035937502538074917,0.011337339789497362,0,0.08583405257089902
NOR,32.0,0.866838102110327,0.18691076866059841,0.16743125347361115,0.20539468235888214,0.13426557767941466,0.3060984025577143,0.15300057077736234,0.13604259045626899,0.6959867389361236,0.248255422585039,0.07741964715719515,0.07177281058822915,92.571,0.6936012921111508,-0.4063835804464465,0.35010450787466524,0.922503307817901,0.03820338044040857,0.0392933117416903,0,0.3263213906356791
NOR,39.0,0.8532860004324703,0.20949024452091414,0.137216988024326,0.22014861427743235,0.10284826726306197,0.13493236567093173,0.11089015321541881,0.22271561067605902,0.7565661212667479,0.22553054579113122,0.07307920413294272,0.06884562703457099,91.243,0.10857128807250498,-0.9329791951550106,1.580017425773657,0.9871041397286088,0.007846028827079634,0.005049831444311423,0,0.07755344825276539
NOR,40.0,0.8741254058832664,0.22843306202977826,0.11237266526868221,0.20056122470849408,0.25233725924953304,0.3221264598408561,0.10554169523411028,0.22380318597330282,0.7568486015666873,0.20797754566558693,0.06873651123089856,0.07201433791750304,90.997,1.0081865466388331,-0.9998622773345477,1.5857524821010933,0.9220915649139277,0.0025238259234609496,0.07538460916261092,0,0.2847696963289579
NOR,41.0,0.8696623951088766,0.20118327595638869,0.16218216462186966,0.19924517601897185,0.2054158341597678,0.2687975156125149,0.2126862962008932,0.3528689765948827,0.7148716766945857,0.3340978752608466,0.07320175620560866,0.0683822668277021,90.76,0.8155230562495894,0.33999328039796517,0.733515959250743,0.0018229190823552883,0.8419495368461828,0.1562275440714618,1,0.4463700135598929
NOR,42.0,0.8654833224293106,0.1985617555261088,0.08222134587280533,0.1844551089602523,0.05529529642215265,0.095189630049019,0.26677362631699414,0.28957655877635485,0.6352175247336772,0.31044837861036567,0.06781795687693927,0.06556298706471696,90.922,0.6351168753692423,1.0163615640545347,-0.8836624716274754,9.765674368799195e-05,0.8910050451713509,0.1088972980849613,1,0.3451918036904277
NOR,43.0,0.8783080251292726,0.18778568814272337,0.12505240701731957,0.19540486799216264,0.1198479180530416,0.3056951499056854,0.2870044983602124,0.23267333209667163,0.6356452590535354,0.2629916324064062,0.07053499372426678,0.06962278076517477,90.543,1.1887458290696418,1.2693509456966847,-0.8749783955411399,3.8388572713628345e-06,0.7817053282369795,0.21829083290574924,1,0.5247869636949133
NOR,44.0,0.8764324038413952,0.20503933866482224,0.109456165470183,0.20132923803987773,0.18547768765869552,0.2553478452758639,0.17679248455676522,0.23220094236132988,0.6717369449583043,0.28570968445235967,0.06877725099817268,0.06522563708352294,90.786,1.1077772268774948,-0.10886296233981448,-0.14222693761503025,0.7772725398345197,0.11531208722552092,0.10741537293995929,0,0.6845812986546003
NOR,45.0,0.8608298618638273,0.21712901430847656,0.11693413913195387,0.20789536122945154,0.25097871260899846,0.31416137308916625,0.15132291625566469,0.2369961066442536,0.6711524853648502,0.28980408071596525,0.06999594342947063,0.06683801563940227,91.301,0.4342318674101708,-0.42736284318641937,-0.15409292858958337,0.9580482180188609,0.009827973634884838,0.03212380834625414,0,0.19693598819515973
NOR,46.0,0.8731434339043292,0.20956122566192004,0.11081567168114566,0.20783672853152538,0.2663154829767478,0.3021196945171843,0.2247360605003859,0.3426175372701222,0.6561799321650963,0.31748101679248375,0.07148630947972368,0.06617181308951527,91.094,0.9657958470662278,0.4906769688000283,-0.4580731919373328,0.02064277524473199,0.8780204365889198,0.10133678816634843,1,0.42631055837743415
NOR,47.0,0.8798440237072518,0.1723457240279358,0.11584297536123772,0.18150905463696315,0.1565370078122661,0.23437228822037223,0.21937711954344163,0.24078085408818317,0.6774594714234454,0.28507142712125066,0.07603283879994596,0.07412296331845032,91.593,1.2550532753712558,0.42366279580452515,-0.0260453432883747,0.011855656455272891,0.8412746621619619,0.14686968138276543,1,0.4797095376363645
NOR,48.0,0.8598553032369014,0.21715756845347925,0.12123289297555949,0.18319871541967525,0.084281907772725,0.09465212785862734,0.14292717707672986,0.24981209200307536,0.6950029619218328,0.3080831427252983,0.06917689893011182,0.06756303564222532,91.36,0.39216119446223124,-0.5323525272084437,0.33013137490997385,0.9663381016541801,0.014124818496615055,0.01953707984920479,0,0.1701451075258511
NOR,49.0,0.863664231438466,0.19760159879327088,0.13034051618522274,0.2149681191600315,0.1941426443420157,0.2815036408382832,0.11925063826564022,0.23583309766557162,0.738576969161888,0.2709595682868041,0.06801132492546386,0.06710209726469692,91.02,0.5565886267611817,-0.8284303680671058,1.2147926627500771,0.9741732851209651,0.0071268037174349215,0.01869991116160014,0,0.13513581657511375
NOR,50.0,0.889385967215247,0.2160011261980841,0.09182348535943119,0.2232688205376693,0.024702029510988214,0.07261657892273797,0.10621267100738112,0.2232426883546697,0.7254309622045593,0.2746622330172688,0.07020057531892145,0.07199968309447323,91.56,1.6669689606070104,-0.9914716481212333,0.9478958547343398,0.6557353454874258,0.00045893622182737565,0.343805718290747,0,0.6473206605569232
NOR,51.0,0.8762559941646871,0.18871988057642913,0.11704700963066672,0.20439524391326408,0.2270726354005556,0.2875238204201205,0.1935388871021044,0.22710805340906998,0.6587668212612556,0.2789353652496464,0.06943455310040363,0.06484707117375323,91.077,1.1001618063080338,0.10055272748439595,-0.40555287571532306,0.5465263026146086,0.3096363956729424,0.14383730171244904,0,0.9721115697995866
NOR,52.0,0.8867337046913245,0.22194750922573872,0.10405699557077731,0.20803958298312536,0.03389760094432255,0.08634780892067485,0.12911458836965423,0.1310201736926922,0.702280063438882,0.2204092874735592,0.07287242050489107,0.08007445543516753,91.251,1.5524735714809665,-0.7050805375688179,0.47787472943666315,0.830428646432494,0.0022002649223889148,0.16737108864511682,0,0.46695129836900073
OCO,1.0,0.8425377597784071,0.20493592362247642,0.324237473382085,0.23200169620390326,0.08555713270848801,0.18997397768598728,0.12378553676638492,0.23050425038057587,0.6779046705400157,0.24902231741171574,0.09335358928394201,0.06470429922254721,102.516,-0.3554189787308511,-0.7717209407590575,-0.017006688164448485,0.9840969360318902,0.0012195176351685547,0.014683546332941168,0,0.0859376999934966
OCO,2.0,0.8357797224502751,0.20979642368206614,0.20709919602308377,0.19481685926956407,0.08321541835816616,0.1994904802344718,0.16818728931590032,0.22780072549956906,0.7477083285034317,0.20628761578244803,0.07671870866691724,0.067030230364909,95.23,-0.6471563563975483,-0.21647191850570335,1.4001820870074595,0.06316822013139645,0.9314308772383345,0.005400902630268601,1,0.268829456189262
OCO,3.0,0.8428492473646853,0.19547656157309648,0.26359990572373093,0.23562453121603574,0.11809686467371629,0.29038391801023117,0.21718298558567745,0.30025767434244455,0.6768341224727663,0.26766372177902437,0.07861129139582368,0.0684550279872163,94.113,-0.34197238659407053,0.39622489831651836,-0.03874149044347724,0.005231490350370364,0.9728747443144012,0.021893765335228525,1,0.13790351430444417
OCO,4.0,0.8606568424572967,0.1892628297328223,0.256392286189927,0.22234525940517602,0.1005908104260205,0.2881773797976972,0.23512482371613783,0.291853335668929,0.6800643060922578,0.26406132553517603,0.08394662172428324,0.06582856348073071,93.941,0.42676280124556687,0.6205896476190726,0.02683931292483138,0.0004570614116959829,0.9366279484707618,0.06291499011754244,1,0.23885637462107895
OCO,5.0,0.8576813279813457,0.1873807536395824,0.2816455304833965,0.24452498641014322,0.11343904798508865,0.26532696090314783,0.14121254232752764,0.16873180747321098,0.6686412525947526,0.24714090320776338,0.07749934211896785,0.060711634006248814,93.946,0.2983129646621406,-0.5537942319464373,-0.20507723224156882,0.9646697780956391,0.003086344884648693,0.03224387701971253,0,0.16327931548001462
OCO,6.0,0.8378835363268176,0.1925820596706002,0.26886843683982814,0.25455553935030706,0.09694085683780454,0.29246665220342066,0.15280765198568697,0.21952493489625957,0.6814834839393313,0.28694274834606304,0.07977299595763583,0.06231385960381142,94.381,-0.5563369196823386,-0.4087960521238335,0.05565217135553696,0.9510813790170187,0.0399477397457898,0.008970881237191345,0,0.21862782583420196
OCO,7.0,0.8597176943605928,0.18733929338157507,0.23636285162889048,0.2313459145756403,0.1248991419653963,0.2764189869449738,0.16926150526620165,0.22389306155296892,0.6741535646129379,0.26669069156367936,0.07538830141498228,0.05953693964498815,94.346,0.3862207637175193,-0.20303872450218696,-0.09316351675245231,0.8677193096545054,0.09087799437415876,0.041402695971335925,0,0.47290821686495343
OCO,8.0,0.8602024555529771,0.2005404079871153,0.24704988661792773,0.23559280432671914,0.07108180043221854,0.2912708189103839,0.1890161784219169,0.30396236233670915,0.7078149590049984,0.30636073175051076,0.0770265325801923,0.06366814897467525,94.032,0.40714739554775425,0.043995735284359995,0.5902469474106812,0.07613480532637316,0.86607136408964,0.05779383058398667,1,0.48535966515755763
PER,1.0,0.8140208425003058,0.22344113878188335,0.27817961893769744,0.2356440610556239,0.1294405911147012,0.20063512322381993,0.28870868757382673,0.30299728269239873,0.5058979742519848,0.2686005186790495,0.09744489840086036,0.06941080763970625,104.033,-1.5864643639375389,1.290662027810816,-3.0,3.4481758654590164e-06,0.0006069555520410656,0.9993895962720935,2,0.005149340548846743
PER,2.0,0.8635157216739794,0.21404148765776532,0.19400143102103923,0.21055085036112473,0.10494748194572207,0.09809780913220092,0.19857011649629158,0.25799416261861124,0.6568578696903509,0.2831067220176932,0.08687588268701779,0.06284850230233878,95.482,0.5501776161162889,0.1634688296976915,-0.44430936523985304,0.37205505760383134,0.5255023713888389,0.10244257100732942,1,0.9393749361895218
PER,3.0,0.845981138692497,0.18471573237728578,0.2034700933728408,0.2117253582489209,0.08082938146207512,0.10630511757026612,0.20996837245351715,0.31417379298263076,0.632556706050663,0.33508937943392036,0.08176656334159774,0.06646582731162763,94.38,-0.20677192546174983,0.30600533135008046,-0.9376837432965285,0.2686711065325209,0.5830358804460751,0.14829301302140407,1,0.9506842019589062
PER,4.0,0.830597643920321,0.19228680999851208,0.205454871368469,0.2144736618688009,0.11220566362413442,0.2921655927845701,0.2355038984143635,0.296035046621451,0.6699307618698535,0.3235075268125669,0.08231220970655292,0.05838879514364031,94.339,-0.8708612470021696,0.6253300203175617,-0.1788969700107446,0.00026703493409117234,0.9801416267770292,0.019591338288879465,1,0.09890329980642892
PER,5.0,0.8414755996927461,0.20510196506958622,0.1483905886767097,0.21666425273133336,0.11664066731994746,0.11417651820404714,0.27110958587198203,0.27609195015587873,0.645184778589475,0.31021464607013355,0.0799490147093198,0.061925956819311165,94.073,-0.40127131469872834,1.070583236966033,-0.6813022988822496,6.584636595628257e-06,0.8879722493035493,0.1120211660598549,1,0.3508046812234909
PER,6.0,0.8138337424237815,0.20451633634480965,0.18608028328709317,0.1991526814264855,0.1613869868646357,0.28717781041022816,0.19665284011469297,0.244470950182765,0.7080169961651072,0.24874605168141126,0.08439061014613104,0.062453662383342934,93.671,-1.5945412778455503,0.1394930680408761,0.5943488068809094,0.003996715065947351,0.9945025295257407,0.0015007554083121724,1,0.037310912779313296
PER,7.0,0.8524174738979805,0.20405538546235955,0.17316445076547857,0.22451346427723903,0.07360917794938568,0.0869578778043498,0.24873320664038262,0.33294122782951013,0.67080125843714,0.324291770876097,0.0827708809871346,0.0706895299870895,93.919,0.07107790925507429,0.7907640411795499,-0.1612237133365638,6.794885952819877e-05,0.9403653233283422,0.05956672781212918,1,0.22648955270982724
PER,8.0,0.8501776212003015,0.19778372438771116,0.15533127997465807,0.1875930552413562,0.09373457986496747,0.2946303172545942,0.2218219382431808,0.23491630341167985,0.7037011162149905,0.26032709238120927,0.0766763451088144,0.06706030717697639,93.568,-0.025614180571126362,0.4542355348220463,0.5067256536143517,0.0004809625826595374,0.9655604311317608,0.033958606285579694,1,0.15238284081592612
PER,9.0,0.855333799057851,0.2080923252644125,0.17338090181993887,0.21470175131337943,0.07117865297018612,0.07841479663517173,0.23373257622537064,0.2978255190942031,0.6712043427952231,0.30228513805102675,0.0817554492574563,0.06474599769716838,93.271,0.1969726051932526,0.6031794326253943,-0.15304009310247582,0.0009274305841312268,0.9530624478758055,0.046010121540063065,1,0.19395494900224544
PER,10.0,0.8528092994849755,0.19789512475903198,0.18515663819100997,0.23492306578382408,0.07932387484701897,0.3018829084521746,0.13643035061784586,0.17967577696621176,0.719184378699594,0.27216604686753054,0.07775844721477897,0.06831980097424332,93.364,0.08799260855346348,-0.6135960892733027,0.8210745922863106,0.9641123461093609,0.0272202232850943,0.008667430605544745,0,0.1744864997267071
PER,11.0,0.839895470513642,0.21573538568488565,0.19497840050518422,0.2269426561416376,0.07463078315296902,0.07882791314126687,0.2349365333777454,0.24456993833685575,0.6746543772970709,0.28830623635811226,0.08788482678092083,0.06627528670420021,93.547,-0.46948383272781813,0.6182350552823047,-0.08299576716561773,0.000309205474175669,0.9747743606477502,0.024916433878074202,1,0.11940075607700526
PER,12.0,0.851223220062968,0.19852988675982178,0.1793192728958501,0.22238892790492568,0.12972870677715684,0.30666996491361137,0.25023466002966094,0.3496302340897353,0.6757244656138098,0.2993544670073387,0.08422912263476745,0.06432325561219966,93.429,0.01952322478409577,0.8095398884938215,-0.06127029897138889,3.3271403328701946e-05,0.935814707754039,0.0641520208426325,1,0.2386164341883191
PER,13.0,0.8485336168896693,0.2248725558214385,0.17355163528169856,0.2078285174668048,0.07358332463544888,0.08870801901650682,0.26179389189556845,0.2556777579027355,0.6575183409350234,0.27277133103120793,0.07976402374759321,0.0620827353947511,93.452,-0.09658412097971956,0.9540894123980308,-0.4309001477062354,1.7167488303660944e-05,0.918976735897991,0.08100609661370504,1,0.28142384567898066
PER,14.0,0.8529490842957391,0.2087479850484043,0.17748708970964228,0.22375727739743906,0.08598196659295565,0.08843234996482545,0.31425099435363835,0.3441160183629411,0.6245276510996232,0.3458358189806511,0.08370568758326526,0.07110524102876738,93.751,0.09402697210455685,1.6100715116993163,-1.1006936325177454,8.978110302613045e-09,0.35719845655951116,0.6428015344623781,2,0.6517894063975558
PER,15.0,0.8403463219985734,0.21520810386955055,0.18249302921844093,0.20910886712032511,0.09687030380584281,0.31168040390380014,0.11992921006145088,0.0850590599552704,0.7039255971582723,0.2380890034155888,0.08595122897706466,0.06668824093369598,93.48,-0.45002104737392584,-0.8199447497183164,0.5112831779954614,0.9933331463232276,0.0030826231235306506,0.0035842305532418598,0,0.04465178873970323
PER,16.0,0.8782356097795989,0.2073221763270555,0.19960753479942075,0.21518647535034616,0.07881281780531246,0.2866657281346076,0.25899661754045844,0.2971684998074423,0.6703018952857536,0.31606711671844384,0.08982508745449368,0.07071457103147795,93.055,1.1856197344373014,0.919109174874362,-0.17136203378461573,2.893622079388225e-05,0.7939904506822163,0.2059806130969898,1,0.508907019068059
PER,17.0,0.8550032834914078,0.2149503906113948,0.15772391490181034,0.21415857821479853,0.11958768502184272,0.11304690230927318,0.17193955886009613,0.1741103047869113,0.6747109304594765,0.2389577879118229,0.07564437048877175,0.06448010386849228,93.28,0.18270459512607057,-0.16954935630903403,-0.0818475965782869,0.820222565331847,0.14268919648346406,0.03708823818468874,0,0.562565091912608
PER,18.0,0.8570820062038733,0.20680187567570554,0.16183736471570453,0.20632037328164599,0.12413959877762577,0.3049099670190337,0.10120557983751757,0.10833839105263139,0.763746072584923,0.2626472675651421,0.07910416217088169,0.06601335898761566,93.099,0.2724408726258189,-1.0540858990632376,1.7257883883746616,0.9894581631173857,0.0032684112130341235,0.007273425669580307,0,0.06500358192705097
PER,19.0,0.8568856981570815,0.20316912768911388,0.17308686368496687,0.2145106550901646,0.07490973248856368,0.09305640115223718,0.20413847327881587,0.29665955073763645,0.7036276150892206,0.2989386528754637,0.07905492728903481,0.06395429319810865,93.276,0.2639664603067989,0.23310177167687446,0.5052333969985408,0.010251837955478274,0.9478462375892521,0.041901924455269676,1,0.2306566017834191
PER,20.0,0.8547284135230174,0.21870660260758257,0.19508538408044876,0.2306292202394092,0.07203396885330998,0.08073739878420182,0.27265488867066384,0.3331558359123404,0.6654851405202017,0.3222792734091107,0.08232905753731659,0.06425304101316502,93.202,0.1708387471166624,1.0899074261879924,-0.26915419805877944,1.4479480957392912e-06,0.8248492168188534,0.1751493352330508,1,0.463978558757821
PER,21.0,0.8488575804317433,0.22064525185024023,0.18656241640536314,0.23790790366293085,0.07853607677319026,0.0832911989777131,0.22316307915947525,0.30424624027240743,0.6853783026542909,0.31644280850743756,0.08141598711954862,0.06942732481905281,93.233,-0.08259895492701852,0.4710066562242034,0.13472672883879983,0.0013865961820678685,0.9703926510796588,0.028220752738273198,1,0.13897282946433995
PER,22.0,0.8054994880187535,0.22355354152722284,0.1786268877427229,0.22265578562511532,0.13422752430019574,0.1339323323852721,0.2939031468402656,0.3148643189492312,0.6289801486015333,0.3113216945788722,0.07567284921260375,0.0635452884884512,93.026,-1.9543222921954773,1.3556193383495985,-1.0102968013875622,2.961393968399279e-08,0.4513957548837914,0.5486042155022686,2,0.6884154911243161
PER,23.0,0.8583583445615051,0.2186905698697852,0.1998889504242439,0.2307857392439155,0.12542759052245459,0.30510886642494706,0.2616344747931299,0.3100599651569059,0.6710340481506564,0.27763180389200276,0.07937091148252055,0.06510769889766417,93.262,0.3275390597756419,0.9520958831975616,-0.15649750014665068,8.371610215370067e-06,0.8757673525937444,0.12422427579604021,1,0.3753630467145726
PER,24.0,0.8405587947216245,0.19068062056137092,0.1847168655656906,0.21979871736001788,0.0810210932907769,0.31000346499489295,0.20726498521824008,0.3052326016495042,0.7307045757003883,0.2986185556727721,0.08312264707910791,0.06870674352007228,92.726,-0.44084882294855776,0.2721991630578296,1.0549633934412783,0.0005450608096358127,0.9832134626788461,0.016241476511518305,1,0.08765869036988516
PER,25.0,0.8372700024366707,0.2149004708420864,0.17753598668018977,0.22623231881839628,0.0950878929434045,0.09631683894224063,0.23215147508816877,0.3001596807418335,0.6748027889991816,0.2925895451655124,0.08412905409577182,0.07200205676151097,92.907,-0.5828225337046222,0.5834075810630941,-0.07998263856359489,0.0004330995383338064,0.9785122175003633,0.021054682961302806,1,0.10589379509972462
PER,26.0,0.8354269037447879,0.1974738475338622,0.1672452113671504,0.2053381231859284,0.08876121296940395,0.09819689859629546,0.201922546502502,0.29417998908130205,0.6908043862910018,0.3086933556194673,0.07885118948151831,0.06225510516316262,92.962,-0.6623871695660584,0.20539135248652343,0.24488979260145965,0.014986578039080187,0.9743356504017253,0.01067777155919435,1,0.13675750694287075
PER,27.0,0.8458450844577676,0.2160044865002361,0.20350880661993942,0.23962617177669535,0.12538080516738195,0.30542066391763056,0.27730901332346974,0.3788425932530135,0.6574640073717463,0.3258486727964092,0.08083171429912803,0.06527805368858594,92.742,-0.21264524396136453,1.1481077902397017,-0.43200325488196206,8.149120339591109e-07,0.8303981541643375,0.16960103092362863,1,0.45526512105520833
PER,30.0,0.8586383055486876,0.22563359227736726,0.14340203579174565,0.2067584159377633,0.25641109565923303,0.31916322285604654,0.22221717819816408,0.2469067039077752,0.6852848240800756,0.27783590019867604,0.07403425269174664,0.06287053801406112,91.408,0.33962468172235977,0.45917805591544675,0.13282888007324686,0.0023477919570781716,0.9494974067977314,0.048154801245190205,1,0.20948911674690898
PER,31.0,0.8395658420767013,0.20955528528256587,0.15601858703565516,0.2134912004196728,0.10056982125536224,0.10402764040710805,0.20116203601086322,0.23760661623302598,0.6862453597613453,0.22697023118511508,0.07812664308750247,0.074253610336739,91.532,-0.48371354634557984,0.19588108132267817,0.15233015587115512,0.026786342418096794,0.9575902972807503,0.015623360301152925,1,0.20343768359971848
PER,39.0,0.8141100555992484,0.2335464008195207,0.21381566030276997,0.20350067619349496,0.19162557301696506,0.2237723223877552,0.17744893948246296,0.22726111712131933,0.6521481881733695,0.2634531869692605,0.08452426483760553,0.06432224674851204,92.503,-1.5826131281015525,-0.10065391799543652,-0.5399276748705417,0.710192160358256,0.2515287246913888,0.03827911495035517,0,0.715100251665882
PER,40.0,0.8298369491824354,0.19730471978689504,0.13829904231313975,0.19868700716356422,0.10894896355114357,0.29432561370484517,0.25330419786007813,0.3510690618131056,0.696849745619788,0.3310390337093769,0.0808759598910834,0.06666442580576953,91.909,-0.9036996403492695,0.8479248120890823,0.3676257011856009,1.2462478617459162e-06,0.9531238603109932,0.04687489344114546,1,0.1892267891755153
PER,41.0,0.8427511310449108,0.21492465256919993,0.19491444959691656,0.21997059345142214,0.12418891222108581,0.3072505790698698,0.15891575105222758,0.24078204283590418,0.7173782358466341,0.2958960423535499,0.08293440273224156,0.06590499174098818,91.391,-0.3462079651278171,-0.33241357080755685,0.7844053767716566,0.6278481637982752,0.3623752779116545,0.009776558290070401,0,0.7053179713478963
PER,42.0,0.8550606750274673,0.22557298579720125,0.16731632594468998,0.2169151592683617,0.10866718586074708,0.11052423709356499,0.1952570965263247,0.22692862954781054,0.693185597713011,0.2282881263256706,0.08372086377825079,0.07048688136468642,91.716,0.18518212749491061,0.1220391339446119,0.2932343378164283,0.06752209147134669,0.8931181445031787,0.03935976402547458,1,0.41027646665454975
PER,43.0,0.8417525089136625,0.22524130391276895,0.17668007797124252,0.2213109467602131,0.08987071569370259,0.30916975133079916,0.1928563900084316,0.248544916153311,0.7065890752552363,0.2678362625073235,0.08811276493748195,0.07535081501143097,92.005,-0.3893174342983362,0.0920180228343942,0.5653584424165881,0.02615566136447168,0.9612643133121973,0.012580025323331316,1,0.18832441784560675
PER,44.0,0.846648713028548,0.20376221648623583,0.15566867961508482,0.2213981410831838,0.09372734107527578,0.30454214063009966,0.2248745596232291,0.2894857463676208,0.6922687404589721,0.3018292080151005,0.07789656525800837,0.07044563378510951,91.712,-0.17795344211505507,0.4924089162598924,0.27461984329323513,0.0005787565330043331,0.9734264213434838,0.025994822123511802,1,0.1254091535591983
PER,45.0,0.8568240344543832,0.18442760572470862,0.16583101230479122,0.22112950722086872,0.08183075408401241,0.2907588900366286,0.27023716205388626,0.31006909145619477,0.6704114509400043,0.3089713933894528,0.08181427943861838,0.07382663746752777,91.571,0.261304502988578,1.0596734767837517,-0.1691377800994844,1.6140861979355832e-06,0.8173539297146212,0.18264445619918082,1,0.47540261685021257
PER,46.0,0.8309601354814723,0.21611642628682162,0.14545069305311317,0.18612012465069014,0.09402982598259799,0.2954348808292406,0.1909358371309012,0.22070039337683936,0.689896557486503,0.2645851138136395,0.07933869431337404,0.0643255799278606,91.675,-0.8552128668080603,0.06800128821912371,0.2264585981762661,0.06449347206750608,0.926308215517579,0.009198312414914754,1,0.290824670303893
PER,47.0,0.8652743788734351,0.20891130535179206,0.15475179318786084,0.1996749703523824,0.07883328609884507,0.09137509836571828,0.22776490467921023,0.34006784958082564,0.677545736805217,0.3226212106650444,0.07756174679872818,0.07119226582251882,91.505,0.6260970013863427,0.5285530136019657,-0.024293940363377734,0.0021492946537922703,0.9287496798739098,0.06910102547229802,1,0.26650255045315857
PER,48.0,0.8567546818852384,0.21454352953479328,0.14717244341613572,0.2029767688075867,0.10499207979609691,0.31143714921645377,0.2179502643276781,0.2972439650268912,0.6887939808982826,0.32394643500747006,0.07927764798572358,0.07331681368651276,91.209,0.25831062537672833,0.40581980722955185,0.20407353684592322,0.00335005159012418,0.9546194961296322,0.0420304522802436,1,0.19663574563559766
PER,49.0,0.8703044929384542,0.2140498202998078,0.14355319537001784,0.1998463855053049,0.07626926800953175,0.0912326810957103,0.16724158916361606,0.19475623311875914,0.6744771597910929,0.25347969042454893,0.07406019136891585,0.06952393900736134,91.36,0.8432417455540555,-0.2282980076744836,-0.08659372560452352,0.88161699985464,0.05532661191039008,0.06305638823497003,0,0.445495110116694
PER,50.0,0.8752895712833794,0.20587873006178492,0.15063827405374625,0.19596200842583436,0.11145325785981201,0.30589662353847225,0.11995836682970715,0.2983187839793173,0.7269912371249972,0.30472246673845427,0.07747548567718733,0.0704036946105452,91.139,1.058442344958483,-0.8195801409779676,0.9795733365159656,0.9318062888568236,0.0034786893991813894,0.06471502174399503,0,0.2626813162845345
PER,51.0,0.8723542148411211,0.20336007072643641,0.1472581501757653,0.2189988747094546,0.04981395604524363,0.07184011545118499,0.21342565260816215,0.30022373079040165,0.7150616250996827,0.2905519260086899,0.0737301627923471,0.06427666514481278,90.914,0.9317260885364148,0.34923901730384604,0.7373723867707215,0.0016819965046066707,0.8029098982967726,0.19540810519862065,1,0.5060291810408324
PER,52.0,0.8483518520893623,0.2076180901501658,0.1620550408566709,0.2209625764518346,0.09524187169147423,0.10246229096569474,0.22581966300190995,0.33780912875044833,0.6654487648891797,0.33048625505358625,0.07692557993372579,0.06850043710136233,91.188,-0.10443071661377382,0.5042275427061272,-0.26989271431248607,0.0038847893953997434,0.9608831489137091,0.03523206169089122,1,0.17778424828247802
PIA,1.0,0.9187072238461023,0.1722532775999831,0.04617451487751364,0.13923557617152152,0.3722607845008545,0.3537369777580554,0.1506065401767231,0.3147403657414282,0.7375952912858605,0.31969534310381625,0.09087401644844079,0.08354622275814472,97.773,2.9327368313717135,-0.4363212084436113,1.194862147540261,0.01609700847148394,0.001397554462732441,0.9825054370657832,2,0.09299331125739796
PIA,2.0,0.8190358006818842,0.2123614558722662,0.13718256431333642,0.17316435521162254,0.19401223476601784,0.2870246808803904,0.1436289493468118,0.23045704858931448,0.707502025360919,0.22466765813833028,0.07322879144113462,0.06644373413884344,93.845,-1.3699738833491109,-0.5235767842606179,0.5838936120597553,0.8968179779865868,0.1019963365904505,0.0011856854229625486,0,0.3384931845003467
PIA,3.0,0.8511851646150769,0.19338698243621205,0.11978221005819419,0.16841305988239147,0.20334430615077823,0.26821367118636463,0.11999803939272496,0.2503539285751448,0.6932474866870695,0.252077490112467,0.07408989125811964,0.058743230239083184,92.499,0.017880411044745716,-0.8190840310147097,0.2944908387205574,0.9856100639584863,0.001407291767195695,0.012982644274317987,0,0.07992475105472255
PIA,4.0,0.8551554448516697,0.22120525739290992,0.1338808151834007,0.20029157655671326,0.25613304325967207,0.30028858663922225,0.1866029744555048,0.22691908390520027,0.6408296444218996,0.2452318424493821,0.07990578111356153,0.06887989246376923,92.581,0.18927324132756995,0.013818342143087381,-0.7697224109040327,0.8084930543274913,0.10287131170360785,0.08863563396890074,0,0.6206135944999134
PIA,5.0,0.8474063532368185,0.21033500542997993,0.15845660601941275,0.18961294194580425,0.19420459300200252,0.268370376851272,0.1013580595926222,0.10716631097942242,0.6966825745785084,0.22861790759357875,0.07525977185063235,0.059947880064478355,93.461,-0.14524690960515618,-1.0521791221890398,0.36423171109758246,0.9812552170833119,0.00029826818131241427,0.01844651473537598,0,0.09464390515785952
PIA,6.0,0.8585127542666329,0.20428493009368795,0.09007995914679509,0.16991767928516427,0.07054084166929621,0.09278291584226468,0.2044531333402332,0.24424507132400858,0.6893892332027427,0.2582745489212141,0.0816660955795835,0.07170917405330691,93.008,0.33420476466495297,0.23703663193378258,0.21615864683712463,0.026354788162495195,0.926504209309499,0.04714100252800579,1,0.31055252714751824
PIA,7.0,0.833016278972625,0.20593691307452058,0.13498626941220876,0.18072597805519128,0.20950274818000356,0.2799217528486881,0.10995886646433746,0.22377659174376727,0.7422045986420989,0.2074390268208951,0.0726995865276308,0.05832376983601177,93.29,-0.7664513105913914,-0.9446250430840709,1.2884426107589908,0.9922847006382671,0.007204580234229681,0.000510719127503323,0,0.047097022971487344
PIA,8.0,0.8406012432797034,0.20927040389053522,0.1287577340378321,0.18795106799834377,0.2086261610722584,0.2747091945364029,0.2167694243431715,0.232709757604108,0.6626360981400586,0.2490987570581627,0.07426917210602293,0.06760755678928199,93.233,-0.43901636325377075,0.39105326741552565,-0.326996881364057,0.014198957566891747,0.9554467544192502,0.030354288013858192,1,0.2100390656408509
PIA,9.0,0.854940538103876,0.21299390593567233,0.1252404922387364,0.1716584796133895,0.20431757704484818,0.27633172464014294,0.09736651909527533,0.11561645822940309,0.7073025068346487,0.230087311279195,0.07529969490090674,0.06277479220804522,92.79,0.17999594260901797,-1.1020937951732868,0.5798428871533712,0.975143149690529,0.0002713831675355282,0.02458546714193569,0,0.1178778212135364
PIA,10.0,0.8589831573120206,0.21614611939824116,0.13709843516087264,0.21434781301776493,0.22540336306399364,0.28121919633382886,0.1712972384144799,0.2902155827914189,0.6435608121418993,0.32193011398320487,0.08204083095993189,0.07547106552651466,93.379,0.35451157036082653,-0.17758164735439352,-0.7142728779021376,0.9154574544605775,0.019207772227080946,0.06533477331234147,0,0.33502954590619116
PIA,11.0,0.857455094856303,0.20196027493343022,0.11961957841032637,0.15962685167633714,0.17360702138577125,0.2569220162832396,0.17624455833010816,0.23240062808489387,0.7130396086106133,0.24927523897131593,0.07150699552538414,0.06343798941018873,92.976,0.2885467181268418,-0.11571484282086143,0.6963203967299771,0.24938192146463797,0.7031388386402292,0.047479239895132704,1,0.7386714191740822
PIA,12.0,0.8636909378600047,0.1911182654785769,0.08490150559490042,0.18847798464712706,0.039732368596285546,0.10838845671596839,0.22464301147324695,0.3034377608644566,0.6811708899315944,0.27444174549460454,0.07461048977871516,0.07537557879948682,93.464,0.557741514945762,0.4895133800141373,0.049305731471497895,0.002564427226649622,0.9338170323042752,0.06361854046907524,1,0.2545018761469786
PIA,13.0,0.866141612054027,0.21523231706790746,0.14331707086453446,0.19340504421586716,0.19556395750871736,0.2614669819147315,0.12028373215110875,0.09188945728781671,0.7221452027363133,0.21335776026356756,0.07375998379767465,0.06068631370866891,93.144,0.6635345474736124,-0.8155114102137501,0.8811867226892334,0.9720680841001306,0.0037125272508083647,0.024219388649061112,0,0.1384242969231319
PIA,14.0,0.8586409529375251,0.2141156792659458,0.12293498077239562,0.17655286290358524,0.24379597223687743,0.2950693060921933,0.20519568533342913,0.22213781907757393,0.6312735698539227,0.26078300264284027,0.07874165291869326,0.07550337567360484,93.603,0.3397389667195581,0.2463223300092027,-0.9637346161030834,0.5024476551976282,0.33754616550576944,0.16000617929660213,0,1.005627740728884
PIA,15.0,0.8312583187012977,0.20242469684615225,0.12969771804150407,0.18759077944748054,0.24614367624122974,0.2983818307530425,0.3132085616608953,0.34793135237057643,0.5945740834732557,0.3391681527457283,0.07518237284762033,0.06608351850970098,93.267,-0.8423406102056936,1.5970357709869414,-1.7088259432726995,4.139195698763007e-08,0.19331342752131941,0.8066865310867238,2,0.4909926930706493
PIA,16.0,0.8325806538087653,0.20497219662213928,0.13817584019945395,0.19441623840282884,0.20939562723054114,0.2754184220842877,0.11348841107283227,0.12689414316577624,0.7188511048870678,0.2337126847368056,0.07027917571662472,0.06609649630361476,93.005,-0.7852567916474078,-0.9004876818238176,0.8143083006627642,0.9950498576423633,0.003887252422585009,0.0010628899350517626,0,0.03378968215019595
PIA,17.0,0.8530630029698373,0.2089639012171715,0.10744864398915038,0.184807450389316,0.2620241295230967,0.32407776925041504,0.12484157221766108,0.31450696967481917,0.7205662784989388,0.2669078667287726,0.07456178365201699,0.07275066421227691,92.775,0.09894472168701586,-0.7585150959867801,0.8491306131480009,0.9852642315645948,0.007915940882260022,0.006819827553145259,0,0.08694768349053579
PIA,18.0,0.8688732560902807,0.2154637130007139,0.10871479285236108,0.16667837738957603,0.24979636294124064,0.2979327908569834,0.16127287063117554,0.23546279662697117,0.6770353231180276,0.2108559605060958,0.07707004201869086,0.07230532450536271,93.019,0.7814567531616669,-0.3029375193817584,-0.03465661431605277,0.9151825085841596,0.03373737595889018,0.05108011545695012,0,0.34738589101585643
PIA,19.0,0.8736887757514854,0.21796550339086715,0.14490896372110448,0.19233573613000285,0.1960322349924022,0.2688343594940594,0.17393763181164337,0.24835793444291812,0.6473833070033524,0.27083284521638656,0.07269487081596218,0.06280909360308103,92.88,0.9893376821725495,-0.1445632242526409,-0.6366666754643967,0.8909958560150169,0.02250545724500448,0.08649868673997861,0,0.39993682064821434
PIA,20.0,0.8702947283611071,0.1846564709034137,0.11171685265068308,0.1901354879101237,0.19384805127331334,0.27140831511776964,0.21581860428817384,0.22592924442565232,0.685802321319178,0.27778048705357306,0.07618549882002958,0.06619794545681264,92.66,0.8428202189996786,0.3791631532744771,0.14333536783958484,0.008860240984938258,0.8974540114202073,0.09368574759485417,1,0.3608036826740333
PIA,21.0,0.8526159621161796,0.20179776255749474,0.13293818776617583,0.1776490064508419,0.242247894200519,0.2933347919701713,0.144072893371751,0.2319606600553086,0.6986852250691291,0.26317540447797877,0.07417240679183415,0.06252900038264199,92.749,0.07964643728526105,-0.5180252131709899,0.4048905229522236,0.9646526421062241,0.02367998738278635,0.01166737051098951,0,0.17528328909268243
PIA,22.0,0.8440826930409724,0.21819824763463336,0.15244026321151669,0.18168427718845298,0.2263624150684647,0.27826248520204017,0.1387967239262048,0.2199702654140008,0.6952393346622758,0.2509601611978421,0.07263359274152446,0.06330639687869212,92.537,-0.28872583147422753,-0.5840043188969536,0.3349303325045475,0.9795518029509127,0.014012179785063623,0.0064360172640238605,0,0.11251441885018751
PIA,23.0,0.883098741175541,0.2078640233160341,0.1436499351478135,0.19998478359052838,0.21808819564206436,0.25938672957767794,0.18444012460144235,0.29722469789672357,0.6509749743976679,0.3153411664286356,0.07816715887612519,0.0753766382131869,92.732,1.3955560120596233,-0.01322834403016129,-0.5637468477092017,0.7931727116548631,0.07188761529962068,0.1349396730455163,0,0.6433188481760641
PIA,24.0,0.8627845931763406,0.20277196741423548,0.1394557518521113,0.17866999543535395,0.20444828761811853,0.27213015878599717,0.20533485340277086,0.23995691100370606,0.6908972483823399,0.2695440285420583,0.07939567102972113,0.07554344814735392,92.676,0.5186155663254969,0.24806264272196568,0.24677512522331568,0.023959894979003978,0.9141814937385567,0.0618586112824392,1,0.3435758925817941
PIA,25.0,0.8556643124048077,0.2223420929381304,0.11167827076465286,0.17730683131590985,0.25120802947134613,0.31827424758318557,0.22280282168432694,0.2974774426512584,0.647723446099107,0.293448442486058,0.07790227617455972,0.07777114880974359,92.809,0.2112405194475281,0.46650159506445543,-0.6297610014271827,0.029136520965301248,0.897630419639722,0.07323305939497686,1,0.3914002417777632
PIA,26.0,0.8844212316493758,0.2125641034371604,0.12245239178865737,0.18957921875489975,0.23208774704708707,0.2806915198325807,0.15893642342828795,0.2484652635028956,0.6522355846315814,0.2880962487203231,0.07480796890698792,0.06691727211278431,93.052,1.4526465376208966,-0.332155060367403,-0.538153308265964,0.8737620911099818,0.004330553087381248,0.12190735580263677,0,0.3980321182624755
PIA,27.0,0.8544799816329853,0.21077078228135024,0.13181731369659958,0.18653784989047165,0.21486146416032903,0.28703192464146376,0.13263700618421964,0.22931105310040387,0.7053238532865526,0.20828831509648496,0.0769104012707729,0.06726988592859251,92.844,0.16011420319840924,-0.6610322976863003,0.5396712732275576,0.9810326501298917,0.008736613079533854,0.010230736790574619,0,0.10708080588818128
PIA,28.0,0.8727385228306684,0.2302763553522215,0.13806189708685446,0.18914785205311246,0.25922748327493766,0.2962210723155329,0.24116305047611022,0.3061152025919839,0.6503221625954755,0.270228106559733,0.08153471751839775,0.07896785730333597,93.19,0.9483162610440737,0.6960983677057374,-0.57700055941084,0.002584723513951527,0.9064525509434993,0.09096272554254917,1,0.3224942567838258
PIA,31.0,0.8303796248478387,0.21634034889901854,0.1709306418891322,0.21731887592106058,0.20605581519515595,0.29148957510112433,0.2189002636787632,0.2489513277720968,0.6538271170886725,0.3052767815971317,0.07578253694710635,0.0649452013572304,91.68,-0.8802729015105794,0.4176996583737849,-0.5058412203422427,0.012933839746053047,0.9544204006933741,0.032645759560572696,1,0.2124749501539984
PIA,39.0,0.8692593504707711,0.22396248648963277,0.12596868021673924,0.19322282184648235,0.23171675233670103,0.2934270772073236,0.17323551035814194,0.2318825582301003,0.6283045423593806,0.28448676451292404,0.07936482930100802,0.07191566770505071,91.646,0.7981240422911956,-0.15334333377928677,-1.0240132972095528,0.8794055265469666,0.0068575069756899145,0.1137369664773436,0,0.3944275826474438
PIA,40.0,0.89373493214058,0.21397383189616043,0.10162756468485122,0.17317954206187505,0.2011164150164921,0.2686115883389519,0.17292154285792716,0.23742704955088414,0.6538193192459568,0.29214692023277805,0.07210446543026044,0.06741556813376283,91.475,1.8547092114043222,-0.15726953347870587,-0.5059995360450239,0.8141474723602233,0.01790185124162477,0.16795067639815162,0,0.5390546770441746
PIA,41.0,0.8537048219607536,0.21255015470574845,0.12312521585072624,0.20230931950410147,0.2537418714372524,0.295663657348924,0.2595094611550011,0.26123532195428434,0.6436047081633013,0.27706467705361987,0.07382866220086048,0.06449728194007162,90.85,0.12665137381916192,0.9255223432560863,-0.7133816789217318,0.00010484535063732847,0.9178717208411538,0.0820234338082087,1,0.28474026314032463
PIA,42.0,0.8804109585926431,0.2112475494981851,0.11751200534954136,0.1760717070392639,0.22966694470777652,0.28434926719538567,0.16648822749813608,0.23523563291646898,0.699287217698649,0.26311769232432397,0.07380037585852983,0.06766431398061167,91.178,1.2795272592723685,-0.2377188819450305,0.41711247839385557,0.7063687664929497,0.12921680085474913,0.1644144326523013,0,0.806786096454378
PIA,43.0,0.846182676291309,0.20368341487909783,0.12756860085057048,0.17069356179400555,0.16677213506828875,0.24930299098214156,0.18968085053975842,0.2291745000833685,0.7037025711077648,0.2741003802757118,0.07413566563355777,0.0636471786020106,91.011,-0.19807175887138317,0.052307536561550745,0.5067551915750964,0.0574863489635894,0.9236572559774611,0.018856395058949676,1,0.31242138771348754
PIA,44.0,0.8493538657372016,0.22861676238632705,0.13909720772634374,0.2007075682351999,0.2280015485589841,0.2905014172078407,0.3557817175109598,0.3412225317957387,0.6476858637238152,0.26776160067149996,0.07220045558837684,0.06758115508503344,91.465,-0.061174839232033984,2.12941798120774,-0.6305240176065898,1.4436122564281435e-16,0.0006044193083965723,0.9993955806916031,2,0.0050837553281996625
PIA,45.0,0.908054126890887,0.18659306055146463,0.09883019850435495,0.20261339004714318,0.2130964940989465,0.2900118312888795,0.12139637607780383,0.12856073671713478,0.6995209570007007,0.2533564859792688,0.07039501976454551,0.07129695580787648,91.406,2.472853818177017,-0.8015976699458489,0.4218579706051353,0.27482314109985095,0.0002300511244140518,0.7249468077757347,2,0.590080528201781
PIA,46.0,0.8653091673182148,0.21840261096005614,0.11908282977711972,0.1824052209502242,0.2270785496029027,0.2754857909128467,0.23090455960573247,0.24280525548526885,0.63856150460249,0.27881230440947935,0.07273884341195448,0.07371713484052125,91.496,0.6275987820306884,0.5678147595481496,-0.8157713198920467,0.02370913354308365,0.8750364576769463,0.10125440877997005,1,0.4374101132629377
PIA,47.0,0.8520544689253026,0.22345190139746038,0.13078659827173386,0.19412498664260944,0.2511109687621404,0.29842632853640894,0.14981215357471145,0.2236771352890239,0.6656627041998283,0.2806460744576456,0.07320425189188479,0.07713788167246927,91.427,0.05540736562427935,-0.44625510426374243,-0.2655492114293258,0.9667505419331256,0.007722897974249327,0.02552656009262503,0,0.1638836216547202
PIA,48.0,0.888285517632521,0.20790942633371454,0.12388077039946649,0.18735016214503816,0.1949443013526936,0.27093233267771466,0.16016217235021213,0.2527608127695048,0.6754448146120152,0.25535730973275017,0.06966440614694,0.06345262428342247,91.159,1.6194637072426217,-0.3168269291260174,-0.06694791347286118,0.8389630008571096,0.016244619396357674,0.1447923797465325,0,0.4940448017876774
PIA,49.0,0.8753351853805127,0.21210910628712043,0.11445201744087705,0.20620809127819578,0.22810493994569664,0.2869324997917537,0.186940447766624,0.22925213879607775,0.65106002540417,0.2911388246388737,0.06727999774948352,0.06342580070131076,91.422,1.0604114576514414,0.01803848471125675,-0.562020099638278,0.7688430530746614,0.11515570253998915,0.11600124438534969,0,0.7008947584343719
PIA,50.0,0.866093686218451,0.19052024019239988,0.09311711624543167,0.1727419644521259,0.18753544952390783,0.2682787236768786,0.18356140063275103,0.30821872819928553,0.6577719741631878,0.3169480416824667,0.07249947021189178,0.07437015541798243,91.752,0.6614656394586735,-0.024216888320216956,-0.4257507590573827,0.7693041965896497,0.14750884088089936,0.08318696252945099,0,0.6909349047519385
PIA,51.0,0.8880555634301053,0.20175443966886747,0.05829594702435318,0.15963523870018217,0.05613528088690852,0.08769008085933341,0.19330928015189416,0.21949576593215334,0.6800452665954966,0.27880766343297686,0.06951292376540542,0.07073745772969568,91.305,1.6095368257030773,0.09768146616504515,0.02645276353928175,0.2745808247661237,0.4372354061305943,0.2881837691032824,1,1.0751618415664117
PIA,52.0,0.8759079809316233,0.21595938855028715,0.07913165618980526,0.1956596719966539,0.038998083807926,0.08316978788918933,0.19352953222907693,0.2341814319062685,0.637503078139545,0.2897821654653773,0.07269809075016119,0.07801454186572528,90.941,1.0851384403398214,0.10043574372128848,-0.8372600232980579,0.75946952998152,0.10552211965747879,0.13500835036100114,0,0.7166017479627302
RUS,1.0,0.9501822029809304,0.15681321071195609,0.06540666768552782,0.17505510061449983,0.09410926877504561,0.3275057009137596,0.11526774959345419,0.2254349172780106,0.7438142179424309,0.26653853142985895,0.10359800365709099,0.10817289599076842,98.651,3.0,-0.8782368489826747,1.3211219068200382,0.016636640325326885,3.8853987489205175e-05,0.9833245056871834,2,0.08507640547915316
RUS,2.0,0.8571603745402494,0.18857341830481494,0.20399881005408366,0.18812966134323483,0.12185891018889673,0.29462057035293,0.2725653201199123,0.2882919236692746,0.6085192839381447,0.2800294647934625,0.08225849585110731,0.05837130506159578,94.115,0.2758239514453586,1.0887873611596135,-1.4257035089624444,0.0002560529327230259,0.822943713410713,0.176800233656564,1,0.46883047042044035
RUS,3.0,0.8118678080818467,0.20790683013551917,0.17323120038156514,0.1860832485193021,0.13152641617482067,0.20760651498594487,0.24392840342152622,0.3018115109069333,0.6542334370654346,0.30581766223258383,0.07827910089903468,0.059798832911973555,93.096,-1.6794085997813855,0.7306794243299183,-0.4975919089594903,8.97602494651668e-05,0.9718543630007747,0.028055876749760084,1,0.12884147759116782
RUS,4.0,0.814785214495865,0.20793962262139282,0.1887662955840703,0.21050438911529223,0.11907562434411409,0.11984716944878093,0.13391903694266108,0.22633347647512514,0.7147186096960456,0.270616794143269,0.07657277453151932,0.05916099616727176,93.084,-1.553467227236616,-0.6450003556063226,0.7304083164923362,0.9429948591332663,0.05651505308079666,0.0004900877859368605,0,0.22146526283008766
RUS,5.0,0.8153693470660179,0.2348182013920652,0.18183302424730532,0.20563085344458285,0.08926066014862839,0.11339726297979313,0.2022546539437277,0.30141803656870847,0.6650232644240613,0.30405076779121193,0.07717663523784143,0.06375212070799026,94.211,-1.5282508373364412,0.20954439423454915,-0.27853143756266585,0.03572556200018406,0.9501175149395131,0.014156923060302598,1,0.2279245651340699
RUS,6.0,0.8578698030496248,0.21700197787881245,0.1604025164296606,0.2040794958062351,0.06181217479956011,0.07014888336515825,0.10297383621674008,0.1302241061111611,0.7299205625341216,0.247751512807353,0.0833822349999282,0.06868671239151036,93.839,0.30644923552090225,-1.0319736496748455,1.0390459660279128,0.9880819652974753,0.0010703860568926984,0.010847648645631923,0,0.06824055722449252
RUS,7.0,0.8419993545873683,0.19959032715627448,0.14143792258738233,0.18473927297540801,0.09775744429072597,0.10435922449093389,0.21229702542903325,0.2496679627742311,0.6671407918911232,0.26682434736252836,0.0805009864726472,0.06856625768685784,93.432,-0.37866136567386655,0.3351254046260347,-0.23554033587840986,0.021175950073969264,0.9501886027284658,0.028635447197564983,1,0.23192551430528666
RUS,8.0,0.8566047903880453,0.21612267650544595,0.13615695417206955,0.21085711534228468,0.0936098857188671,0.09116465278192981,0.1557433558857147,0.16426742294459606,0.6678439497844704,0.25488620978458204,0.08251229360601683,0.07083504849741996,93.136,0.25183996678127674,-0.3720847372202612,-0.2212644726543447,0.9556771685726914,0.014987985067234913,0.02933484636007376,0,0.20980492117074762
RUS,9.0,0.8352418401490901,0.20658223156022187,0.1938645962224735,0.22238106095179822,0.14465483198753923,0.14370008162036488,0.2653373326498589,0.30043950345288667,0.6295182533507595,0.2932135420735569,0.07967199247890026,0.0621267068162108,93.154,-0.6703761707344453,0.9984005465596473,-0.9993719296441678,5.451338776706631e-05,0.8787940076561949,0.12115147895603787,1,0.3697956051019149
RUS,10.0,0.8439883884109578,0.21822882456608203,0.15618430406724165,0.2151358058827489,0.24390111339156637,0.2998607095694897,0.17132195073950546,0.22834647624950324,0.6558947011840031,0.26126218301614357,0.07858362124900714,0.06154886558772573,93.424,-0.29279686336210375,-0.17727261688779788,-0.4638640939692643,0.9002349564614188,0.0635267249341864,0.036238318604394644,0,0.3899382306934307
RUS,11.0,0.8373416723262358,0.18619166794588307,0.12747815941408613,0.21135435718053214,0.2074316495908299,0.2669265993156492,0.13452038724970056,0.29786967262476954,0.7060039009392535,0.3090711127430128,0.08182989669957925,0.06671479756772952,93.089,-0.5797286198026759,-0.6374804008558187,0.5534779407877997,0.9787897776745097,0.018317369833834606,0.0028928524916555596,0,0.11116163112072358
RUS,12.0,0.8435242322240428,0.2076129882149021,0.15618197562560057,0.20701728307044945,0.07528168119926514,0.08323613726838731,0.18702298307106682,0.23262809346645524,0.7067947585842222,0.28101947219171775,0.07609570670450333,0.060213570594181476,93.354,-0.31283399873492346,0.01907059818565524,0.5695343282309341,0.06275366629701311,0.9223733895627287,0.01487294414025835,1,0.3108569512656792
RUS,13.0,0.8786504263482608,0.18992636019269313,0.15940598403587164,0.19158758204070245,0.059183232355989684,0.0779386258872881,0.1219923773050374,0.13649274264430916,0.7153914080529693,0.2479134086653171,0.07980127384784153,0.06426153038867882,93.159,1.2035269302810363,-0.7941446060535128,0.7440678052240882,0.9095715874559381,0.0023926377856795665,0.08803577475838217,0,0.31457904422894434
RUS,14.0,0.8205638226602658,0.18027021999633924,0.16913096922107992,0.20814423976344854,0.06290969796186892,0.09757305072599272,0.16170054580754925,0.3004597051693924,0.6704754531400788,0.32235327953463994,0.08485792403493475,0.0726942722348283,93.729,-1.3040107784792299,-0.2975893921145133,-0.16783837542388053,0.8844554562600442,0.10541986038737604,0.010124683352579763,0,0.392270687127587
RUS,15.0,0.8593332623350568,0.21642294962451342,0.20210173992888464,0.21392942691634842,0.08257371876642444,0.09862684400565262,0.14973722426356664,0.22884569519338166,0.6652145318561318,0.2767592285855647,0.08506813662400932,0.07048666526888052,93.27,0.3696252367064312,-0.447192103917188,-0.27464823049738235,0.9587636019295166,0.006150573875713064,0.035085824194770375,0,0.18922414750812278
RUS,16.0,0.8350231566671087,0.2236054191157043,0.21703015544063117,0.24277283451357978,0.10050378357154958,0.11678700289380278,0.16428540726473356,0.23049142326759528,0.6637022525445042,0.27952086371663987,0.08080699506303264,0.06469798472749635,93.309,-0.6798165071035122,-0.26526540230889845,-0.30535128142469226,0.9208436809203346,0.059548088439142374,0.01960823064052285,0,0.321016551967628
RUS,17.0,0.8411812342614792,0.20587365365759755,0.1543885252511671,0.19621447092706817,0.09032354652748155,0.29448806294351865,0.19864980269952012,0.22779447034195074,0.6831327467125321,0.2641632382387663,0.07839597850662615,0.066408191645707,93.174,-0.41397876137648715,0.16446531483373172,0.08913632902982391,0.04984268795855373,0.9308161282822932,0.019341183759152794,1,0.2925168982221101
RUS,18.0,0.8381083194921601,0.19051733410938523,0.17351997541925498,0.21753806442029136,0.1219364292526841,0.1421320163202656,0.28690393689171123,0.37370779848730074,0.5733070787679848,0.3415670201877931,0.08234203336961446,0.06475707159353848,93.072,-0.5466332663852961,1.2680934129675572,-2.1405993091561037,8.138813107853606e-05,0.24770148111612356,0.7522171307527975,2,0.5606204384744391
RUS,19.0,0.8558614912483752,0.19385982800429474,0.13914586117847225,0.21270062824457736,0.2139512545257905,0.2796803170479072,0.24067947320257474,0.3410441631503671,0.6701911300265448,0.33364725759689384,0.07583619372800016,0.0615448729908547,92.807,0.21975252314929503,0.6900511782842141,-0.1736108454745687,0.00032443126234816356,0.946411885247498,0.053263683490154076,1,0.21092799224532677
RUS,20.0,0.8557997154453388,0.20529367324383782,0.1477621565211335,0.2094644957064837,0.17341369239791846,0.2660501290783703,0.1414237442539799,0.10669009733770865,0.7068066839045009,0.22966932324530812,0.0827772545745982,0.06854556450505049,92.803,0.21708572657715186,-0.5511531275659317,0.5697764420474912,0.962817670384652,0.024146773782491207,0.01303555583285693,0,0.18297065641677862
RUS,21.0,0.8210699156646066,0.2067343073687353,0.17241037047436866,0.2117272588025469,0.12404018458802364,0.12054067488972414,0.22994309075185398,0.300479231130332,0.6613982460162132,0.3044019835104922,0.0823159914844902,0.06359107582746384,92.85,-1.2821632747184515,0.5557914809523837,-0.3521283742745839,0.0008374677994219345,0.9811494226340884,0.018013109566489872,1,0.09695779971860047
RUS,22.0,0.8271296243587534,0.19844839387680208,0.16511842717252706,0.22464409222511647,0.10569650228205528,0.10800202967168514,0.22532389051575658,0.2870209063086703,0.6676369309453389,0.3214654514082966,0.07718229670424014,0.062932036080547,92.568,-1.0205720111580419,0.4980278507482525,-0.2254674726635985,0.0014530682990639412,0.9827054391832434,0.015841492517692637,1,0.09230353147303282
RUS,23.0,0.8241721917934108,0.20555173410095695,0.16313050324882455,0.2110981674900436,0.19593884462039002,0.27402041563192875,0.22602608433862534,0.295058179841624,0.676729131093549,0.31126031705025464,0.07919650985066101,0.06065528481496445,92.683,-1.1482412706407523,0.5068088652621601,-0.040873077934128664,0.0005635723919568368,0.988711986125392,0.010724441482650858,1,0.06407807684912951
RUS,24.0,0.8603948499813607,0.22640442354564905,0.16490682847597926,0.2184582609707967,0.11538287550555207,0.1291964122660075,0.1316687222852423,0.23603491489280995,0.6951303469480198,0.2778598829595751,0.08373144515514004,0.07368396551297848,92.852,0.4154528610681448,-0.6731407992048222,0.3327176094212348,0.9762640089180262,0.004103831601715782,0.01963215948025793,0,0.12317191135535077
RUS,25.0,0.8256757508409167,0.22229885860233828,0.17973327483441343,0.21276577409375014,0.1003407043031282,0.10796465045445569,0.13128542346522748,0.11426924964304375,0.7177522971342342,0.214645106239802,0.07944768998533996,0.06396661720418287,92.863,-1.083334204818485,-0.6779339950320984,0.7919997561133671,0.9661016115252812,0.03305122077786223,0.0008471676968566386,0,0.15200441009536333
RUS,26.0,0.8279864257248066,0.22287683234882252,0.1585587485919054,0.2135602561199064,0.13200921605874233,0.1265500492243942,0.15088902762134593,0.22534100983988245,0.6781372295590644,0.27704573925222103,0.07877932849974284,0.06515893899582093,92.958,-0.9835847955543191,-0.43278867045987374,-0.012285158648995589,0.9567100700849143,0.03671661796293172,0.0065733119521539955,0,0.19669927838055556
RUS,27.0,0.8158577425332175,0.19814095403327697,0.18180881859417583,0.20599635494843227,0.10830283040469825,0.1334608954656945,0.12738467680125712,0.3133011486371965,0.711799851309108,0.3018950726961893,0.08361456314156467,0.07515113900562302,93.062,-1.5071673176772662,-0.7267132806878223,0.671150223949753,0.9771151735200583,0.02240330161037074,0.00048152486957099225,0,0.11139909394853903
RUS,30.0,0.817551038009099,0.21152499611434508,0.1539669036777301,0.22788541235370172,0.2580999260055994,0.3061650430305677,0.2244331106964975,0.2992460710944028,0.6715830325741677,0.2989121278976037,0.07819620961749833,0.06475358187966211,91.51,-1.4340695294048986,0.48688854666031,-0.14535174381462168,0.0007896307670235186,0.9893229466768619,0.00988742255611441,1,0.06190613342941366
RUS,31.0,0.848515861897672,0.20921116183535032,0.1610096185216707,0.21642907517341728,0.14075005408581268,0.14011320234200123,0.2218833149250546,0.2548478364083526,0.6162935239264301,0.2991105904077153,0.0818394453864833,0.0815626459832843,91.8,-0.09735058534715105,0.4550030572877771,-1.2678670005567536,0.18018530991364567,0.5590325678981427,0.2607821221882114,1,0.9844095265000441
RUS,39.0,0.8486963417459642,0.22787503941794965,0.20682343138204984,0.22251612643425212,0.13681119095558167,0.1371493999196687,0.1525792089291786,0.23916614812141568,0.6681217328322613,0.2524008474497115,0.08557745251343957,0.07671447888571119,91.848,-0.08955945974278937,-0.41165275881858376,-0.21562478228928322,0.9659699827094796,0.013293254422200956,0.020736762868319256,0,0.17125032437859083
RUS,40.0,0.8266346932826568,0.2337685015267928,0.18575303063425166,0.2046444968903534,0.10014117886515815,0.11259839337732841,0.11586314200089326,0.16326315655881357,0.7163413024189972,0.23730061820539874,0.07900609323442377,0.06602349784482459,91.606,-1.041937666192989,-0.8707913984518888,0.7633530357178724,0.9938910160109308,0.00538422334215786,0.0007247606469112656,0,0.03945876787986553
RUS,41.0,0.8684868579662058,0.19304724105278276,0.16209166803497485,0.21711400479444107,0.13630057014600522,0.30509435788128336,0.14019515475558753,0.2038990062706879,0.7175388417009844,0.2858917308056908,0.07903388504390975,0.06429390189121163,91.124,0.7647763517404338,-0.5665167805427455,0.7876660771511612,0.9358385256571552,0.024863447272155476,0.03929802707068906,0,0.28110332089707457
RUS,42.0,0.8530374876067842,0.2183720944085359,0.16357591994198845,0.20663513217704205,0.10791376420081844,0.11831158943697341,0.1218784489649769,0.2852639137370302,0.6716296159837339,0.28622551201948,0.08298377937113564,0.07406221172425913,91.188,0.09784325024702722,-0.7955692930488063,-0.144405984135651,0.9568792061309738,0.0005608614940971815,0.04255993237492931,0,0.18073104616229005
RUS,43.0,0.8563126421386518,0.23023832344918138,0.14881710057278014,0.21205329779682974,0.11995977818990831,0.1191011007458612,0.13935780218097907,0.22066741908451562,0.6841986634251492,0.269493196314234,0.07905056771917338,0.06699542935267123,91.231,0.2392282335176585,-0.5769879707916932,0.11077710323080983,0.9755258716921312,0.005994772291419755,0.01847935601644911,0,0.12859959597779325
RUS,44.0,0.8503230762340787,0.23494658031268673,0.16957833924420718,0.20708956046541957,0.09414661931192785,0.1078716271484459,0.12765441132036992,0.21968227524929027,0.7028882033035402,0.2717459865967715,0.08182392159340318,0.0775698623642731,91.568,-0.01933503944446726,-0.7233402195042947,0.49022148912051466,0.9873068132570464,0.0050589425669252,0.007634244176028366,0,0.07657467020028372
RUS,45.0,0.8587017420398722,0.18725991580640416,0.15742830583849846,0.20011368206526411,0.09829309722957381,0.30573341612620525,0.10872244044504228,0.12322467042792096,0.7244149414590235,0.24388041229682325,0.07908099500654331,0.07171347914463821,91.718,0.34236316845866743,-0.9600866926560482,0.9272680934117211,0.9865295426823942,0.0014905399493575027,0.011979917368248397,0,0.07608610091157056
RUS,46.0,0.8518723104693608,0.22993712496269875,0.14719364082962963,0.19846639015747147,0.11036121821216628,0.1323961249085867,0.11702479948592662,0.22146338559824608,0.6817358488397458,0.2612301424082658,0.0735428147254955,0.06504101688736394,91.984,0.047543776289690615,-0.8562647379999445,0.06077580978007635,0.9717092083321136,0.0005944474413283967,0.027696344226557992,0,0.13163395042344533
RUS,47.0,0.8750951953122209,0.19843427703927366,0.14359039112458694,0.20534747779798534,0.05832866640445694,0.08311611633089276,0.2140795407596199,0.3098689716464522,0.6968677317248286,0.2712524266718052,0.07675769947885341,0.06573299061112843,91.644,1.050051338316491,0.35741596384114965,0.36799086408560333,0.005985132192153269,0.8450675618065446,0.14894730600130213,1,0.4565122377264278
RUS,48.0,0.860941483814108,0.20103683771357195,0.16034228451910357,0.19572631722647557,0.09898919237578088,0.3116300690844426,0.20080199493028622,0.24989398964857443,0.7197905018027779,0.26984899699506015,0.07857492472076126,0.06729589148543916,91.569,0.4390504698362591,0.19137872620193194,0.8333804066700624,0.006728674954410288,0.9214645274422851,0.07180679760330443,1,0.2981431725481314
RUS,49.0,0.8589926426945621,0.19727656243128164,0.16559985879357084,0.20566951833458674,0.086395821936948,0.10405655217642282,0.23751136871731124,0.34565399015939613,0.6985309172887143,0.2776098231705927,0.07889659492176455,0.07703381040401812,91.612,0.354921044368511,0.6504336673340023,0.40175768921963945,6.879857769800319e-05,0.9070422700824361,0.0928889313398662,1,0.30989276393768256
RUS,50.0,0.8589591146306069,0.2201212936492284,0.15189837862071934,0.21404407246053272,0.1266282281360116,0.13250390697043488,0.16071215559730587,0.22015257060726487,0.6695385237659411,0.27029862257008136,0.08048825912814293,0.08294356356788235,91.421,0.3534736730413643,-0.30994932536783293,-0.18686038416807393,0.9393117980343187,0.02720263901777179,0.033485562947909664,0,0.27059699423496697
RUS,51.0,0.8558259844531277,0.19410959614084441,0.1483578061468636,0.18586833144194526,0.08114179328722745,0.10548267458679118,0.23891281899566824,0.2969148689085081,0.6654441329010968,0.2894007631329551,0.07715862736233223,0.0713770173889993,91.563,0.21821973206929957,0.6679589642448989,-0.2699867552511603,0.0006301621703690794,0.9481389082721121,0.051230929557518776,1,0.20736462731145586
RUS,52.0,0.8319180096204613,0.21893243299241874,0.14834715218822125,0.196355575212891,0.09771658009944122,0.10547519909164499,0.15107490786901015,0.23225105777399926,0.6964237209681549,0.2261165011146933,0.07660515716344958,0.06430827864492847,91.433,-0.8138624456909536,-0.4304642165848454,0.35897633563863507,0.9078554316885344,0.08779252751937,0.004352040792095556,0,0.32500483580956663
SAI,1.0,0.9302772887636934,0.14421928793702157,0.1240574857812632,0.15898114596415805,0.16806454455010675,0.2840937671225321,0.08554177706075133,0.2779223175216774,0.7919577287579136,0.2746143706922546,0.1050272974042479,0.11028458144047802,99.284,3.0,-1.2499635542722265,2.298555541613617,0.0007185580684091099,4.170967267651884e-07,0.9992810248348645,2,0.005925956794518038
SAI,2.0,0.8431249857885021,0.20311572558929875,0.22188988743095234,0.17891882199770803,0.12555084156448418,0.24439033000961374,0.1674679593297428,0.2269301220991372,0.6798754299117996,0.2686728652312789,0.07771303277087079,0.06172696324962403,94.177,-0.3300690482754991,-0.2254672227123579,0.023004654245727126,0.820232831252497,0.16123902706754195,0.01852814167996109,0,0.5306817869846895
SAI,3.0,0.8452967417364063,0.21824947803355407,0.25200553248699736,0.24066459764677553,0.16142183573480687,0.25893319508613405,0.12889319146088207,0.2514898594717327,0.7057703266378541,0.23721648445479232,0.08422323985816987,0.06491582607759239,93.456,-0.2363166236571586,-0.707849131375753,0.5487357985022867,0.9875522963634573,0.007641568427513692,0.004806135209029004,0,0.07527056317784654
SAI,4.0,0.8208882174617749,0.22983913620360777,0.314366597445267,0.2307974611429031,0.1020144066336664,0.25933312143171716,0.11032780601533286,0.08872480428498013,0.7112725495902243,0.20368385325588553,0.08242772613675063,0.061628282471770525,92.975,-1.2900069954094027,-0.9400114115673343,0.6604446807313398,0.9965106331254019,0.002861367675519422,0.000627999199078568,0,0.02487096487549642
SAI,5.0,0.8543555666931657,0.2151867412157158,0.22803107268022463,0.2431178953114173,0.1058517197849686,0.1980653484765874,0.1541468652423892,0.23111908088678404,0.6958536279931264,0.251690336204446,0.08453419885375932,0.07466048461778842,93.666,0.15474334084249336,-0.392049036326576,0.34740202293659783,0.9209822231324657,0.0611580738620867,0.01785970300544769,0,0.3185928593036082
SAI,6.0,0.8206850549886068,0.20873833515091259,0.3299200469085697,0.23080747491028647,0.07051256068343062,0.20672329676363632,0.1927057460701181,0.3115454037974386,0.6790907908730603,0.30453465290052817,0.07837600147137358,0.059839200559489186,94.215,-1.2987773061201198,0.09013420306030541,0.007074520056402114,0.06670908061197947,0.924724137308865,0.008566782079155462,1,0.2937545623975815
SAI,7.0,0.8466362382601542,0.19390663350996268,0.28081088441491153,0.2115529188590419,0.05216289040654428,0.2028041996329864,0.10022476373682226,0.22313617510844153,0.7422347195093926,0.2228621455121992,0.07963416743807585,0.06121406024726482,93.427,-0.17849196477207957,-1.0663511172055642,1.2890541396712643,0.9960048165645411,0.0017395388302798285,0.0022556446051790863,0,0.028787075907078543
SAI,8.0,0.8528896213534813,0.20430116609928398,0.27441091815630597,0.20751467747217087,0.0817352767017788,0.2309777463063326,0.23635461481725759,0.35479826743428033,0.6869475263553694,0.24548840793926469,0.07903078311475639,0.06446173634507432,93.442,0.09146001930445642,0.6359683267761879,0.16658589324058054,0.00016294065074826767,0.9514069332173601,0.04843012613189157,1,0.1954426686658291
SAI,9.0,0.8346479355885558,0.21173682964263504,0.20542206275489244,0.20861016874501123,0.14936360059077453,0.24639078913113213,0.13327046088076835,0.24649798746134055,0.7034293397617811,0.28228704169380253,0.07326718559477259,0.06335864194463339,93.417,-0.6960144072019062,-0.653110873852675,0.5012079121365874,0.9822364783098366,0.01522812268595043,0.0025353990042128304,0,0.09648368810627958
SAI,10.0,0.8355842068245867,0.21058708182966002,0.2765724764347598,0.22508584476119875,0.11762848725947833,0.22248179103789126,0.10944205987372342,0.24273126159524486,0.7452600024033751,0.2222759892299976,0.07447308427494574,0.06072935107186743,93.405,-0.6555965607293246,-0.9510877689373474,1.3504749460324241,0.9922381014554612,0.007134934466456076,0.0006269640780829727,0,0.04762153254174714
SAI,11.0,0.8600677540683839,0.2334976442305683,0.19140906618965267,0.24760016392828024,0.2136625918705016,0.3082011016431952,0.1730030420232207,0.2396824572651985,0.6477189567266449,0.2622366375587869,0.08509071105066826,0.0812985803721256,93.279,0.40133247385155907,-0.156250377043535,-0.6298521469121974,0.9086440217800393,0.029437359470979835,0.06191861874898061,0,0.36308447187049053
SAI,12.0,0.8334453346718685,0.2081625615048049,0.24634204831413056,0.2125485420749128,0.14044565135021478,0.24296311818104177,0.22879985545088807,0.3223492934570544,0.6857932832990018,0.3207049513587815,0.0834894372735294,0.07296089563734501,93.323,-0.7479294264270037,0.5414951920309283,0.14315187343374527,0.0002749982964166991,0.985291157968644,0.014433843734939408,1,0.07802799543274787
SAI,13.0,0.8506880557014932,0.22235908323392223,0.2433166144919631,0.20083052639026358,0.10529151025468254,0.2536539841528986,0.11761079428476463,0.146197370772275,0.735046180015873,0.22298344891199715,0.0829209862504071,0.0754950332711438,93.105,-0.0035792589484844417,-0.8489368056455288,1.1431088156391742,0.9884679263105656,0.007275774356742389,0.00425629933269204,0,0.07052210103764261
SAI,14.0,0.8186440157537639,0.21878351311484284,0.2840119008922732,0.2375777262696691,0.1670101393874234,0.2767704389761809,0.1178461347395245,0.13116930496379817,0.7156263359895373,0.24817508226112595,0.08697379395026263,0.0774025234524738,93.941,-1.3868868274465578,-0.8459938461923775,0.7488374296877939,0.9911569663557265,0.008429655307105767,0.00041337833716760747,0,0.05228453843865413
SAI,15.0,0.8425396277292984,0.21356275963044732,0.22071190780278835,0.22046936701899902,0.08382727878095238,0.11059002193559685,0.19623716930338747,0.31346238466453635,0.6610440721059085,0.2662560353345865,0.08399772683843663,0.07761502699775158,93.623,-0.3553383412516278,0.1342950567394245,-0.3593189901360849,0.2530310721736889,0.6990997329436168,0.04786919488269435,1,0.7434652560903094
SAI,16.0,0.8544125858734254,0.2263686598423407,0.27946890915176575,0.2440019541898814,0.153090286527168,0.27649461841525746,0.15231028692357534,0.24762474091595219,0.6816423471206194,0.2545055872257528,0.08640470265136514,0.08093010078607109,93.498,0.15720479900230855,-0.41501565942722746,0.0588774911149627,0.9573848778307442,0.02329208169092646,0.01932304047832931,0,0.20552135166267427
SAI,17.0,0.8560603206145098,0.2067985897902734,0.1883319004915853,0.19809865838069757,0.07851427862197628,0.08777198449896714,0.11148456681933967,0.23246411595772123,0.7318279078883024,0.283269374059697,0.08133936727542575,0.06262631156803543,93.076,0.22833577817775866,-0.9255459846747915,1.0777698453371891,0.9895178542800078,0.002866976195171553,0.007615169524820333,0,0.06435556983673942
SAI,18.0,0.845850223979093,0.22064989452272693,0.26438019561383935,0.23351110068835274,0.19119305298453762,0.29039214687221515,0.15525392059414864,0.24457404595590476,0.7302314580267267,0.2898148916567601,0.08723165241294775,0.0825296178452261,93.302,-0.21242337622060836,-0.3782051818309842,1.045357921808259,0.6014433028330941,0.38672042366375253,0.011836273503153314,0,0.7257052651619785
SAI,19.0,0.8604354643219921,0.1981945083068282,0.21154689704679458,0.19615325732974806,0.04964852390974491,0.09204921552761501,0.2285645570752424,0.31681223632663225,0.6958699598817293,0.31089017928163487,0.07905463270320322,0.06503123839535964,93.242,0.41720613952106855,0.5385527587819395,0.3477336011071492,0.00040964598743051885,0.9299914927815817,0.06959886123098803,1,0.2561754193061358
SAI,20.0,0.8255316357424707,0.20277761162114213,0.19807755381533462,0.19200582026151014,0.1590867165773386,0.2618540331634269,0.1928793212981896,0.30687393604316915,0.7459571202313943,0.28572526614116206,0.07821611142432967,0.0631101603662504,93.007,-1.0895555023434047,0.09230478125013328,1.3646281808293568,0.001065935772215886,0.9961868508910071,0.0027472133367769736,1,0.027301809145260664
SAI,21.0,0.8095562460041927,0.22155712628829027,0.2243407127326601,0.2045631463078641,0.20222526136385718,0.23962826024638087,0.15081384810460088,0.30575163978237413,0.6994827839989719,0.2745166407451165,0.07862740360544503,0.06639694977115485,93.261,-1.7791963082690725,-0.43372879896312627,0.4210829632324121,0.7916809577810987,0.20700851561830208,0.0013105266005989898,0,0.5196699796421823
SAI,22.0,0.848027256980994,0.2323862489158635,0.21368993576468762,0.21920078098198528,0.09031811719662025,0.11755507378908459,0.10496814588964751,0.22991862746982175,0.7366640536063132,0.21065097466810195,0.08665857160884283,0.08601199579661013,92.871,-0.11844314672045451,-1.0070345778506562,1.1759556944262513,0.9948965669718274,0.0021888940661323637,0.0029145389620399914,0,0.03551116668947908
SAI,23.0,0.8315228078139176,0.2309422352769468,0.18462577995824878,0.20236354885937083,0.24263058774555424,0.2893113546135489,0.14839798961223302,0.23586781145781538,0.7139635431912169,0.2678539771572655,0.08567228856970353,0.07620401081621506,92.755,-0.8309228928432996,-0.4639393872567714,0.7150785786766999,0.8421516902372119,0.1550728854127857,0.002775424350002547,0,0.4500504999121359
SAI,24.0,0.8407455522862346,0.2160959733189065,0.21053819421478287,0.2110814260912864,0.20015558958426383,0.2612381676429092,0.1444520187309452,0.24786222039348152,0.6786719171547669,0.27495053254184054,0.08193429708425018,0.07796118700309211,92.77,-0.43278669492035715,-0.5132842069512629,-0.001429663665474737,0.9781931534200962,0.012123590863870085,0.009683255716033654,0,0.1199686266158245
SAI,25.0,0.8259986402774778,0.2319089636339679,0.3299399725995665,0.2950441032056414,0.16374809348142597,0.28954987915260566,0.2156654266709829,0.30657169005181323,0.703488460334018,0.30105910112899087,0.08415405269001613,0.06777987466781214,93.133,-1.0693954067733054,0.377247649554629,0.5024082075623626,0.0004650725270007371,0.9940163117431998,0.005518615729799532,1,0.03822914930159424
SAI,28.0,0.8404662948751119,0.2249452190772392,0.19383265947014883,0.21002180809267965,0.2145587005734368,0.2795444208532548,0.18533706761243265,0.30220754087086127,0.6681643377117427,0.28638668454466565,0.08346017466234394,0.07643190036503986,92.22,-0.44484194422710194,-0.0020119685207945844,-0.21475979671789375,0.4653916980671413,0.5000914527795989,0.034516849153259956,1,0.8187067325562933
SAI,29.0,0.8386051918922437,0.23357682566604682,0.23349432507623327,0.23229775014633008,0.11227981606556586,0.10750798367586274,0.13538648351273372,0.22800378679791103,0.6853663377259744,0.2853278608007934,0.0854049949605348,0.07366649501095415,91.945,-0.5251838064316021,-0.6266497674773239,0.13448381088004896,0.9867736142407872,0.006772190248183031,0.0064541955110296555,0,0.07951381866648191
SAI,30.0,0.8404140687503473,0.21824715148779772,0.2511976996450481,0.22444198380158425,0.09636660890275879,0.11040215586117488,0.17093364045245332,0.24238646800123045,0.6727644390111402,0.27760517371948146,0.0794563498865499,0.061037431702165454,92.129,-0.44709649121237865,-0.18212848168674195,-0.12136623946940865,0.8040173013462546,0.17435884180408195,0.02162385684966331,0,0.56283095721162
SAI,31.0,0.8258959639258323,0.19330816084263147,0.20815629943250297,0.21292573838456946,0.07994867199150958,0.10563292057352423,0.22457236817506468,0.35531414161151154,0.7099580518512644,0.31428792710774134,0.08058056250005496,0.07368794624479952,92.494,-1.073827837096345,0.4886299774457204,0.6337570902096615,6.438541792434246e-05,0.9922323968113328,0.007703217770742708,1,0.04584347642995648
SAI,39.0,0.822197728184204,0.2358899773696845,0.31809362424368676,0.24982176834540337,0.13364049661166824,0.29654606646425347,0.15371759463904466,0.23105037572264975,0.6718693076944552,0.24364880189828167,0.08635197998658653,0.06478242519393912,92.459,-1.233476792091704,-0.3974171145915807,-0.1395396431465594,0.9486869729676567,0.043458223937975625,0.007854803094367752,0,0.22432576642804156
SAI,40.0,0.8613380521804394,0.23343290220952945,0.25754904449528143,0.229707348272292,0.1683914620124696,0.2921871005948866,0.1332707129753554,0.09284739563843147,0.7391849777859655,0.22173425965216623,0.08549430538995688,0.08128732886900022,91.783,0.45616990994019047,-0.6531077213808707,1.227136757922023,0.9406028051543766,0.03712729631550692,0.022269898530116784,0,0.2645985826427161
SAI,41.0,0.8361825349554505,0.2350882086262131,0.24843554071705676,0.2156322524806143,0.13740509491468292,0.267806033310167,0.12374070137945649,0.22834046524541973,0.705104610912217,0.26066384299393025,0.08644064220288454,0.07979031776086963,91.427,-0.6297673633740812,-0.7722816124290912,0.5352201048931811,0.9920331213720517,0.005520471305517398,0.002446407322431254,0,0.05134817778944257
SAI,42.0,0.824676329865716,0.23710851718333675,0.3061505092104661,0.24924691317851586,0.14488331906959245,0.24503948184166946,0.23165488250428698,0.29500982685667765,0.6712637011914356,0.23119291908464915,0.08520444753161233,0.06900310350977933,91.643,-1.126478159243894,0.5771976336888065,-0.15183496925540363,0.00034644797630511265,0.9852973029615197,0.014356249062175188,1,0.0782762464869992
SAI,43.0,0.8117178124451332,0.23705951172699635,0.28645592764922945,0.24987883858166535,0.1475436256090954,0.2435341828002255,0.15635920210101545,0.30012929239892594,0.6820833418668394,0.2521251630024251,0.0848303096694013,0.07004252346527337,92.89,-1.6858837539706168,-0.3643835094697835,0.06783078700928732,0.8483939742373007,0.1476902316034122,0.003915794159287127,0,0.44366678860703435
SAI,44.0,0.861489863851039,0.21656218619500023,0.2994245398083578,0.22797394463514947,0.11571573378877566,0.24028462352798755,0.16613213590457074,0.31157589517673623,0.6358794364331913,0.3100716982552194,0.08967600424082305,0.0732091423368658,94.622,0.46272346040602963,-0.2421718482764676,-0.8702240092592423,0.9079520841096566,0.006119480857701858,0.08592843503264143,0,0.3297508071487431
SAI,45.0,0.8386217787822023,0.22221756659018924,0.2423902310307815,0.21933231001104675,0.1032698036844899,0.24874230561113223,0.14868556264987798,0.12887974924496653,0.679064752934958,0.2371087923112466,0.08002244855461192,0.06688907654142758,92.606,-0.5244677678030438,-0.46034325334740095,0.006545884814585194,0.9695292058836871,0.02132371410628993,0.00914708001002292,0,0.1549933732148672
SAI,46.0,0.8673619105164317,0.21333225970815145,0.20465072256729658,0.2136513985087505,0.0913368956967287,0.10956942852477547,0.16205967616246872,0.3006489682896881,0.7081377512189865,0.28901877359420913,0.08012787381902942,0.07329981737204279,91.906,0.7162135511705456,-0.2930984257228565,0.596800436378503,0.7516580942181125,0.18027133899447906,0.06807056678740855,0,0.7063560305563124
SAI,47.0,0.8570986996247559,0.21261588252128458,0.220069852160582,0.22298275114488922,0.09002270588843428,0.08207101725285393,0.16712591551225905,0.25324385955830536,0.7139972332007839,0.24274034924152327,0.0824723828978769,0.07434076362911689,91.592,0.2731615100825415,-0.22974451998826736,0.7157625701004557,0.5121188067079594,0.44773822073871516,0.04014297255332553,0,0.8315597241206517
SAI,48.0,0.8530700181393657,0.2060308897221499,0.19222388272736365,0.2034148160647986,0.11876994070391735,0.10579438101966714,0.21140343771819903,0.31309873911844555,0.6769364489973767,0.3071338160894218,0.08000376653970033,0.07241080368147862,91.438,0.09924755919186072,0.32395098753101104,-0.0366640061638395,0.01832866242646769,0.9443400723987814,0.037331265174750945,1,0.2501253347457697
SAI,49.0,0.8401140464061023,0.22797841088871018,0.18363698319390245,0.19909725602512665,0.12209851630502555,0.12326454712703562,0.2053782855595195,0.2928649970221238,0.6728063968952079,0.289146502930448,0.08002758731080215,0.07981116183826467,91.723,-0.46004814088544116,0.24860576683721655,-0.12051438952249244,0.036516061801407346,0.9398439358049745,0.023640002393618072,1,0.2677049859273013
SAI,50.0,0.8514260689501698,0.22526047553468906,0.1842093529388295,0.22498963291413793,0.2069428921125151,0.2846051284941816,0.1303676175219748,0.2275483425008158,0.6766617384491597,0.27267613264424007,0.07385336902762685,0.06063181453876969,91.408,0.02827999831781281,-0.6894112639088409,-0.04224131710588997,0.9771178548284496,0.0017764745467723285,0.02110567062477816,0,0.11529914717699673
SAI,51.0,0.8388981679825849,0.22517072446643127,0.22523088766589516,0.2231182304155185,0.09722415294992826,0.1027644908801194,0.10272504923633688,0.23438774199687903,0.7061753602601696,0.29316128099483507,0.08147198738624323,0.06862800678049068,91.366,-0.5125363361432421,-1.0350847594776444,0.5569589936737138,0.994849423657399,0.0006306463151218133,0.004519930027479089,0,0.03418864584076043
SAI,52.0,0.8403493373709237,0.23528552143236817,0.23235993365277482,0.21679933604072193,0.08757346249571911,0.10307128861003603,0.11118576195304787,0.2536970312708474,0.7311755040823097,0.2422043647947855,0.07766671731907127,0.0642087884743389,91.88,-0.4498908769147467,-0.9292825738931574,1.06452441697845,0.9944141878872216,0.00413768947850597,0.0014481226342723543,0,0.037743323861766875
SAR,1.0,0.8655521787374953,0.17916213975648046,0.2625821972958012,0.20322208205486764,0.075995444412858,0.14941235492011756,0.23326774178893223,0.2629262864489483,0.5736877038333557,0.26415155662645573,0.09042802757937604,0.0640054392832145,103.792,0.6380893299163652,0.5973666245373735,-2.1328716687153215,0.31280146969067074,0.08875974553485083,0.5984387847744782,2,0.8857510242341662
SAR,2.0,0.8546671760236476,0.2058723475089541,0.2163137573265437,0.20178274825490444,0.12000024845904304,0.2005037966792487,0.1824123021853748,0.2286622690803273,0.6128642139984345,0.26029481139860977,0.08077937858458392,0.0676895749176857,96.266,0.1681951885487558,-0.038586496561850765,-1.3374905658301963,0.8049503853865689,0.009398526511446357,0.18565108810198466,0,0.5311339545679657
SAR,3.0,0.843384305598434,0.18986680541182957,0.19594740978773595,0.19830145835189883,0.18740666418383953,0.29120914100477174,0.153441658946372,0.2351984444349974,0.6168641053431915,0.27950613494917825,0.07434859625636707,0.055775103375303156,94.577,-0.31887448428402365,-0.40086772216366795,-1.2562827712663676,0.7152095030435168,0.0005966022767654451,0.2841938946797177,0,0.6016970112995139
SAR,4.0,0.8444995157888135,0.2174163198327479,0.19815868692174698,0.19131147435223328,0.1039933190001703,0.23539696449252343,0.15060497179423127,0.2347397283499749,0.6100710081317723,0.2495758850040449,0.08268237953039773,0.06808132609805419,94.332,-0.2707320309811751,-0.43634082124705037,-1.3941996283130342,0.5375706275748086,0.00021567570303767584,0.46221369672215357,0,0.6921913738925305
SAR,5.0,0.8210346190531315,0.18890382102222286,0.2050757629594661,0.18724297232315495,0.11808894100877172,0.2056476117211056,0.14571922220961986,0.3079628779820751,0.6841620424722062,0.2606890447320884,0.07697546046056115,0.05846934129913902,94.842,-1.283686992385624,-0.49743768171004626,0.11003360632876921,0.9606472168583211,0.03588557933551597,0.0034672038061631214,0,0.17761413892502564
SAR,6.0,0.8657828199000263,0.19949450953363573,0.20023816607395367,0.180387898950304,0.09250742315029017,0.2069932854743361,0.10608364656741788,0.11653542506087669,0.6782000699480517,0.2653444097211923,0.08108183022566236,0.05729501536192092,94.356,0.6480458668029948,-0.993085113582005,-0.011009341643146042,0.8247127485233601,0.00012099945976665954,0.17516625201687291,0,0.465173205160636
SAR,7.0,0.8435962263390628,0.18672209398460013,0.17834663918342752,0.17358309932746974,0.07071380683329936,0.18460748713390232,0.19328296805237719,0.24439944664920463,0.648740989769,0.3019685520834447,0.07734666418483617,0.06459508418888997,94.581,-0.3097260883604214,0.09735243033444493,-0.609102320932598,0.5252975756782275,0.3984404931014925,0.07626193122027962,0,0.9010916002504882
SAR,8.0,0.8390070826398789,0.20620254454875073,0.19605256003918867,0.18619362073163084,0.19633235091772772,0.28985672331454204,0.17499265812291584,0.24418914119024934,0.633539328839869,0.2888658594634016,0.08303549071587797,0.06377199405453783,94.108,-0.5078346047135927,-0.13136999889217044,-0.9177340439867793,0.8879119554673471,0.027124260928561753,0.08496378360409106,0,0.41288420634887424
SAR,9.0,0.864574573811924,0.20387629006516364,0.21199929269539805,0.20566668385382103,0.1059211581553227,0.2819060959301901,0.13034712103418775,0.23936823379688246,0.6406624204420471,0.2781533544878624,0.08055232343299874,0.0629738839893137,93.94,0.5958871514535459,-0.6896675748459079,-0.7731174757774337,0.7227701627519705,0.00015610902566300767,0.2770737282223666,0,0.5916420144525131
SAR,10.0,0.8380736419033701,0.21704557544185302,0.20535667056886633,0.21318335534820126,0.15781839598106917,0.2548104028044845,0.32301434289378256,0.35962946507356813,0.6718521657430541,0.2708075538014687,0.08286370761119155,0.0649414948219526,94.31,-0.5481302614929291,1.7196581930618189,-0.13988766761718163,2.6288869451329314e-13,0.017104034812590267,0.9828959651871468,2,0.08654369497253574
SAR,11.0,0.8049268194504986,0.19471335979374124,0.2368150022537134,0.22700196135242515,0.08439460669298043,0.29467158115882475,0.23914157827646965,0.2977205721131644,0.6507453017974284,0.26875109537586955,0.07889853193753346,0.05886080214246821,93.925,-1.9790437931672695,0.6708196253608022,-0.5684097757063935,0.0001882952169083336,0.9713329738743175,0.028478730908774168,1,0.1312115932350217
SAR,12.0,0.8394177760996016,0.21392677918476807,0.22835381443426792,0.22661716902076737,0.08626915743313035,0.29371702376069897,0.1467445111277202,0.23754459809245076,0.6480442365741298,0.2972080149561221,0.07889079413894534,0.05902097958585594,94.239,-0.49010539915481355,-0.48461632587127496,-0.6232481527649739,0.9537077581999146,0.0028147429989617513,0.0434774988011236,0,0.19805869658009115
SAR,13.0,0.8138752875492443,0.2135392078975876,0.198260181614541,0.19516098470232354,0.11467661783318575,0.2926363532304365,0.15928695048887218,0.264954723422565,0.6292793346566704,0.28504935538056086,0.07880792507669239,0.06089199605424954,94.329,-1.5927478183884813,-0.32777167916086875,-1.0042225764629815,0.8618276057617795,0.007325097429830034,0.13084729680838997,0,0.43027457853770856
SAR,14.0,0.8269011135180133,0.19235447904282257,0.11899934325906494,0.16716582574758088,0.10444629635561607,0.3090677005628007,0.18117155202993449,0.3082919933916618,0.6471416577690259,0.2965752721042341,0.07755168038556108,0.06549565557351458,93.683,-1.0304365842891199,-0.05410221995363948,-0.6415727590767482,0.7557243313367153,0.1886608624025303,0.05561480626075436,0,0.6869997925913717
SAR,15.0,0.8478284631436417,0.21992095019591149,0.2203644852264267,0.21388398806075645,0.10912001344194254,0.10666331310887565,0.2823994521706679,0.3206906435423362,0.5432569570192007,0.27518440727046806,0.08607673569126095,0.07253429479666716,94.123,-0.12702486800868235,1.211764313472547,-2.750691909994381,0.0009911226464669265,0.04831860378766282,0.9506902735658704,2,0.20133118604052722
SAR,16.0,0.8549338547755115,0.20935624023229119,0.16974337550983315,0.18865131830057832,0.11038417164301932,0.29480679364122975,0.09953944000220481,0.07915805038756671,0.6840536594305715,0.23528272870263886,0.0782174149870906,0.06203283380889169,93.771,0.17970743033889022,-1.0749211693256695,0.10783315961143176,0.9088192033438125,0.00011826077247334349,0.09106253588371427,0,0.3061656237848265
SAR,17.0,0.8205301654465367,0.20057876932119215,0.2055745649914733,0.20788648971143223,0.04854501691223479,0.08107879596928724,0.19760884130641454,0.23474175122967364,0.6663164932720443,0.2821179882151608,0.0776976794886132,0.06047119940973741,93.728,-1.3054637250665533,0.15144797289253684,-0.25227565870290264,0.07737650207374124,0.905741137529387,0.01688236039687156,1,0.35658711051576875
SAR,18.0,0.8423597394740624,0.18618946139348427,0.19113444904860935,0.1814362698708451,0.07711543236737864,0.2826144488961307,0.213853318879652,0.3031097262774241,0.6433390288520352,0.28336408741068736,0.07939964252201687,0.06968864821968661,93.465,-0.3631039284047374,0.35458703321449436,-0.7187756331743733,0.08637203835068863,0.8339026094433073,0.079725352206004,1,0.5646407394661849
SAR,19.0,0.8275985403840691,0.19575781459941297,0.17330150843014136,0.18708868137458334,0.10360466065725489,0.2937674487069263,0.30069348638359683,0.30820514629778833,0.5775686112957223,0.31735382162074727,0.07934836703377367,0.06607527085060688,93.573,-1.000329398557777,1.4405333152922521,-2.0540795444396927,1.5918421872647706e-06,0.144740241644104,0.8552581665137085,2,0.4134985463167177
SAR,20.0,0.834349524311345,0.20275163911992733,0.17938013552764354,0.20074707532700176,0.06763644301109574,0.27331626301369033,0.2065258857419353,0.3069220058958636,0.6543059992297787,0.3003413897745993,0.0789928638025252,0.066268688729881,93.387,-0.708896508802209,0.2629566391032055,-0.4961187156081533,0.08549636685828534,0.8705113731602314,0.043992259981483144,1,0.4683977658195644
SAR,21.0,0.8395823118089331,0.1925203483423813,0.18098554575082842,0.2015071986873044,0.05646347333914668,0.08027543574948044,0.14590573140636767,0.24212011490413854,0.62427161585774,0.27208035161499416,0.07966098235977581,0.0626399339521448,93.458,-0.48300256529311136,-0.49510536275439254,-1.1058917880504446,0.7663486865236899,0.0005116432686677055,0.23313967020764215,0,0.5472951272434587
SAR,22.0,0.8457723875971114,0.20063138144788975,0.16638406419367832,0.18498819169152664,0.08823202640721949,0.29277664915499907,0.23922861001405307,0.26749095142178575,0.6257072989769,0.2943159286445712,0.07874284251353804,0.06969701980526485,93.479,-0.21578349112732367,0.6719079672487562,-1.0767438313309894,0.008908355447778234,0.872875329303249,0.1182163152489728,1,0.4131527103641528
SAR,23.0,0.8639040120552389,0.2070312573117717,0.18066147639382588,0.2025509736457635,0.07825755393171376,0.10941935754058198,0.13690043888357517,0.24485181409246828,0.6544998444607805,0.27683392535964985,0.07825682670803029,0.07286249487285265,93.212,0.5669397042939184,-0.6077175814457593,-0.49218317277972085,0.9077738228686609,0.0007673275005546766,0.09145884963078453,0,0.3120972742803392
SAR,24.0,0.8333873309953334,0.19232561687722752,0.1805979042307788,0.1710128034528124,0.08803930480356911,0.2945352871534002,0.24693122631534584,0.3188191847150193,0.6533842407419077,0.3190301758336918,0.0827019576977921,0.0659148142247866,93.502,-0.7504333842576245,0.7682300699701775,-0.5148327174318811,0.00016593857831866324,0.9594194015293956,0.04041465989228541,1,0.17086311793056258
SAR,25.0,0.8599580685094016,0.20067807699159443,0.1825186391843066,0.18472701137353928,0.12187996470876476,0.2899369029149804,0.17103322097190157,0.1439302745015462,0.6293636981291826,0.25968360348783015,0.0813617018305151,0.06788384884148044,93.508,0.3965974634052288,-0.18088321583833963,-1.0025097870509792,0.8900588833438944,0.007206566588257891,0.10273455006784785,0,0.372994796377903
SAR,26.0,0.8527657515013779,0.2185263776713717,0.1975592016139371,0.1962536566988805,0.09092982899304326,0.2836026055673979,0.23914211701376317,0.2993238348955877,0.6149684273763277,0.30031774001576533,0.07682957595127873,0.06422607214757661,93.553,0.08611268781307965,0.6708263623326176,-1.294769773443073,0.02566236017137886,0.7842968184791435,0.19004082134947795,1,0.6001190136948065
SAR,27.0,0.8125880062999289,0.21164570634648122,0.22720779986499062,0.21880009661730496,0.062460505075961376,0.09521282067842475,0.14589134578732252,0.2268498710638145,0.6225765176547147,0.2420610035666929,0.07984060316943657,0.062155126455434084,93.731,-1.6483183986857348,-0.49528525657503447,-1.1403065195448983,0.7035103742354583,0.000940397081259658,0.2955492286832822,0,0.6142100098580725
SAR,28.0,0.847065932551806,0.2178894411630299,0.18965425314128567,0.19427938513622475,0.09272100740730448,0.10913426761824639,0.1383608214122734,0.23252337497599446,0.6416196004791249,0.25779825097975706,0.08000320690394734,0.061597776428731744,93.49,-0.15994251324374975,-0.5894553299665791,-0.7536843279461809,0.8936695247737412,0.0006302249667904919,0.10570025025946825,0,0.34263414999574665
SAR,31.0,0.8419125080579966,0.2040347183109166,0.15042457961924038,0.19304471460981673,0.20486611030554253,0.2679810729046517,0.2264807810613005,0.34914116458287686,0.648700834782991,0.2775977619422045,0.0816261770791709,0.07049366130265414,91.994,-0.38241043918562373,0.5124949000736384,-0.6099175675414348,0.009531771314670855,0.941592728406833,0.04887550027849621,1,0.24854954627686038
SAR,39.0,0.8319819351918135,0.222215155969017,0.21327806761598464,0.21950892526592192,0.10975759659405969,0.29398572286177305,0.20689414325776553,0.24821882247727334,0.6145332196022709,0.2722286622800703,0.07968334375610969,0.06582681936924044,92.794,-0.8111028458771848,0.26756174169176117,-1.303605579334279,0.4017975685995559,0.2448768227016305,0.3533256086988135,0,1.0784911488918787
SAR,40.0,0.8595884038668484,0.2230232963171,0.17453054862436473,0.19470323820465388,0.1369394715255647,0.2910699861059422,0.1437707135332567,0.19858434611740877,0.6514587094400025,0.2736520872000769,0.08439641903675127,0.0747261626011017,92.949,0.38063942881645435,-0.5218040068049017,-0.553925816947273,0.9299409555403347,0.001464278948328868,0.0685947655113365,0,0.260904313868073
SAR,41.0,0.8755939599919745,0.19612867313939292,0.15676641897834162,0.1808978111389243,0.07553403135518356,0.2710419158723648,0.14296581600296934,0.22619264646446335,0.6613306187436494,0.28639375907363784,0.07832368093085157,0.06718116160444314,91.84,1.0715824859972503,-0.531869342991977,-0.35350137698488837,0.901495149234062,0.00160657045163717,0.09689828031430096,0,0.32999136790832595
SAR,42.0,0.8329567645081577,0.21526469383464736,0.1681332941673737,0.1899051707092263,0.1144596340076134,0.29398337673541924,0.10221892763975113,0.1070421264079254,0.719919617667449,0.254108927199476,0.07930981449358059,0.06180553376277237,91.699,-0.769020487551194,-1.0414138682517216,0.836001781529879,0.9975200592788193,0.0012633376674073735,0.001216603053773287,0,0.01907384215536155
SAR,43.0,0.8717588809200939,0.21576057249736202,0.15142608517142345,0.1858335181814788,0.10686227765918652,0.2929394879159333,0.1813936447602418,0.22157310659927096,0.6471727791084814,0.21706590214197244,0.08159486725346543,0.07140911616953706,91.743,0.9060261480768511,-0.05132492481838104,-0.6409409180782757,0.8521666200970613,0.05451338144908116,0.0933199984538576,0,0.5162490891124801
SAR,44.0,0.8335846574260687,0.21419143391123896,0.19301659158585405,0.19225418560516,0.10051542893466395,0.2898380950642816,0.135425283823894,0.22779910387600869,0.6604350606934691,0.23832682227057472,0.08089109714392044,0.06208960905570722,92.849,-0.7419150093727424,-0.6261645651238619,-0.37168344441888285,0.9762547283223518,0.002055393419926641,0.021689878257721625,0,0.11927036759893217
SAR,45.0,0.8435724419890968,0.22412311718147543,0.16713098691218004,0.1763237771408882,0.1075553746972101,0.29312579188779614,0.24143480791702898,0.24772472200090334,0.6053503402331296,0.2816367718937921,0.07936820031121546,0.06407228777331796,92.724,-0.31075283378245805,0.6994967257591035,-1.4900409889588762,0.023939792654977473,0.660614917079898,0.31544529026512463,1,0.7271802265990435
SAR,46.0,0.8389951133720718,0.2054018539334124,0.1782592240015518,0.19937920492205088,0.09402037277245162,0.29808979573702304,0.21473671893614632,0.2604128389161198,0.6343203868795406,0.2757749755568045,0.08081714117170133,0.0650246542787595,92.421,-0.5083513054409031,0.36563405252032083,-0.9018766130315051,0.11993516205765783,0.7590186999661409,0.1210461379762011,1,0.7192413630774156
SAR,47.0,0.879334603378657,0.20465149662114515,0.21181445791466091,0.20040099707064848,0.0957644729029293,0.2922677628024499,0.246165659536799,0.2355720246420841,0.6283214192816327,0.2681450898991674,0.07946001301929138,0.06500082319233447,91.868,1.2330621345150636,0.7586565693570262,-1.0236706534932651,0.00815817469986031,0.8738445367775776,0.11799728852256246,1,0.4092421307460394
SAR,48.0,0.8250987217211551,0.19917405312811776,0.1952208097977454,0.19347510662858164,0.08029565453879713,0.275138337423337,0.2543049363630697,0.31337316893802974,0.6072038287721613,0.3152355506663271,0.07791278614867932,0.0633235741666172,91.71,-1.1082439462216327,0.8604391621633889,-1.4524105376463945,0.0012183427082207714,0.6689806884177025,0.3298009688740768,1,0.6429426737779815
SAR,49.0,0.8670389847180169,0.20926375595345426,0.18874106033801874,0.1995147497272296,0.03359172171350784,0.056322798092189985,0.19082862561966263,0.22979594034396145,0.6665899548054223,0.27176847255756464,0.08179415629277947,0.06994309656387408,91.873,0.7022731834223079,0.06666059594074714,-0.24672370588479087,0.4857798458395159,0.4143145391641992,0.09990561499628521,0,0.9459333498437401
SAR,50.0,0.8498921591496159,0.19616537696587044,0.14795947683370986,0.19462140821031737,0.07175230607010878,0.07495893771454641,0.18409632297515724,0.21531231543681884,0.6832556510514414,0.2565119522909324,0.07854174092655845,0.06942103870121763,92.085,-0.03793727765490486,-0.01752762290729662,0.09163159438702662,0.3529389152670595,0.6113517674995883,0.0357093172333521,1,0.7874032440032377
SAR,51.0,0.8381698363703167,0.20119529079626625,0.16601533254996356,0.207529004951743,0.08445839132649832,0.08527158635609158,0.20932476970387678,0.30620232783053947,0.6287839090074733,0.287454251130652,0.0816836866040054,0.07344380303864875,91.956,-0.5439776473284235,0.29795700494542177,-1.0142809557723067,0.2758977587031316,0.548344893985587,0.1757573473112817,1,0.9903345773688684
SAR,52.0,0.857780419010773,0.18967609707629052,0.1751304185174835,0.19065845463039613,0.08189073446770395,0.2103866939323649,0.18457052798545967,0.23721081922538317,0.6643904213222986,0.2987453009908386,0.07818193210568308,0.07167264475374865,91.984,0.3025906203884669,-0.0115976347154017,-0.29137973472114886,0.6559943810815241,0.2795331204670195,0.06447249845145658,0,0.809624213156963
STR,1.0,0.8705949825327518,0.2026339736275702,0.16121837894825689,0.215781819358674,0.03897711268140062,0.17655475669580786,0.14977636176993928,0.1792665663056107,0.6666199803773005,0.2793867519481205,0.0876933420054897,0.05924973946352946,102.049,0.8557818764182421,-0.44670268489881465,-0.24611411170770228,0.9374386060165468,0.005036154213161141,0.0575252397702917,0,0.2514742847478739
STR,2.0,0.8457718080444135,0.22565443047450473,0.2409962634861337,0.21968858329964822,0.12625657635119147,0.25804068825895615,0.15799831839788325,0.2749502063180765,0.6823697319469768,0.29727382516205586,0.08074297235566394,0.062270113349586126,95.093,-0.21580850980894317,-0.34388617166356844,0.07364522164971911,0.9259600318286895,0.05960457315384823,0.014435395017462473,0,0.30049325229251983
STR,3.0,0.8749150942968101,0.199081801268065,0.13201252251279286,0.18255817447010916,0.07979572565292367,0.22488505639021228,0.1424043284100569,0.09009003235726565,0.6809152687070549,0.25568444084741637,0.08221845612534029,0.06538844083584978,94.021,1.0422765665299651,-0.5388908099177329,0.04411598152597336,0.9320402477953459,0.004402257575666519,0.06355749462898762,0,0.2646337793161978
STR,4.0,0.8513221160954719,0.21283339545386987,0.20044757348671047,0.207197630383047,0.0950164045603739,0.19831470040772123,0.1689939628374594,0.23091476950478235,0.6678959389487641,0.2699720638880074,0.08213508251711316,0.06379963340515508,93.799,0.023792462697924274,-0.20638437334351947,-0.22020896263929302,0.889384371344129,0.07897696282637025,0.03163866582950077,0,0.4140098029102927
STR,5.0,0.8569109673254163,0.21033315094222121,0.14389148992867545,0.18606153388857993,0.22384979664621868,0.31822687518118936,0.12896583478256562,0.08913833788177276,0.6702008382641977,0.2644968587445897,0.08307170044605235,0.07078838129929994,93.856,0.26505730377922554,-0.7069407182834309,-0.17341374397831769,0.9575211883834239,0.0009597559486096873,0.04151905566796653,0,0.1803298588119891
STR,6.0,0.8432682481227537,0.20033243601382944,0.1916467996314328,0.19959714455248914,0.11370356413170313,0.21189340637958512,0.24976000355385408,0.3000430140390355,0.6163669544606302,0.28868747879299866,0.08000034427740624,0.06328825181332044,94.189,-0.32388456368572405,0.803604254673871,-1.2663761771263005,0.003174032621260199,0.8337286416555931,0.1630973257231465,1,0.46563274786070963
STR,7.0,0.8614279490359552,0.2150037496637567,0.21568701752319688,0.20725014291627228,0.10568199399582341,0.24825119953441988,0.14586341962675337,0.225982009923263,0.6454486749455468,0.28693437749308975,0.08041985510347331,0.06365368622865442,94.115,0.46005066282971735,-0.4956344764247244,-0.6759445430776789,0.90809960879992,0.0012194854320539555,0.0906809057680258,0,0.31339503608123925
STR,8.0,0.8574963714922492,0.21236248273289085,0.16441115393050842,0.2020116729452287,0.13224115219374788,0.3051800221080579,0.23742002671279122,0.301625434663597,0.6251229402966321,0.28846531951926996,0.08407636058589305,0.06724893401518374,93.872,0.29032858717330673,0.6492914250622847,-1.0886077735155673,0.018882394577826693,0.8538051014094069,0.12731250401276623,1,0.47230517392699645
STR,9.0,0.8769500769716461,0.20262633029587807,0.17748659718953871,0.1903610050092874,0.07133200142067289,0.08570412114120766,0.15953095225801664,0.2304511199525591,0.6398930448275447,0.27873225518042666,0.07929114863601251,0.06143477644729223,93.871,1.1301246325183634,-0.32472040897520504,-0.7887377242941412,0.8788114227024182,0.002617732308672097,0.11857084498890975,0,0.38191483945486315
STR,10.0,0.8586906579376941,0.19182212948270574,0.16744512048291044,0.1813757487914844,0.10238274833058993,0.2936470031124068,0.23360645486576734,0.27421167206162017,0.640622705595378,0.3008133634806859,0.08131269406746743,0.06409844068403103,94.007,0.3418846794024194,0.6016022705184053,-0.7739237864572639,0.010966562728076204,0.907554314635126,0.08147912263679742,1,0.3418269501162574
STR,11.0,0.8571604848882864,0.2124164879126677,0.14456834378735697,0.18916462680046345,0.12988488083818356,0.13310600112800966,0.17385104244318286,0.22754267944858736,0.6324991690915606,0.2746161884426805,0.08045613065256714,0.06425177660659667,94.198,0.27582871505428735,-0.14564603426383624,-0.9388518874164299,0.8968373100069705,0.013195684329913556,0.08996700566311568,0,0.3714261586778579
STR,12.0,0.8827717721626069,0.1782340678619224,0.14745302938388044,0.1970221175280795,0.07948521578927274,0.31235581574980464,0.2399694155112453,0.30006078385615004,0.6638932522950789,0.30473745811733316,0.08203095673893987,0.0718945995673373,94.766,1.381441102984681,0.6811718251907865,-0.3014735089630121,0.0014554638866432416,0.85881445469128,0.13973008142207674,1,0.41521609013037064
STR,13.0,0.8469484760514406,0.21517360234902053,0.14747298307872597,0.19487901205918481,0.14371933329881592,0.13376949876173194,0.2542747052780275,0.29223626433537475,0.6331641801802309,0.27920714976075767,0.07978824772267709,0.062105086180002274,94.308,-0.1650129870725704,0.8600611189680748,-0.9253504996994367,0.0004615137336622594,0.9132451443239985,0.08629334194233905,1,0.29784166510898724
STR,14.0,0.8442884648879911,0.205173155845413,0.18932338536011703,0.2091048696681158,0.12445989123628946,0.13374544281593675,0.20638068014632907,0.2447527529265331,0.622253943245814,0.27257337107118146,0.0840167091334611,0.07339835403078511,94.213,-0.2798428768333898,0.2611408264301321,-1.1468555865249037,0.47076061210390746,0.3071935898733276,0.22204579802276506,0,1.0513976596799326
STR,15.0,0.8607588833626537,0.1879016394228545,0.19168362017432428,0.206836164160924,0.11817812041449077,0.2907776875676181,0.24404028916104048,0.2958447916016407,0.5982126469221071,0.2901231952039083,0.08052116166556617,0.05941422014808631,93.931,0.4311678000193494,0.7320785683704628,-1.6349540083639946,0.05225477259200249,0.6241649657746167,0.32358026163338066,1,0.813528946429452
STR,16.0,0.854299585355584,0.21123848390276767,0.16974197958803117,0.20231821141870898,0.05649977693424337,0.06478497761792122,0.12890930015576998,0.23894993427146832,0.6975966825386664,0.29797148409331015,0.08025183779869735,0.06548239601951081,93.798,0.15232668526168375,-0.7076476902935274,0.3827903880813899,0.9840708899568512,0.004032821183014617,0.011896288860134132,0,0.090754418354616
STR,17.0,0.8455329795665455,0.22426902794505268,0.1934227352790924,0.2070612199897433,0.09192219432039211,0.12106406867306939,0.1484247763929852,0.20257540079345387,0.6246301315792615,0.2794485030166364,0.08449725877973309,0.06499512922325784,93.651,-0.2261184845046012,-0.46360441548273207,-1.0986130225661321,0.7890964458836837,0.0005974855492516509,0.2103060685670644,0,0.5192530977148965
STR,18.0,0.852142432962137,0.21682533636992962,0.19153167368542906,0.20237531809800677,0.08062225823188464,0.22660361774091622,0.1675665889566085,0.2432718826036056,0.7059465853958412,0.2946419836711086,0.08450377468776907,0.0707310394999646,93.294,0.059204680760173115,-0.22423384788506184,0.5523142919599788,0.5768897501178581,0.39684297704405747,0.02626727283808454,0,0.7797154331473785
STR,19.0,0.810554381767632,0.1950593156013982,0.17581817652218282,0.20814019229460917,0.09342929185190763,0.13510801906626366,0.24400165961709538,0.30104027371921893,0.6477302815681887,0.29698628452278486,0.07817370819881612,0.06121244474061193,93.338,-1.7361078350863426,0.7315955014806663,-0.6296222243152352,0.00014168731247642046,0.9617056155012902,0.03815269718623368,1,0.16341999726348813
STR,20.0,0.8789464765738306,0.19750975689672798,0.1514521174220826,0.18649828138357755,0.07725034998449451,0.09131294324509491,0.12420449623480663,0.12445965009919294,0.6767063300191041,0.2689551887636216,0.08115862603034021,0.062078925331990456,93.489,1.2163071077603511,-0.766481804422141,-0.04133599675110817,0.8425030246537469,0.0004804803576931516,0.15701649498855969,0,0.4387587558616485
STR,21.0,0.8519455263749056,0.233515172786807,0.21218838293707679,0.21173883836256271,0.13027366478930671,0.11464613858353379,0.2588748920524674,0.241871385230621,0.5908205921300863,0.2764556797474702,0.08864991877011022,0.07615589553047869,93.498,0.050704430078654925,0.917586983647451,-1.785031201771222,0.007114903649164163,0.6053993908027075,0.3874857055481285,1,0.7063831387754742
STR,22.0,0.840948646496154,0.20632289009304025,0.16500787962749172,0.2009882030743002,0.1286179139189723,0.28993618327265136,0.2639189260743642,0.34777987522449666,0.6444521656396587,0.33086057646051664,0.08303094088297584,0.06518020509874504,93.431,-0.4240193310624328,0.9806632092029085,-0.6961761733942328,2.5512968565225306e-05,0.9153408631847528,0.08463362384668219,1,0.29023601857965187
STR,23.0,0.8159793357550167,0.21790778603936306,0.15880458661104666,0.234576364853441,0.12848727926436407,0.1285849619734351,0.1593934259559144,0.13870833220255388,0.6525770475632886,0.254489356855048,0.08136622154992526,0.06501171582879328,93.114,-1.5019182659263877,-0.32644019119981943,-0.5312207570491438,0.9428543659765687,0.033091178176961694,0.024054455846469588,0,0.2579331224596948
STR,24.0,0.8387304756599784,0.22486107359304683,0.19611867934678756,0.20490313728900103,0.07981776111520078,0.0817868924614362,0.11281523367515658,0.22170371197791286,0.6893311522560062,0.29714336465334285,0.08590549935635539,0.07035349557139806,93.391,-0.5197754376865861,-0.9089058426035221,0.21497945840820992,0.9906435819357706,0.0007908856247948699,0.008565532439434684,0,0.05573330863153145
STR,25.0,0.8732146906223041,0.2074700304566279,0.15399072284097776,0.1913824541590022,0.10116320409100207,0.09790978211826214,0.20902678500124094,0.22743810434787862,0.5996377809380485,0.26681929147417416,0.08458621285723035,0.07377400750602231,94.28,0.9688719247843206,0.2942306719679003,-1.6060202248140492,0.7018499266158951,0.051122396500979224,0.24702767688312557,0,0.7459016851608271
STR,26.0,0.8885105942963775,0.18729936031704966,0.13855000466349893,0.18686977785971517,0.0841905830379022,0.2850104503121072,0.22429887827167128,0.2759503937189587,0.6310716432408215,0.28587872516767426,0.08254869774233359,0.06071637749391615,93.557,1.6291800305624309,0.4852099547498593,-0.9678342311926738,0.16093788562248348,0.6373824339768653,0.20167968040065154,1,0.9039631322319277
STR,27.0,0.8673865837630533,0.19397846038556357,0.18649132923519088,0.2038636078246426,0.0634418502308455,0.10229984856729483,0.17453865879501093,0.22643975572300143,0.6495611220344477,0.28653330633269825,0.080188809249015,0.06431591304485032,93.237,0.7172786693281417,-0.13704731270183967,-0.5924515855032598,0.8950645381462236,0.03235163497948414,0.07258382687429228,0,0.40061609273459453
STR,28.0,0.8383308837563093,0.21267223001235905,0.19713619027069407,0.21682068716781264,0.07738598423523642,0.10214610163650101,0.2080001045263477,0.2889603548033601,0.6553179009484064,0.2771589109563913,0.08423435419287902,0.059378372062392513,93.26,-0.5370254007236348,0.2813919145513915,-0.4755745808298894,0.07574149312753696,0.8791084929512989,0.04515001392116439,1,0.4485801329932859
STR,29.0,0.8284685564300052,0.23696179662705685,0.18127016140931368,0.20355306253642894,0.1903857594831366,0.20187879506098685,0.20145432546319153,0.24621906163041427,0.6370288909208202,0.2943492443220784,0.08542577937192906,0.06875518713893948,93.702,-0.9627717190947229,0.19953619454009636,-0.8468872093698684,0.31823346252551843,0.5625543154366436,0.11921222203783817,1,0.9415335482500181
STR,30.0,0.8326904469496458,0.19110000294019389,0.17902238981921223,0.1971752260847565,0.15265048961754313,0.2533556637081666,0.2510344894642325,0.3043797107835875,0.6247469851095308,0.3140929221483237,0.08421148636047925,0.0671041889080275,94.014,-0.7805171370034604,0.8195418475610918,-1.0962406037521557,0.0008339487955300106,0.8772625778406523,0.12190347336381777,1,0.37733773708075985
STR,39.0,0.8691754822465844,0.22532462132051118,0.2387494178062938,0.21702575749635394,0.09160927177855718,0.10153328511661625,0.20846634557411564,0.26074175262614296,0.6359265583078384,0.30058686536837564,0.08543017362327328,0.07310045288905118,92.306,0.7945035390880034,0.2872223124758615,-0.8692673173928952,0.40552873914088633,0.4321923767549585,0.16227888410415497,1,1.0236691647837122
STR,40.0,0.8363830305685356,0.2224666352233883,0.23556850813459249,0.21142492934098117,0.12630628275542954,0.23719458359423312,0.19596488374904014,0.299566221985295,0.6909719962045267,0.2999431128387414,0.0845265892651715,0.0726985443862434,92.32,-0.6211121782137924,0.1308900945668961,0.24829269289329547,0.03678404052659863,0.9514520181635201,0.011763941309881395,1,0.22110016167915852
STR,41.0,0.8797309674884367,0.2155418115687489,0.14413648361295633,0.2170706833638797,0.14546899259596963,0.30467991046040654,0.3014106750790286,0.23176185955522535,0.5961193598021453,0.2503113444957629,0.08246502840848842,0.0705115624972033,91.707,1.2501727570780636,1.449501842412112,-1.6774529703979986,1.2425143913794871e-05,0.7980955366578986,0.20189203819818785,1,0.5031641596765172
STR,42.0,0.8717305272660281,0.21669689770807024,0.13361649999972922,0.18299762034744624,0.10342219998668505,0.13114992648789905,0.14417780998578994,0.11820403854128832,0.6706339432199889,0.2491875613657266,0.08113318503461789,0.0666373012828183,91.508,0.9048021505931434,-0.5167132188460297,-0.16462063055523202,0.9359782533012414,0.003337764765028507,0.06068398193373018,0,0.25100171237393964
STR,43.0,0.8707371134316597,0.21008756035327297,0.13426280896314183,0.18180268373658545,0.05019426115800264,0.08348972028486504,0.23226401804796123,0.29519526077437575,0.6662938105516459,0.26919897857764613,0.07785756021099755,0.06701757234214725,91.803,0.8619175181318794,0.584814943718804,-0.2527361746368359,0.002910329552179005,0.9116541128899232,0.08543555755789776,1,0.3114888057817605
STR,44.0,0.867247660393442,0.20342460301843482,0.18416324505057632,0.17520602477673028,0.03488447072712409,0.1592608199633772,0.2286314263269377,0.2338347844848949,0.6346504723155348,0.2685103108029598,0.07836642195095195,0.060191898632694474,94.01,0.711281493287354,0.539388966464986,-0.8951750534229255,0.04575393302158258,0.8323203100695288,0.12192575690888853,1,0.5504629293160336
STR,45.0,0.8719458435750905,0.20832536468486543,0.18652001555457445,0.19473169585850728,0.11561668259162157,0.2913364692020641,0.21354776011801851,0.30390158788993765,0.6208062225903029,0.3447733764549432,0.08680146720937586,0.0831888876381603,93.008,0.9140971296417599,0.35076598575811885,-1.1762479353277417,0.47728193503141825,0.3118199006343169,0.21089816433426495,0,1.0446311745072372
STR,46.0,0.831831971859804,0.21438526104481437,0.12586281425645218,0.16958224716982265,0.08602897463193829,0.09839450990361912,0.1728261719585939,0.2456303027280814,0.6967585932732762,0.26853681702955456,0.07702107544376312,0.06400293035343811,91.998,-0.817576605506258,-0.15846215754342408,0.36577508065830977,0.37141570282514896,0.6201870361916754,0.008397260983176025,1,0.7042846866829704
STR,47.0,0.8625747954165628,0.2056004511343955,0.1420288240557086,0.18229094314780256,0.06789767100979428,0.07579893273704479,0.23370125717034063,0.30064129350278734,0.6771958258006961,0.2708223157134094,0.08074428069918643,0.07320440758265827,91.768,0.5095588172567781,0.6027877842402564,-0.031398008579630675,0.0007707854103799098,0.9342379523008025,0.06499126228881774,1,0.2467295434193736
STR,48.0,0.8486841365001473,0.22645598027414893,0.15681911782271502,0.19362569612703903,0.0705429911894992,0.09321722888332377,0.21718773948673473,0.24877254525417727,0.6681287434848103,0.2773680452270965,0.08009568403249645,0.0668567413366659,91.745,-0.09008634739308101,0.39628434639598326,-0.2154824485149652,0.012228277748739915,0.9529906056672806,0.034781116583979664,1,0.21655876964070403
STR,49.0,0.8666279237947695,0.2318389448470955,0.17070770302329752,0.20281852458537195,0.08009227863637185,0.09710930347441658,0.15424027848966018,0.2266680273794038,0.6665474504508329,0.2917545704315508,0.07801311804938739,0.069225112610516,91.86,0.6845281148488864,-0.3908808929260453,-0.24758665054954773,0.9445238201519741,0.009040940634972065,0.04643523921305363,0,0.23899679706303917
STR,50.0,0.8459401213773632,0.22197958721299374,0.15150628612453587,0.2096015028246342,0.1952675321690401,0.26970096142758054,0.18826240426526702,0.30313765655254776,0.6602862465128254,0.29979358416891005,0.0806557277096039,0.07186225141060076,91.794,-0.20854259990094867,0.03456970276429326,-0.37470474434137707,0.5320234789758751,0.4150309204678808,0.05294560055624428,0,0.8563020710591603
STR,51.0,0.8392167986527955,0.21176662466909205,0.1454349214934085,0.19740739098807802,0.13040980541410224,0.30564265709637073,0.17897305311976427,0.22427449843649677,0.6932543998002361,0.27527781753690045,0.08259903308897631,0.07458849646700454,91.691,-0.49878138457106247,-0.08159470167349439,0.29463119220154993,0.2930674695019809,0.6917741837397713,0.015158346758248056,1,0.6781142882120103
STR,52.0,0.8357432832064842,0.2196437610445054,0.12475036282788222,0.1917646555160622,0.07169830067988628,0.08877922665115708,0.20006930022577232,0.2908805758540948,0.6476403906778176,0.3078337995793397,0.07734836608868428,0.06287187350202843,92.138,-0.648729400302392,0.18221629465516204,-0.631447234129059,0.27519743615486164,0.6527232088681202,0.07207935497701788,1,0.8230989425341827
TSU,1.0,0.8089542917781612,0.2233271475940481,0.22329273249892403,0.1875500332691075,0.12935196862075737,0.16260325119102337,0.18951336878990552,0.2443208757859217,0.6676892148391873,0.2589276693185452,0.10111099150613177,0.06137968810354672,103.165,-1.805182040346459,0.05021315801765433,-0.22440597890172398,0.12836510471183263,0.8595115287217377,0.012123366566429716,1,0.44713589359882827
TSU,2.0,0.8409302884056946,0.21177592690078792,0.12515611619512648,0.18734929096739267,0.18339376378008376,0.274953523574568,0.23800268617025608,0.29536537929503126,0.652282908089981,0.3126032028886649,0.07569149318046664,0.0599764296306179,95.252,-0.4248118305574099,0.6565776485892333,-0.5371925237454531,0.0011239107021789384,0.9575704204498144,0.04130566884800684,1,0.1807799167942203
TSU,3.0,0.8340303898226665,0.2023907834251629,0.11635224311869867,0.17581012135304447,0.08226100511218133,0.12460050836872118,0.1310023887315003,0.24180115219815856,0.7255454059297366,0.22406464702147547,0.07774938844617155,0.05938226436967995,94.229,-0.722673209688796,-0.6814733769290291,0.9502193484801141,0.9635123429244865,0.035115392240493176,0.0013722648350202816,0,0.1624642465774007
TSU,4.0,0.8518423192632634,0.21093348426136183,0.11674094552934601,0.1994373994748639,0.1072003268652477,0.15114613677723696,0.1368724485939301,0.2242619299312856,0.6695148292387073,0.2716601261312795,0.08306244910569953,0.07633675796286457,94.362,0.04624908740368551,-0.6080676032369189,-0.18734144231041924,0.9720509357611629,0.002375088614889876,0.02557397562394723,0,0.13566559393280547
TSU,5.0,0.8491282169024261,0.20846577275195297,0.0923373931110261,0.18703034053693485,0.036149346707589645,0.10018989999276859,0.165489173343641,0.23450679608259445,0.7135305709822226,0.25199702218468356,0.07947430814685968,0.06674446755451191,94.457,-0.07091586256981791,-0.25021216904767213,0.7062881603454758,0.5181697409003555,0.46180044753430544,0.020029811565338927,0,0.7757965684324127
TSU,6.0,0.8475439496114603,0.18391146062937727,0.07084601584190629,0.17032620888789943,0.02240230506370864,0.06426540489759767,0.13633840728875435,0.24072275191906747,0.7072805049681825,0.24463087462447408,0.07567202129688184,0.058453375492057154,95.373,-0.1393070185442778,-0.6147458511779448,0.5793961942564885,0.9762539685305508,0.01762012517891031,0.006125906290538925,0,0.12583736707628293
TSU,7.0,0.8310392894961773,0.21482364915781338,0.13228968823673737,0.20168874935958409,0.06886072873013853,0.09256171552224109,0.19830340538972202,0.3069219541399323,0.7136629806744569,0.2997640988816273,0.07651360923838593,0.054248141840676244,94.571,-0.8517958710797721,0.1601335766357383,0.7089764081398352,0.004685888976415382,0.9903046936364855,0.005009417387098899,1,0.06131156916970414
TSU,8.0,0.8668965261039124,0.19915328703841997,0.11354842552634019,0.16766409242371103,0.2582177005725845,0.3214184066918063,0.24912912543785182,0.30330683473421877,0.6545683337672823,0.3243706934565741,0.07683485938370631,0.05954711986886572,94.486,0.696123394587633,0.79571505127631,-0.4907926686252742,0.0004132823862379543,0.9164234752715235,0.08316324234223858,1,0.2900252787164825
TSU,9.0,0.8523483002470016,0.20211369851393093,0.09398766047914858,0.19396024898927638,0.02952489328296488,0.07658886535700092,0.10890789015925754,0.11632961724085723,0.7288037025765965,0.23839967637547638,0.07306191752858562,0.05771090793465519,94.235,0.06809175535263672,-0.9577676226513144,1.0163709165903452,0.9924279382786338,0.0021306798003968286,0.005441381920969299,0,0.049019655762484377
TSU,10.0,0.8563464499651366,0.21810252845855174,0.10529735539388803,0.18883808221912593,0.03878954971997839,0.10112468897584269,0.16200979963135492,0.21949744833117402,0.6918914971083026,0.2793590508519605,0.07895910433589101,0.06401210975989147,94.173,0.24068768189955064,-0.2937221374807075,0.2669608601156292,0.8596881682145834,0.1134941756145718,0.026817656170844743,0,0.47398109469665056
TSU,11.0,0.8432038776657825,0.2249813548553283,0.11863649306681275,0.19317604322619633,0.09799431927969658,0.12322287789339229,0.15767279892479585,0.21876749656444744,0.6786589855482197,0.2585683359298461,0.07674436926765482,0.06270041695542719,94.085,-0.3266633687446723,-0.3479568301123458,-0.0016922076091360867,0.9356221501567827,0.050630452192597264,0.013747397650619851,0,0.27223430498747103
TSU,12.0,0.8408935962656233,0.2058725616087238,0.10371445906480321,0.19064854839838186,0.11251497126983513,0.12948025658403606,0.1332481224934368,0.11984319887143659,0.6918126028989235,0.2326355508311519,0.07448414930815987,0.06235894777024346,94.237,-0.4263957917292161,-0.6533902179553821,0.26535911041912197,0.9873533664135302,0.006987072977812046,0.005659560608657605,0,0.0765328962293966
TSU,13.0,0.8375515665099085,0.22265710218064835,0.10425723420063997,0.21686394161987005,0.03462921217518751,0.09785023026218563,0.20367835332673495,0.2995858244725701,0.6933300149666604,0.30176955207967726,0.07847044000920454,0.06258533717050313,94.433,-0.5706677082156301,0.22734791875795446,0.29616636912802885,0.01057539817939121,0.977976121225986,0.01144848059462295,1,0.12106296103448771
TSU,16.0,0.8587804206271683,0.22670606587001066,0.10416036792287624,0.18287714979104674,0.10135414874848775,0.13582256780199892,0.15893792740523338,0.18281535667404622,0.6802176158009025,0.24995557871395757,0.07699813535416673,0.06597222387279368,93.058,0.34575964048476165,-0.33213625296272886,0.029951883305168736,0.9309839658654537,0.04054558205833978,0.028470452076206406,0,0.29786273754566284
TSU,17.0,0.8437680932101861,0.22688693447713668,0.09747225778684487,0.19733315197214457,0.06029130751468121,0.11866931318897005,0.1313272398238985,0.22545242577782507,0.7126808104342983,0.2628509000948225,0.08088428786104956,0.07739542518403912,92.952,-0.3023067759395567,-0.6774110766576406,0.6890358967071806,0.9816291651527582,0.014596451902812084,0.003774382944429506,0,0.10095915066631096
TSU,18.0,0.831826097583585,0.20653341848572473,0.09804416089725752,0.19898781203391358,0.038674239606973505,0.12671794088780042,0.2355447215759523,0.2733748494478776,0.6491425476816638,0.28666860173887776,0.08063677763364052,0.07819054711811839,93.094,-0.8178301918445118,0.6258405186482795,-0.60094969135684,0.001446264414269199,0.9597539701069793,0.03879976547875128,1,0.17495553367296673
TSU,19.0,0.8622973426686994,0.21860802567764256,0.13836748396106713,0.1922982301707906,0.09675740068098207,0.12221956367329004,0.2146940369988788,0.2418898051053099,0.6949098593110768,0.27154506378505433,0.08046129715933113,0.0751236019697848,93.424,0.4975814733686141,0.3651003099859637,0.3282411591426051,0.00438344850328056,0.9346164965572401,0.06100005493947939,1,0.2576094686398698
TSU,20.0,0.8622114535928781,0.21943984297077743,0.08220439903218815,0.168273801562342,0.03038785482248204,0.08859563137873562,0.23384207268656843,0.22562168461725257,0.6856989419353492,0.237110208756971,0.07683997407827269,0.06324425468535287,93.281,0.49387373212160796,0.6045486984658017,0.14123650788552494,0.0003891092183441551,0.9275394262410096,0.07207146454064628,1,0.2623795932961012
TSU,21.0,0.8534508946787625,0.22400346575032734,0.14890228744365167,0.18046776559980582,0.12082410022624153,0.13902938853111643,0.17046490319550053,0.23406608019356864,0.693631898956129,0.2737929381878149,0.07860554505440293,0.06274310483543953,93.189,0.1156895995984498,-0.18799009499415623,0.302295368864737,0.659222793777615,0.3098927053424844,0.030884500879900783,0,0.7451432157756799
TSU,22.0,0.8452776994194371,0.20176240384322422,0.09540844612754701,0.1536395410414919,0.12944509857951314,0.13689961466030795,0.13558281558375299,0.23408322213755972,0.7217155033802881,0.3007295202513079,0.07845826960006812,0.06770890790091177,93.004,-0.23713866049234777,-0.6241946123491822,0.8724627514558535,0.9608627449610422,0.034771810295617975,0.0043654447433399725,0,0.17887989363799342
TSU,23.0,0.8430285543237377,0.20482948896701406,0.11317573806159278,0.1767772282674005,0.1254960497513249,0.12600786339521983,0.25795500261809434,0.30133891082474684,0.6532585161699628,0.3038020042847911,0.07948052244812712,0.07904008324447528,93.098,-0.3342318933870276,0.9060836604746273,-0.5173852405706688,3.833962109666432e-05,0.9355791843626593,0.06438247601624415,1,0.23928520172366974
TSU,24.0,0.8405946957098015,0.21750922949650048,0.09761557869281359,0.1883786722007103,0.1359678613426366,0.16569899828570622,0.10084161742746073,0.22217813193967773,0.7366826425840804,0.28239759304613954,0.07980080975857576,0.07261067375786819,93.205,-0.43929901497357204,-1.0586372908601194,1.176333097149867,0.9969333907734548,0.001756140752238078,0.0013104684743070912,0,0.02290204222689464
TSU,25.0,0.8685188929435009,0.19655278684424274,0.13054511118052492,0.17723530290891415,0.1387511793577118,0.30571265249341567,0.20625147028285498,0.24651220453942582,0.6749975037849903,0.30296410235904814,0.07850339301365936,0.07036359658107733,93.224,0.7661592680837305,0.2595250422270317,-0.07602944159857558,0.0684406396900932,0.8389402393144259,0.09261912099548109,1,0.5512394226504966
TSU,26.0,0.8434068088453924,0.21575724204891653,0.1382869592487031,0.18273590152073957,0.12010551134145933,0.16008052931783276,0.23000410371543034,0.3040778729500994,0.6650806719188186,0.3012922813038814,0.0797403869091981,0.07000861543955465,93.319,-0.317903042734078,0.5565544550789742,-0.2773659218926512,0.0016854730652971792,0.968034457236254,0.03028006969844886,1,0.14810949747537722
TSU,27.0,0.8389893582643179,0.22718778717136776,0.13626137921460146,0.20672784556920631,0.11262468173130936,0.1262495471191435,0.25041899508285004,0.28534401837112366,0.6586071319243645,0.28080520719152513,0.0779789510217723,0.06725177474872875,93.418,-0.5085997474016076,0.8118450195342265,-0.40879496849899044,7.662048816868724e-05,0.9554289924920399,0.04449438701979106,1,0.18277271472310647
TSU,28.0,0.8587825157096235,0.22227976387714887,0.11233744035359704,0.20117369129498608,0.12289882578353097,0.14177703083611748,0.07727515317699767,0.09141883041951725,0.7212374149348125,0.23358771657641217,0.08289024704625297,0.07946540180046391,93.275,0.3458500829951822,-1.35333863667853,0.8627563607274121,0.9297565027294434,7.188242452443389e-05,0.07017161484603218,0,0.25483507775035963
TSU,29.0,0.8589544651345833,0.2181599970242848,0.13306986709483432,0.1850081289686877,0.1478398518357417,0.3034369063795078,0.20526074059514546,0.24031123238104848,0.6949355504952809,0.2713137649728165,0.08113595029528414,0.07059862354799291,93.118,0.35327295917851537,0.24713585353893597,0.32876275441335606,0.016486861476578567,0.935945700865227,0.04756743765819459,1,0.2745109980292488
TSU,30.0,0.8605914313622622,0.2171978408532097,0.10065878549091535,0.19813742558873287,0.045345137720394404,0.12690235211288928,0.22280132614719636,0.30502178781341494,0.6675659690244579,0.2822636890719485,0.08188698413877782,0.07205249300203194,93.211,0.4239390729337658,0.4664828932006366,-0.22690817707181166,0.008274906335080146,0.9355703064202715,0.056154787244648195,1,0.2636880569592019
TSU,31.0,0.8607361625023147,0.21428371827736062,0.10618275946438015,0.18294474848275366,0.10995388889155813,0.14753623908206195,0.2366331246893912,0.2471427857271118,0.6818715804495891,0.25718649019764384,0.07768969167173527,0.0615113174033802,93.279,0.43018696432818593,0.6394511247584893,0.0635315008071382,0.0003101013122470292,0.9325368309723246,0.06715306771542827,1,0.24900545154947487
TSU,39.0,0.843409751374335,0.23865473897267006,0.18358343698819815,0.19275254532867514,0.09023191245978955,0.10098076839293083,0.21763962490395533,0.23190070818420996,0.6700101979034745,0.2315607300855484,0.083905821004832,0.07664609323311979,92.882,-0.3177760168483442,0.40193522550942556,-0.17728421992749085,0.008158979345591035,0.965373691925115,0.026467328729293898,1,0.16937855309469557
TSU,40.0,0.8357306041188967,0.22652573846529275,0.12475208021576506,0.19009758335724852,0.11756793666013547,0.12607642740923572,0.25837155725162253,0.2977744329391967,0.668257529042103,0.2803670005220754,0.07618989953634901,0.06727749444497254,92.932,-0.6492767432045373,0.9112927240746215,-0.21286777972074392,7.119329018446804e-06,0.9447540682995039,0.055238812371477874,1,0.21375189440570108
TSU,41.0,0.867808878994323,0.22235362846297899,0.12827745729664009,0.16977072092008377,0.14683580030739585,0.25624028071748944,0.23137830753389765,0.2995037739816722,0.672032788547991,0.29604383881030777,0.08381525382694562,0.07244478224323095,93.321,0.7355087111864373,0.5737390318753495,-0.13622057309570518,0.001980823046477357,0.9207687447253647,0.07725043222815792,1,0.2861506328855101
TSU,42.0,0.828961018291167,0.22918328508662666,0.10340295874676132,0.20461171032232559,0.03982954443039636,0.12001058781085394,0.18019261592688307,0.31297938304829903,0.7009222329985683,0.3004424519632249,0.08106361493099808,0.07543441097603852,92.306,-0.9415126574766185,-0.06634392850921177,0.4503073767399326,0.1278235175982795,0.8661975633306085,0.005978919071112156,1,0.4179781105166806
TSU,43.0,0.8658935441650839,0.2129373733913231,0.124236643351751,0.161733308725131,0.062026891387086135,0.06805164811149322,0.19808491820975005,0.22732703000550145,0.6884823848922849,0.2553422958678249,0.07983402446890546,0.06932387587622518,92.572,0.6528257171002881,0.1574013693220958,0.19774735889232922,0.08264758874627204,0.8354262112360478,0.0819262000176805,1,0.5612493067857667
TSU,44.0,0.863294856172313,0.2209869205216826,0.10689173268611817,0.17843963178578584,0.0695920471819433,0.09058997396950551,0.21143156626369347,0.23099101925096732,0.7038991707020757,0.2431353754859153,0.07750076631673351,0.06589969229954713,92.534,0.5406430842478497,0.3243027382274679,0.5107466548649838,0.004038272633406409,0.9239655644794348,0.07199616288715881,1,0.2847585066791314
TSU,45.0,0.8310743851029474,0.19648066982449167,0.1160490973862576,0.1871955501457102,0.14843840435074357,0.17789154399523185,0.22295898359755945,0.31696942811449397,0.6914345516609146,0.32778545270916065,0.0752762977337808,0.06464260867155322,92.494,-0.8502808305747279,0.4684544177495255,0.2576837251087002,0.00042682836766342783,0.9892767498663431,0.010296421765993394,1,0.06109336791106826
TSU,46.0,0.8848824134892288,0.21192262180764254,0.09681306240248774,0.17546570124577954,0.08028799636983043,0.12505011285256695,0.17041943070730164,0.2559557365731089,0.6850197673000469,0.3145011493911633,0.07880040719327101,0.06935468293712765,92.535,1.4725552735531686,-0.18855873368884973,0.12744756476113495,0.7380662227194771,0.08871217865252667,0.17322159862799638,0,0.7427486748372811
TSU,47.0,0.8838040024216451,0.2076370613694292,0.14687881589566387,0.19257046495485589,0.07388301823019729,0.08189688830350714,0.141051426616052,0.23846453082335792,0.6968875938382831,0.2877343180068865,0.0807921355125068,0.0704140980859039,92.291,1.4260013997540482,-0.5558090024482715,0.3683941146466795,0.87543091075558,0.006688610933808565,0.11788047831061145,0,0.40199707356133035
TSU,48.0,0.8701449975961492,0.209640224518852,0.10437352859844722,0.1926067031235816,0.10218866573090502,0.1266860625096844,0.0799353767225547,0.13993244578874509,0.7423107352406174,0.25498562827136056,0.07554469103457365,0.06465305424089994,92.084,0.8363564990461024,-1.320072235290461,1.2905974490646601,0.9050436735109582,0.00014287322133549226,0.09481345326770621,0,0.31492872592704674
TSU,49.0,0.873771400405379,0.21309793545844222,0.09349090287047829,0.18450539713973405,0.12589181765781327,0.3235015018329264,0.22765078343151382,0.24623759586514402,0.7025503979224502,0.25367209114138034,0.07746376097554293,0.06797894779429352,92.504,0.9929045017515428,0.5271259142744987,0.4833631953255925,0.00042561125219652603,0.807377673221712,0.19219671552609138,1,0.4930308387622413
TSU,50.0,0.8595882898321779,0.2055254510823618,0.09511218801674323,0.17366780907748824,0.0724102543919927,0.09991515106928475,0.18243618577631013,0.2350094370362561,0.6952251801026587,0.264285457076427,0.07794919187338642,0.06500456443471848,92.79,0.38063450605942967,-0.03828782951036551,0.33464295955601986,0.3031042538263011,0.639948032359984,0.05694771381371486,1,0.810652144224607
TSU,51.0,0.8255144280444519,0.21626244710493833,0.13589202794720856,0.20704623692375929,0.07177441843066915,0.09216951922940113,0.18245592958683776,0.23189105397205123,0.7310090826865314,0.2600774825060219,0.0802369449030603,0.08150057892943045,93.212,-1.09029834060427,-0.03804093088899243,1.0611456465683233,0.013725504983819439,0.9841570337528622,0.002117461263318457,1,0.08761696661954324
TSU,52.0,0.858378045006583,0.2148717709169292,0.08683392665849234,0.18026254140787576,0.11655760256428674,0.3238289504580315,0.12862873017793963,0.22855590647964014,0.7021525559361399,0.27442453566084135,0.07743540013294258,0.06802221533050108,92.78,0.32838950731045763,-0.7111562501344981,0.4752860083451254,0.9808839922903101,0.004389176470582282,0.014726831239107644,0,0.10487827878061032
VER,1.0,0.9566601872266258,0.1408900306673446,0.06000789368638226,0.13807724870197283,0.48322863670549465,0.3707966277546886,0.12851485138667287,0.27698360894565377,0.8232727499555212,0.28704938761980825,0.11423200666372961,0.15115317004268178,97.167,3.0,-0.7125803175164274,2.934328763681421,3.7192708160990416e-06,6.080556220778011e-07,0.9999956726735613,2,5.952867711601322e-05
VER,2.0,0.8808954815715401,0.2165636608524535,0.1996755981031386,0.21246697558431255,0.08140334280968789,0.10136412209133468,0.1802124342912773,0.17555066297615185,0.682005729109195,0.2472683331250677,0.07755840206279181,0.0719551715636323,93.433,1.3004436076764017,-0.06609609758316236,0.06625505398679411,0.5991015376892525,0.22820236523211207,0.17269609707863534,0,0.9474009964888499
VER,3.0,0.8715299619845108,0.1843887026339239,0.16950765606843668,0.20796329315937784,0.11009807237050925,0.30574895622117065,0.2072962095230947,0.29710791874580744,0.6991558673618592,0.3004647591568525,0.0734382891094933,0.060714928010194395,92.73,0.896143957919769,0.272589626581127,0.41444573816354985,0.013147653154104903,0.8669667387930772,0.11988560805281775,1,0.4350161857945392
VER,4.0,0.8712033741525463,0.1975270853759645,0.17265400360555067,0.20962644625457935,0.06887906063738615,0.08178822766882184,0.11769731702770588,0.24821383930756694,0.7517195113076739,0.27997795963902994,0.07656067834500538,0.0646362343518369,92.78,0.8820455040271641,-0.8478548287941144,1.4816191264290022,0.9360496795446077,0.008282512897233885,0.055667807558158325,0,0.2623518807978356
VER,5.0,0.8374033603951796,0.2063858240723358,0.14635909070675804,0.1922975453087501,0.13748132406839675,0.30232904266854077,0.22980133476377607,0.2286610474018386,0.7126002779682286,0.23721606087201283,0.07415918951534321,0.06259072805562724,92.582,-0.577065610619215,0.5540188060181894,0.6874008863039895,3.7145509917811525e-05,0.9768637637044936,0.023099090785588527,1,0.1102819111128219
VER,6.0,0.8579555108306285,0.20005749480016813,0.16893458208031806,0.20589320246707024,0.1164269784462295,0.127852063488167,0.13058832562403888,0.15029975816352625,0.7193921859283512,0.24268028458567956,0.07234600055117539,0.06393882843944355,93.027,0.31014915046093433,-0.6866512837090093,0.8252935985760482,0.9757466039180426,0.012364029433847915,0.011889366648109505,0,0.1309666008702362
VER,7.0,0.8700467080033992,0.19908398202397673,0.17127057945308632,0.21177465048743618,0.1186516471260494,0.3058889224063338,0.1336863443676121,0.16493046134711808,0.7347468672395844,0.24587995738099633,0.0735655229724472,0.06618435564770467,93.1,0.832113440499884,-0.647910203019158,1.1370320179583988,0.9229979884451849,0.024890048328166065,0.05211196322664912,0,0.3198418248862708
VER,8.0,0.8530703332826225,0.2128440722843768,0.14901386982839324,0.20551128281812203,0.12319026030467885,0.11974821032239613,0.1977360864058739,0.22640978581208043,0.7216655914158159,0.2730052703672608,0.0766476798110558,0.0730608991678326,92.884,0.09926116359545767,0.1530391874956665,0.8714494137904563,0.007371119327738744,0.957729732114818,0.03489914855744323,1,0.1946544474939283
VER,9.0,0.8354003869222113,0.1944653132008526,0.18220305031561956,0.2200303445147599,0.12469926813550804,0.3067640842307748,0.24712815148432307,0.34064711178716633,0.6842257075782403,0.32865474953794527,0.07040504349614184,0.06306677991638522,92.822,-0.6635318729624641,0.7706926418564956,0.11132616715257142,1.4287742786954103e-05,0.9668090870122132,0.033176625244999994,1,0.1457898830606305
VER,10.0,0.8686046721273879,0.1872318988095434,0.1444226661954345,0.19163489755811516,0.10274950519470658,0.3081278473520957,0.15164987578374414,0.24092353651518977,0.7508130078587555,0.25497829455652943,0.0690364266977405,0.06498984065636672,92.594,0.7698622654112831,-0.4232741766843464,1.4632148400356575,0.5290346279101349,0.29203507482668295,0.17893029726318227,0,1.0041935248165077
VER,11.0,0.8694050889038466,0.20494573392082402,0.16149573523147434,0.20169865098414763,0.10944028157905557,0.11670520945339477,0.2726332029469247,0.3416456877640473,0.6095913567441603,0.3601259687349347,0.07270154400175427,0.07275976106932458,92.597,0.8044154174680859,1.0896362437185714,-1.403937750674409,0.00038658093810749834,0.8571427418233969,0.14247067723849613,1,0.4127881493228417
VER,12.0,0.8754335395482391,0.21207978609024972,0.14932014766587282,0.19656981738695775,0.08875896576590636,0.10033195818924484,0.1694496328271211,0.10698674465378992,0.6970985035560341,0.24405518060037215,0.07016914680914302,0.06500223453066115,92.687,1.0646573038316112,-0.20068616771643957,0.3726761092196283,0.6913875369552527,0.1842577972303329,0.12435466581441448,0,0.8260490154515143
VER,13.0,0.8799939932750372,0.19953063338322694,0.13958807452088315,0.18838884515545004,0.0956612381201475,0.09898793831951049,0.13916987289651567,0.12314351827815104,0.7402545994546351,0.226224467015155,0.07229817055681995,0.06360756134174447,92.678,1.2615273041922288,-0.5793380481075538,1.2488527519937622,0.7504951039305657,0.039042936785848636,0.21046195928358555,0,0.6700231218957484
VER,14.0,0.8298460030609239,0.2102653524596231,0.17170430956426075,0.22197888384646577,0.11793625449161649,0.12050865822849702,0.24195595131761022,0.23858444254075484,0.6545002762074512,0.2546790184150525,0.07075304336912919,0.06492253227650506,93.046,-0.9033087939186131,0.7060136839197938,-0.49217440724288003,0.0002987340937256931,0.9663749346782758,0.033326331227998385,1,0.1488342426009689
VER,15.0,0.8666636763153089,0.19473781768402673,0.1484979318194068,0.1888773379887724,0.11125118087865207,0.2955462049939455,0.22226721728116366,0.3025207178385415,0.6837520182155238,0.30502694098981004,0.07564950017118299,0.06582214357853039,92.99,0.6860715136318043,0.4598038004033245,0.10170908880243651,0.0034045687811943125,0.9212434514083041,0.07535197981050179,1,0.2897463530553248
VER,16.0,0.8422330699689373,0.21006047012731857,0.1596069149954249,0.20294666321560867,0.10238474674146311,0.09538831403918904,0.09718389202152815,0.14963726369287755,0.7288115647318612,0.25845201277209956,0.07187496641327423,0.061379345108872656,92.808,-0.3685721179783133,-1.1043775677343366,1.01653053799866,0.9968566900008391,0.0008560039509676069,0.002287306048193218,0,0.023092213379338276
VER,17.0,0.8371850007987603,0.21388884885722853,0.1643256791665049,0.21593511933695506,0.11560679284724842,0.12775070270533137,0.19636864994978587,0.2560924297322972,0.7244522117835293,0.2786344249895158,0.07453908561919827,0.06470015384359755,92.603,-0.5864919651885407,0.13593923734415483,0.9280247741800015,0.004084078616416179,0.9879044146511375,0.008011506732446248,1,0.0731578143564664
VER,18.0,0.8676025844197354,0.20489827049812367,0.1552118636039382,0.20350044101501696,0.12442377192002001,0.30981579281327154,0.09384359659750896,0.0644869806580926,0.7306045399646927,0.23564637540489983,0.07334314161966947,0.06433191568398858,92.507,0.7266031909451479,-1.1461483461772755,1.0529324179038906,0.953118922622401,0.00036403740248766456,0.04651703997511131,0,0.19135844186855158
VER,19.0,0.875214821808495,0.20093525265925544,0.1693674169166849,0.19225448725037322,0.1205556505721305,0.3059780279285961,0.14012289532642555,0.2977301766551044,0.7446121204995906,0.3263862984641821,0.07293457081690247,0.06521079815608516,92.338,1.0552154885908867,-0.5674203930149341,1.3373213235938748,0.7777448771580728,0.062208831501008685,0.1600462913409188,0,0.6615129717454066
VER,20.0,0.860048874210135,0.17986151158005395,0.14891865642588323,0.18820933357970554,0.09139401363437681,0.2936609573892804,0.2208997122291517,0.24163417589512104,0.6911106858500102,0.2752873288478738,0.07449487076305117,0.07154495530424756,92.295,0.4005174501887981,0.4427029924518948,0.25110843943934197,0.0019991270297507755,0.9440715063367361,0.05392936663351301,1,0.2242372291918224
VER,21.0,0.8637092904653335,0.2003987310118662,0.13007008047342744,0.18764900330038367,0.15702158611497588,0.12452363220337855,0.1564133292079994,0.29140486607496485,0.7259156451906732,0.24536914943398072,0.07197419918466011,0.06338397633000394,92.494,0.55853377765341,-0.36370664377181955,0.9577361311249762,0.7036798831662886,0.23620620556260036,0.060113911271110855,0,0.7571639362348543
VER,22.0,0.8356320705384928,0.21280843241772246,0.1668934112965491,0.22017903216275475,0.11117290392035291,0.11486111040691066,0.20173210265849711,0.2816271890805727,0.6640080730353551,0.3114068856224068,0.07214013547462411,0.0646546147130509,92.184,-0.6535303344416682,0.20300983031439843,-0.2991423608681414,0.09086654491460659,0.878663083562069,0.030470371523324175,1,0.4379614413313186
VER,23.0,0.8815526652662837,0.18776009132780389,0.15069561891012942,0.19992842517182705,0.11517935954929182,0.11938245379377706,0.16162256235647074,0.22806080140340373,0.6928397427688749,0.2904616278897183,0.07259235784191538,0.06125053583616321,92.272,1.3288135379447246,-0.2985645841390848,0.2862126177666819,0.8135842959257351,0.0558709178526517,0.13054478622161333,0,0.5948128404163133
VER,24.0,0.862517497754358,0.21327004384065015,0.16612919014370378,0.21833930905563823,0.09909847993770778,0.10272977520826544,0.1483618438053778,0.23895815708835663,0.7056533535728244,0.2960109722614348,0.07458051018593645,0.06968944893247082,92.35,0.5070853373237122,-0.4643913947286056,0.5463609528338208,0.9317822778541314,0.041474305441550376,0.0267434167043183,0,0.2946859921522375
VER,25.0,0.8657675421363084,0.21774588898888564,0.17508396628365014,0.21443007946747736,0.10025295010135296,0.10480371940339983,0.24860047760782,0.2921167908137749,0.6311385769350653,0.3075372099334125,0.07773484818366307,0.07529628977660846,92.295,0.6473863417800835,0.7891042493622598,-0.9664753098563064,0.0028632584775717565,0.900005944437707,0.09713079708472142,1,0.33806536785786623
VER,26.0,0.8481030516298149,0.21999665271026014,0.17435442058917103,0.22849931383167904,0.08522355844091696,0.09332807098747682,0.1729645830615092,0.21864347786226673,0.6832399263480364,0.27358795450107776,0.07087331975209465,0.06392721212436135,92.276,-0.1151711712911192,-0.15673131078288188,0.09131234359403712,0.6879124210164913,0.28555529385407113,0.026532285129437626,0,0.7115318678749605
VER,27.0,0.8532984500784339,0.21580984144746584,0.17894058768613152,0.20573685183105903,0.10173228155119779,0.10550711228764724,0.22055311145331014,0.23420092910683474,0.6914905626427987,0.2712795428298148,0.07809901477126122,0.07838033873738307,92.138,0.10910872622058625,0.4383687098876274,0.25882088807592096,0.0016087757869316065,0.9629381740970084,0.035453050116059856,1,0.16511158157067524
VER,28.0,0.8161521370135543,0.1969429375680888,0.15827359572068547,0.21263216033928983,0.12237560784077092,0.12050697303377361,0.2355635238889916,0.35079072741394496,0.6894475679540069,0.3422562181592622,0.07177518326899736,0.060637081443153835,92.215,-1.4944586169816556,0.6260756437352798,0.21734298813249533,2.77805862766045e-05,0.9917397692346027,0.008232450179120719,1,0.048030528960522026
VER,29.0,0.8648508396942873,0.21593426637035562,0.16742925738788386,0.21315297810544775,0.11406702429148459,0.30536375025909523,0.15826166626306895,0.21904534158087724,0.7081063431200006,0.2727141708961287,0.07657688084039498,0.07280982131901467,92.251,0.6078132596039016,-0.3405929763219251,0.5961627734446273,0.8211445487097336,0.13068509384055055,0.04817035744971565,0,0.5738523590601612
VER,30.0,0.8505519584394291,0.21186472862564143,0.15564612931659563,0.19242453829169626,0.1051570369179638,0.11114747986494693,0.1397184010858959,0.2311953099767773,0.7343963276989366,0.23180513075882564,0.06881455709282103,0.061556101836614134,92.363,-0.009454434892972931,-0.5724786400134223,1.1299151888873447,0.905718953338934,0.08515861492154388,0.009122431739521989,0,0.3423042461667982
VER,31.0,0.8485496658201854,0.23520682813142146,0.19082409333543995,0.2395064166310068,0.10167321128045248,0.10512200621965816,0.1805851119992724,0.23878654031999952,0.6975009194825095,0.2963568392722118,0.07324162175669045,0.0682109965900168,92.388,-0.09589130549560976,-0.06143571998322107,0.3808461586209106,0.2607037855088478,0.7133594086200348,0.025936805871117553,1,0.6861574102447339
VER,32.0,0.8560868394350785,0.20673115957688126,0.1439391906552794,0.2069171894758332,0.1196623046870111,0.1238851678911268,0.2797223008480847,0.3233432558933998,0.6791083339932119,0.27985554381445504,0.0753720532735098,0.07520848909843154,92.21,0.22948056782538623,1.178286228285911,0.007430689255634034,9.066011933533083e-08,0.5999452677229784,0.40005464161690246,1,0.6730353305565153
VER,39.0,0.8600887679269612,0.20153242467234775,0.1513113731686658,0.19949540447616776,0.12159728526761848,0.11860055866670043,0.10942949582126507,0.24790250014450602,0.7565921626718927,0.3024712369376913,0.06846407730379066,0.0642635274811114,90.348,0.4022396200684778,-0.951244883858324,1.5805461314051035,0.9825671337071346,0.0055667556195776345,0.011866110673287661,0,0.09879188442540565
VER,40.0,0.8698886228204904,0.2088169894543366,0.14227332751045893,0.19411474459204114,0.12261497068203464,0.1192307468479362,0.11757733393356333,0.2374544106071451,0.7456273888641,0.2278866223821454,0.0734276366735953,0.07355840030353068,90.547,0.8252890690928486,-0.849355231185558,1.3579338097006046,0.9515751437848374,0.006696977157406251,0.04172787905775638,0,0.21331089444470588
VER,41.0,0.860392001250578,0.2250170849822337,0.22470621360726015,0.2835058071034885,0.09562549154333899,0.10790632617379893,0.21901780367248747,0.29942617756114237,0.7207765886488376,0.28009390636202336,0.07239612595824974,0.07142021741616654,90.688,0.41532988435051593,0.41916950951351833,0.8534004349945511,0.0003253005574411147,0.8920460794922276,0.10762861995033111,1,0.3444291013408026
VER,42.0,0.8828694377897687,0.20966878995585833,0.13828305567299368,0.19267029312093834,0.09405978405139023,0.10212441601341142,0.12334318484879012,0.15851455779608556,0.7462496248453938,0.23188149121903837,0.06736392276740534,0.06399559736884466,90.275,1.3856572255914221,-0.7772526023632365,1.370566755794345,0.7762235004101474,0.0079709045983565,0.21580559499149624,0,0.5660553596740219
VER,43.0,0.8864167540145189,0.20897234015860494,0.11228763764272225,0.1848481582320983,0.10052065234561737,0.10005053608615794,0.1153608575615862,0.22129708824683716,0.7494686294469427,0.28316932389425303,0.07069948446430349,0.06690423405115171,90.535,1.5387911434606247,-0.8770725231328866,1.4359205971493743,0.6937242128890099,0.0031800347012519653,0.30309575240973785,0,0.6337769317934
VER,44.0,0.8662589227541492,0.1949404896050175,0.12379988420928438,0.18112647098561757,0.08142502271203096,0.0803785811124382,0.19957717740236122,0.24466787122532146,0.703502457987044,0.2672002981276691,0.0701810274812003,0.06555358512538163,90.648,0.6685987272589823,0.17606224214962515,0.5026923949148021,0.026873019334687626,0.88627467234871,0.08685230831660233,1,0.41641595353478156
VER,45.0,0.8730617127117533,0.21878144506746494,0.17121465424552318,0.21267916589044059,0.06388199406897345,0.06797278975029912,0.2217431190988911,0.29128387181300086,0.6807374839753995,0.3120906564013503,0.07003076271140002,0.06656994463211587,91.342,0.9622680289639705,0.4532498923577563,0.040506506987675446,0.0055413923699004965,0.8899089275817654,0.10454968004833383,1,0.36866879941113423
VER,46.0,0.877868353298668,0.21023913817389486,0.14719030176870826,0.19990848642708034,0.11388674522114813,0.30602152501359353,0.1580738944005944,0.23437914946699764,0.7370204907765266,0.2459662385151244,0.06559438355216804,0.06396279713299526,91.114,1.169765657657955,-0.34294108505771004,1.1831922601223548,0.45525446940928366,0.2253800061951063,0.31936552439561017,0,1.0585779017049841
VER,47.0,0.8723336053708458,0.21614279183322802,0.15934484069862798,0.21725191020474524,0.09924928030527891,0.09915281065191427,0.14149460415176388,0.24010117098187317,0.7341863459263324,0.2936398557263654,0.07231188407852826,0.07745514742489122,91.148,0.9308363993380172,-0.5502670163945845,1.1256520339208618,0.8581992849219159,0.05360981809056968,0.08819089698751449,0,0.5022481688822772
VER,48.0,0.8883990549855568,0.20524793258708146,0.1307080655947034,0.1971091870513513,0.07890620443798504,0.08541079487254727,0.09774013579880508,0.13324339040914837,0.7540228777125012,0.23155291857095872,0.07068282691891278,0.06713265339675903,91.4,1.6243649955950878,-1.0974216753261912,1.5283832231721866,0.582918675327478,0.0005110812228499184,0.41657024344967214,0,0.6832697493218927
VER,49.0,0.8694223009898453,0.19036064847029618,0.1399775303904387,0.2087700527873341,0.04613554100899237,0.060165519123208465,0.21546451798705618,0.322047404523846,0.7056222060916044,0.3097520872068552,0.06765183420666755,0.0649129746669288,91.218,0.8051584451534363,0.37473526335572577,0.5457285810921705,0.0022557386968579396,0.8740469500396815,0.12369731126346073,1,0.38992954008793046
VER,50.0,0.8590105500908571,0.2005440882057492,0.15929498905757453,0.22561371090155719,0.0835420939181807,0.09723407296388875,0.2453508893497941,0.25663024738533385,0.6820038107689895,0.29879545109666195,0.0697859541383542,0.07015052712448346,91.292,0.3556940878694998,0.7484677744622492,0.06621610688451517,6.45808974780775e-05,0.918239888248436,0.08169553085408607,1,0.2835731658906332
VER,51.0,0.8500513608549894,0.20781330603097403,0.15511082226185505,0.1961659951310578,0.0992178640008211,0.10257153717335041,0.2642280825267676,0.30858347719994783,0.6608691090145744,0.3162129762557993,0.06999670460391769,0.06338681771884834,91.397,-0.03106470714506136,0.9845292461961306,-0.36287117832138127,8.822654359315683e-06,0.9047146028781511,0.09527657446748963,1,0.31468943960687146
VER,52.0,0.8780894232857968,0.19624190416601603,0.14922078779020576,0.20316635469433791,0.10424879721606181,0.10501613232859792,0.22875160139524742,0.30485464046171634,0.6883970125549207,0.31398295106206026,0.07157224056636968,0.07773671288286269,90.975,1.1793090169491636,0.5408917695154689,0.19601408700153386,0.0011769792219818126,0.8312395726703463,0.16758344810767184,1,0.46093244713987913
ZHO,1.0,0.7848013256922947,0.21727383170988634,0.2732312099929904,0.23740040964039094,0.1510098746389533,0.2346292704382474,0.2956421850142773,0.32358514755862255,0.5158295865675362,0.29606832327260646,0.09734502917827835,0.06024367547616724,105.239,-2.8478402333445016,1.3773662107214595,-3.0,8.706294471159297e-09,2.414738677295938e-05,0.999975843906933,2,0.0002810363268104042
ZHO,2.0,0.855860869736294,0.21583206604477037,0.20295921100356193,0.19131690088187114,0.14351755347631903,0.24021711551361005,0.19654954722456525,0.2527255587030329,0.6438386804680265,0.28641143091765403,0.0824457873592346,0.08036323386354292,95.912,0.21972569312514242,0.13820137857016918,-0.7086314561736423,0.5733848389335744,0.3199197698524451,0.10669539121398038,0,0.9222838959834763
ZHO,3.0,0.8683885123462977,0.205920937675907,0.2542342729270243,0.22497612650852766,0.09575880533089152,0.21242907080926063,0.2324330254419774,0.23743579868610867,0.6453936918665443,0.28041985388249757,0.08780813919849309,0.06740372610968721,94.679,0.7605308745606046,0.5869284006184255,-0.6770608370465081,0.012615385596978458,0.8965302722663621,0.09085434213665938,1,0.37100089155090404
ZHO,4.0,0.8107092334602096,0.21378996296494074,0.2319634658522245,0.21687934948787663,0.11322472338006048,0.2034839908817602,0.23606047041215114,0.2936505433182082,0.6426061386395377,0.31025148343817777,0.08177040940428919,0.05813289279050317,94.408,-1.7294230500627672,0.632290017160942,-0.7336551368119777,0.0008216421152815505,0.9532272180581858,0.04595113982653247,1,0.19303621222833522
ZHO,5.0,0.8437552872328896,0.22261092285288436,0.2518645451968771,0.23729822232668976,0.0852486236858806,0.1094911796126946,0.15491424082866392,0.22830216447186572,0.6848558442615645,0.23135493093904896,0.08587873261549948,0.07322280468539091,94.736,-0.3028595965372441,-0.3824529163647576,0.1241195172503441,0.9375859024447657,0.05097723129004494,0.011436866265189262,0,0.26328515572973116
ZHO,6.0,0.8459342752837994,0.20023558389222895,0.20923787390324097,0.23782514457662943,0.09291035661859937,0.2782835950512143,0.15342919367983998,0.1345228719028673,0.6903243723675452,0.24869629975592839,0.07887984213977353,0.05819198221660158,94.807,-0.20879496962355992,-0.4010236017552743,0.23514430985604948,0.9348585144871363,0.05399650179958056,0.011144983713283076,0,0.2706954622053356
ZHO,7.0,0.8338195863506414,0.20258959788848616,0.21089964554116017,0.21204076351810391,0.05964468226574264,0.10228309193060704,0.18365228449451346,0.22711442065743895,0.705838315476506,0.27402133925827826,0.08168102271585716,0.0604400027675879,94.995,-0.7317733742995559,-0.0230803751763738,0.5501161419081427,0.07376011743930559,0.919060858187166,0.007179024373528604,1,0.3052993353431421
ZHO,8.0,0.8220822901818282,0.1831023921148344,0.21748766784240198,0.21036456043189716,0.0821877819808556,0.09767296969854776,0.2291507577796642,0.3540115180430346,0.6860253111622332,0.350203581181069,0.07443474665549875,0.05949243758191924,94.267,-1.2384601294810973,0.5458832660093618,0.14786261915814555,0.00014812876628012247,0.9912352274870577,0.008616643746662187,1,0.05099640215641372
ZHO,9.0,0.8456631119200607,0.2118641063743452,0.21314757419672822,0.21857616060566915,0.09659149258088992,0.2943899337477439,0.12546294279645512,0.11959098784734322,0.7181222219344483,0.2639661779747893,0.07950183504059939,0.0593488093372746,94.044,-0.2205008074009116,-0.7507447854354649,0.7995101544193692,0.9870541091521192,0.009315622441921662,0.0036302684059592184,0,0.07681863796113524
ZHO,10.0,0.8391081364192301,0.2164435861481786,0.22401190479334596,0.2314107011172552,0.053886167827770504,0.09108408741615835,0.09309890360247719,0.14004200002257186,0.7233307647335866,0.2568764009706092,0.08295334712762888,0.06994395640899587,94.392,-0.5034722191333134,-1.1554608177268884,0.9052565952980103,0.9969885804329469,0.0005065505436163959,0.0025048690234366613,0,0.021853488877717236
ZHO,11.0,0.8278940619949589,0.20996094471690663,0.14415243055121316,0.18258180485371195,0.11116152648387002,0.12461017323315929,0.1410166874828264,0.2453086605763585,0.7232416160841744,0.26471112513339046,0.0807736604241555,0.05936404135266653,94.221,-0.9875720408193219,-0.5562434193045867,0.9034466548313522,0.8791472057124172,0.11951097820709145,0.0013418160804911543,0,0.3759939365858805
ZHO,12.0,0.8507167380312979,0.213996013459462,0.16130204380364524,0.18258612848306377,0.14741651742052272,0.1451899841463707,0.18464705447211568,0.22888089843111029,0.6707460338426126,0.2704431913103194,0.08136002423212033,0.05904923482077554,94.235,-0.0023410728781356224,-0.010640662198498196,-0.16234491067437004,0.5258716962439517,0.4276778344192178,0.04645046933683043,0,0.8438134907590313
ZHO,13.0,0.8499357775250962,0.19839246278252876,0.15307881915088478,0.17305024778414616,0.0643998354043393,0.09014854844716773,0.10152486878058736,0.2257895132078168,0.7478900171385857,0.23737039371015226,0.08107047941896571,0.06366875215556798,94.13,-0.03605431817083583,-1.0500931541089005,1.4038708205470614,0.994728469037874,0.002262519974784808,0.003009010987341009,0,0.03650999628483269
ZHO,14.0,0.8551322565853164,0.2083588992400273,0.21195466403911456,0.22740861998327666,0.13577733916630913,0.13738847434089826,0.18361621132400333,0.24768720028395158,0.7082586371340782,0.2895600163203589,0.08461549821421878,0.06843727947683279,94.418,0.1882722282093999,-0.023531474322358917,0.5992547226858794,0.12922415064473888,0.8318319277973422,0.038943921557919266,1,0.5439779379876062
ZHO,15.0,0.8292826784409592,0.21979248110765007,0.21430003165958814,0.2187632233665544,0.07358194312420115,0.09113171088279015,0.16160517096270105,0.22036162195363976,0.7100336223272028,0.25079596732368026,0.07981468670363961,0.05728969164722276,94.677,-0.9276269264508937,-0.2987820655183496,0.6352913598075451,0.5259904795647885,0.4698303673209347,0.004179153114276634,0,0.7157283070080716
ZHO,16.0,0.8458727442905001,0.2133998153841502,0.2319332381829803,0.21314075313439432,0.07392237474621308,0.09376351329831926,0.13420426063184399,0.21857960117605751,0.7127682269913093,0.2588645586186816,0.0821095921400338,0.07157775901386586,94.263,-0.21145119801632747,-0.6414336005696674,0.6908106713676291,0.9762242118251376,0.01902793658740978,0.004747851587452748,0,0.12427795658814891
ZHO,17.0,0.8217800111656804,0.21793902131783432,0.20879069510581671,0.215014330566701,0.09719641553535498,0.1005493891836936,0.11697831107448704,0.24685882088555222,0.7311849556772984,0.20775818555503867,0.0788632234439511,0.06336505776122063,94.027,-1.2515091973114159,-0.8568460809316036,1.0647163079869761,0.9856721652396888,0.014054547992134962,0.0002732867681761019,0,0.0764069785400579
ZHO,18.0,0.8461349369326628,0.19671405521078647,0.19513290491217816,0.20424178596804884,0.08052695010126144,0.09094478897832779,0.18456703442446518,0.30906898900971247,0.7285236380340493,0.343108225728372,0.08066520504035467,0.06234875252883877,93.861,-0.20013261687300457,-0.01164132209743042,1.0106849061776868,0.026920923246451622,0.9559434280430263,0.017135648710522096,1,0.21007037651671287
ZHO,19.0,0.837114428945206,0.2061366236489664,0.18578751917876415,0.21115873216437192,0.10938637942131835,0.11525135674259548,0.1387793721491269,0.17225844183633351,0.7173149657623585,0.2541634637487869,0.0842206150073266,0.0742311008795222,93.907,-0.5895384780284899,-0.5842213048649313,0.7831208358771597,0.9451589878371823,0.05220903233581524,0.002631979827002703,0,0.22309014068432695
ZHO,20.0,0.8310372784987625,0.22910451040783175,0.22989684776771943,0.22897885916260963,0.09513610872228845,0.16149261647433816,0.17494248350860794,0.24467196443393324,0.7037724348664061,0.24868760774853557,0.07865245106142892,0.06348002441156443,93.726,-0.8518826837272622,-0.13199743821464607,0.5081736005442884,0.21840863616625225,0.7751071550897997,0.0064842087439483465,1,0.5624157545923114
ZHO,21.0,0.8539662860459225,0.20410484173303636,0.18462571074356068,0.19096410914841336,0.07942152118085634,0.10909394683714221,0.18866077924493235,0.2983390445228311,0.6865902071961438,0.30421187335884026,0.08019698556873353,0.06757285170284366,93.56,0.13793850392181353,0.0395514277019002,0.15933142096244146,0.2125589971573653,0.7448279105967475,0.042613092245887184,1,0.6830526532959272
ZHO,22.0,0.8222038974228437,0.2188733402881191,0.21994155157860912,0.21939778207263833,0.10332520185775229,0.10763386836522881,0.26979875634172684,0.2974574171720577,0.6462256928774877,0.2538766727824506,0.08090720689298106,0.061380616843795935,93.679,-1.233210472535365,1.0541911629323932,-0.6601691364101517,2.8989450634212697e-06,0.8964361661973415,0.10356093485759514,1,0.33287697817334577
ZHO,23.0,0.84191006034302,0.21893487273251672,0.19917221313216857,0.21879429880068765,0.10467693211345738,0.12397182850029763,0.22565141942651398,0.3075126753443663,0.7163689038260233,0.28140049283581686,0.0850839295628943,0.07732036650606099,93.642,-0.3825161044718415,0.5021236374461976,0.763913413287724,7.095546542061677e-05,0.9714719669324797,0.028457077602099444,1,0.13008399057645967
ZHO,26.0,0.8225460348041123,0.2191765597473655,0.2253399864005358,0.22489295572552315,0.14524955883291557,0.13748635397626915,0.24627216039556166,0.2780628406375055,0.6355845147652547,0.22149979808395054,0.0811002538759201,0.06361506743554574,92.524,-1.218440760921383,0.7599883748444597,-0.8762116564621131,0.00047648378620456715,0.9255655468717462,0.07395796934204939,1,0.26784311580025055
ZHO,27.0,0.8145117600398869,0.19902415439721657,0.19326101430606557,0.20374266957295362,0.10527440448579933,0.11510336627307487,0.21329103401782024,0.3000673353673753,0.6877467920786713,0.3162305221500864,0.08021052498542251,0.07360496806499449,92.912,-1.5652719690610282,0.34755559634920874,0.18281298569520202,0.0012327572789413946,0.9948375347995939,0.003929707921464787,1,0.03517414321027375
ZHO,28.0,0.8486844277493378,0.22021096831310058,0.20174247791634561,0.21145335953015537,0.102000638008523,0.11113457191381479,0.13478734942239903,0.2157679881616654,0.716017486674485,0.27450263042274986,0.08222395575776506,0.06899944578193155,92.999,-0.09007377447124425,-0.6341420081830484,0.7567787665214474,0.9722483475920244,0.02188838928590186,0.005863263122073631,0,0.14114758248970158
ZHO,29.0,0.8275953108873796,0.2045089663264924,0.20447895271822314,0.20982394088320017,0.10585677859395203,0.10689291103526806,0.14613410998211424,0.22017963571440832,0.7309780738102789,0.20445044424090408,0.08146636880999844,0.0699999524324889,92.812,-1.0004688125399197,-0.49224946239898465,1.0605160888540444,0.7159871800072904,0.2824622070234268,0.0015506129692825542,0,0.6063290882968861
ZHO,30.0,0.828799666695498,0.2001374560121051,0.2195086160196075,0.2075324882851196,0.09434018602753441,0.29206480792081607,0.23194080017476187,0.34842659100755485,0.7044973310432812,0.32382836262156317,0.08091670722824537,0.07339505237940462,93.006,-0.948478036493816,0.5807730670413325,0.522890805272597,3.113532028039826e-05,0.9870837756932762,0.01288508898644358,1,0.069227387243562
ZHO,31.0,0.84479243397786,0.2222224440256139,0.17517834730230275,0.20474581395762168,0.11509854820969083,0.13158211211103826,0.13452179627056046,0.22430997025147031,0.7244010860679763,0.22505623626856702,0.08244143374376349,0.07473475167992107,93.073,-0.25808706023093186,-0.6374627808879149,0.9269867943331244,0.9605264026550305,0.035485795216809446,0.003987802128159889,0,0.17918841433914412
ZHO,39.0,0.8646983331232857,0.21249289942071006,0.26252092894985035,0.2108546241161736,0.13008440926731527,0.21829212704048034,0.25620969685675543,0.3095413650920497,0.66706202587422,0.2982000903354329,0.08420199990669018,0.07432730562352227,93.188,0.6012297110171325,0.8842584112024079,-0.2371394829471588,4.0165447421680176e-05,0.8899837491012841,0.10997608545129421,1,0.34690739473534676
ZHO,40.0,0.8404878937072849,0.19900603585490192,0.21417956955470066,0.21266414394510727,0.1262699874645841,0.217513487135661,0.21912926649452705,0.29438281203864375,0.6873680486847494,0.31322594695716954,0.08051960957508443,0.06975248809042009,93.31,-0.4439095453140941,0.4205633649224025,0.17512354788926535,0.0016280811833132985,0.9817529201235814,0.016618998693105153,1,0.09662394281174115
ZHO,41.0,0.854294633353887,0.21655202226778383,0.2152921444246822,0.22499252503754605,0.08169418897507884,0.10060474132220269,0.1296279136498848,0.23919626848635528,0.7243040723131752,0.26878964785884013,0.0851421397173798,0.0702659237138857,92.655,0.15211291254644882,-0.6986613459022705,0.9250171725632532,0.9764081781261953,0.01540887704223036,0.008182944831574567,0,0.12693446369105946
ZHO,42.0,0.8684841198559082,0.19530932097520423,0.21415887746873946,0.22959460280169341,0.06293039522236778,0.08270507670499015,0.16275803573093756,0.2504867653507522,0.6741954853395092,0.30315265576254957,0.08065846514494035,0.06669177991394018,92.243,0.7646581503930308,-0.2843653590011956,-0.09231242119560976,0.9137259556332157,0.03448513429917566,0.051788910067608586,0,0.3518849879775795
ZHO,43.0,0.8389413454572768,0.20627134687576518,0.23153618182995309,0.22257607999658408,0.06381440596095189,0.11166994706651338,0.2320011193558624,0.22728716376714247,0.6574638968007445,0.28195361945533626,0.08281051673876874,0.05806211097851338,92.645,-0.5106724098833995,0.5815273653382711,-0.4320054997497409,0.0018212896033305466,0.9654963444290791,0.03268236596759036,1,0.1571942625981761
ZHO,44.0,0.8118389654701466,0.21368073548011568,0.2194148060713404,0.21747531153663013,0.0981731082500417,0.19488117060648363,0.14203270189806563,0.22854248944590486,0.7014780326016042,0.25883663717765654,0.08298846352601837,0.05826890625667228,92.789,-1.680653705052915,-0.5435380421907489,0.4615914982551748,0.917475593379801,0.08156715331223342,0.0009572533079659606,0,0.2901099142355521
ZHO,45.0,0.8312859165370357,0.22295507362836467,0.15722695409860316,0.1989808770547037,0.1267649418662547,0.11842536951238859,0.20828523909590005,0.2347552397141921,0.6706223037807456,0.2904605595844472,0.08140630448428021,0.0757450530756403,92.502,-0.8411492406058336,0.2849575551368169,-0.1648569402720318,0.01967750028711957,0.9634186154292929,0.01690388428358741,1,0.18217412243051814
ZHO,46.0,0.8572661541166565,0.20026147015106777,0.16269419359561574,0.19090461794954292,0.08183903976005494,0.0955110978593611,0.21491498999950107,0.3313634699684133,0.6971192651371636,0.34279144888181334,0.07686653968194895,0.07203646994555003,92.329,0.2803903447239581,0.36786335267043097,0.3730976212232971,0.0030596053390391804,0.9525912392901907,0.04434915537077008,1,0.20215722519565785
ZHO,47.0,0.8405547099435579,0.20331889014263993,0.1578656680905742,0.209686512169281,0.10975654537129503,0.12858487501497257,0.2369070222187831,0.35208255514551823,0.65683465349395,0.3324717127624424,0.0764384162692703,0.06563245074131122,91.957,-0.4410251585299792,0.6428762448643424,-0.4447807120703984,0.0009243202071144914,0.9631759312275622,0.03589974856532347,1,0.16203466301156244
ZHO,48.0,0.872191874622654,0.20373412355700768,0.1654183420428244,0.2161567877836939,0.11259956715203537,0.13213924028914617,0.11119357656318851,0.24662061051067605,0.7285084937662465,0.31598373542189856,0.08214103380417487,0.06887533045792188,91.769,0.9247180317107638,-0.9291848512945946,1.0103774396785876,0.949150915925087,0.001628021877961433,0.04922106219695151,0,0.20821227972485384
ZHO,49.0,0.8519099605578587,0.21076331261874548,0.1618479631415218,0.2128223945117788,0.10910833651394329,0.11748355892244583,0.22854816171721054,0.3160760584070616,0.6682679069021786,0.31509051754025674,0.08111857578833243,0.073462285550082,92.599,0.04916909108953141,0.53834773294413,-0.2126570832151655,0.002343961962492698,0.9587763290909894,0.03887970894651766,1,0.18081029117579422
ZHO,50.0,0.8565961681409092,0.21551017716395998,0.19314975709052218,0.23550409409716444,0.12561416843707768,0.30557567341550845,0.13109407272074397,0.22677549245003914,0.6861646818093539,0.23823415092256645,0.0863090410431172,0.07702900866432436,92.459,0.2514677534230294,-0.6803268580990108,0.15069219174002035,0.9778865706437333,0.0027239949702142314,0.019389434386052423,0,0.11440714446918614
ZHO,51.0,0.8479190829924725,0.20002364899288505,0.1709981086192462,0.19856561115791072,0.10951268090876781,0.19930346054976705,0.09303100971194131,0.3061649070975765,0.7433608866678214,0.33108745851872934,0.08538628367290697,0.0670483718600762,92.09,-0.1231129042566601,-1.1563098386364794,1.3119181485564297,0.9962800539549198,0.0008568906262603158,0.0028630554188197647,0,0.026530220249614836
ZHO,52.0,0.8588130378384907,0.2232320574100731,0.15549518375064755,0.21431085845586653,0.13567572550184767,0.12367026334887397,0.13223169777624008,0.22842310538496705,0.7337875582620459,0.28247656225517953,0.0732027147711951,0.06333367981154915,92.114,0.3471676912598574,-0.6661007259423866,1.117555647313157,0.9572140612111075,0.02796137500902647,0.014824563779866066,0,0.2043063959097402
