{
  "RandomForest": {
    "n_estimators": 176,
    "max_depth": 7,
    "max_features": 0.7879944304289775,
    "min_samples_leaf": 20
  },
  "XGBoost": {
    "n_estimators": 89,
    "max_depth": 6,
    "learning_rate": 0.014176920211792994,
    "subsample": 0.7680088732915615,
    "colsample_bytree": 0.960256782704887,
    "min_child_weight": 10
  },
  "LightGBM": {
    "n_estimators": 148,
    "max_depth": 3,
    "num_leaves": 116,
    "learning_rate": 0.01558551535724406,
    "subsample": 0.929594942194472,
    "colsample_bytree": 0.8262522947815357,
    "min_child_samples": 43
  },
  "CatBoost": {
    "iterations": 138,
    "depth": 8,
    "learning_rate": 0.012409834863532239,
    "l2_leaf_reg": 8.891393336439348
  }
}