{
  "RandomForest": {
    "n_estimators": 291,
    "max_depth": 5,
    "max_features": 0.7938340554615755,
    "min_samples_leaf": 19
  },
  "XGBoost": {
    "n_estimators": 75,
    "max_depth": 4,
    "learning_rate": 0.024478075980136977,
    "subsample": 0.9429977616128864,
    "colsample_bytree": 0.8994609664754406,
    "min_child_weight": 7
  },
  "LightGBM": {
    "n_estimators": 126,
    "max_depth": 4,
    "num_leaves": 79,
    "learning_rate": 0.012296526109646887,
    "subsample": 0.8445892314271656,
    "colsample_bytree": 0.9294257502019934,
    "min_child_samples": 46
  },
  "CatBoost": {
    "iterations": 102,
    "depth": 8,
    "learning_rate": 0.025507499541836866,
    "l2_leaf_reg": 8.186247469076214
  }
}