Model,MAE,RMSE,R2,MAPE,Time_s
LightGBM,0.3330270000714145,0.554162483112832,0.9972718871126449,0.37998103471136235,36.661648988723755
RandomForest,0.3338879952693087,0.5552532543471945,0.9972611369237767,0.3809591409791657,968.7945909500122
XGBoost,0.3362726362895098,0.5679012022049897,0.997134940325867,0.3841492775933583,21.87216091156006
CatBoost,0.3373986653404483,0.5592005347756143,0.9972220575008239,0.3855395268666927,92.33617901802063
Ridge,1.9622041882743981,11.461057893880424,-0.16691039468876445,2.0894925727900344,35.573577880859375
