Model,MAE,RMSE,Time_s
CatBoost,0.3511554102483516,0.6026304065851227,24.881943941116333
LightGBM,0.3551266987714054,0.5922932800392596,36.494269132614136
XGBoost,0.3653458745544976,0.6183094814909121,24.689512014389038
RandomForest,0.3691603356909699,0.6330612602190069,118.27430081367493
Ridge,1.7934963244574182,12.443487165053458,29.041481018066406
