Model,MAE,RMSE,R2,MAPE,Time_s
LightGBM (tuned),0.33358010413163386,0.5550156311533512,0.9972634806403652,0.3806819928857129,37.0285530090332
RandomForest (tuned),0.33465049636149297,0.5545815784523204,0.9972677591835013,0.3818840854864886,1180.1323699951172
XGBoost (tuned),0.3362127716860678,0.5605105938159318,0.9972090262843633,0.38391544482017914,57.92198300361633
CatBoost (tuned),0.3385462348017757,0.5609772976075702,0.9972043765942019,0.38677735344280784,650.51571393013
