Model,MAE,RMSE,R2,MAPE,Time_s
LightGBM,0.3330270000714145,0.554162483112832,0.9972718871126449,0.37998103471136235,51.32551717758179
XGBoost,0.3362726362895098,0.5679012022049897,0.997134940325867,0.3841492775933583,30.508278608322144
CatBoost,0.3373986653404483,0.5592005347756143,0.9972220575008239,0.3855395268666927,112.59397482872009
