Driver,LapNumber,Mean_Apex_Speed_Ratio,Std_Apex_Speed_Ratio,Mean_Brake_Fraction,Std_Brake_Fraction,Mean_Brake_Point_Norm,Std_Brake_Point_Norm,Mean_Throttle_On_Dist_Norm,Std_Throttle_On_Dist_Norm,Mean_Throttle_Integral_Norm,Std_Throttle_Integral_Norm,Mean_Speed_Variability,Std_Speed_Variability,LapTime_Sec,Z_Mean_Apex_Speed_Ratio,Z_Mean_Throttle_On_Dist_Norm,Z_Mean_Throttle_Integral_Norm,P_0,P_1,P_2,Style_Cluster_ID,Style_Entropy
ALB,2.0,0.7381595834498982,0.24546094839379193,0.31991499138324064,0.1629580744024859,0.2367794591466353,0.271117416422516,0.20696179150523974,0.28830583310547864,0.3755829564956396,0.2649141392696004,0.17854879788065045,0.12395019713276863,80.977,1.3656772888767548,-0.4857198294702943,-0.9894628757468061,0.007269740770485275,0.02621120709009722,0.9665190521394175,2,0.164160452701669
ALB,3.0,0.6897497060557658,0.21884565508467035,0.32645342985996656,0.17286398191422112,0.2628803498324077,0.29993602108267253,0.2224913465355985,0.28599550105464655,0.4208013015482105,0.28078739030684363,0.15202576715965258,0.07538377693223715,80.703,-0.3045539674828079,-0.2341098330552018,-0.3396041615740142,0.8075035745839332,0.07778229112149304,0.11471413429457365,0,0.6196860985347716
ALB,4.0,0.6956582778684236,0.2241184819193474,0.32447793990840046,0.1766057137295712,0.21257011830379638,0.28092076238682595,0.3211851825442003,0.3223909934616148,0.3694759128944429,0.2578759632295114,0.1595871772186781,0.102534288106392,80.276,-0.10069719582442117,1.3649286246321712,-1.0772306942606598,8.888633497047169e-05,0.09485497469555311,0.9050561389694766,2,0.3145380012092925
ALB,5.0,0.7408273284675542,0.22338291105444796,0.32145627643519326,0.17476323153966608,0.24583724146060573,0.27996717281866373,0.24410049838397482,0.3404410444749679,0.4275985050864116,0.3027236445647547,0.16699679187194957,0.0873769823801853,79.967,1.4577194784532685,0.1160018480891844,-0.24191765964275885,0.08882445770010002,0.8880183456664615,0.023157196633438685,1,0.4077131661449895
ALB,6.0,0.7024642105696582,0.236479362153458,0.42109502026492307,0.24714747418139651,0.17454464396170793,0.2681682964697486,0.18533334768207468,0.22400643629632097,0.4160311660104483,0.23777415578851605,0.15267659079612622,0.0873110983252445,79.165,0.1341202038093896,-0.8361440793713475,-0.4081585092264129,0.4367744662009141,0.11336382250845939,0.4498617112906267,2,0.9679637127417415
ALB,7.0,0.696224980310346,0.23217832509170608,0.34210899828463814,0.17157319978738347,0.2004831129909356,0.24267577335986504,0.2412630809498086,0.27315120803801807,0.38499013509225366,0.2748564706390915,0.15463099858343407,0.0744988920005719,79.055,-0.08114490231523033,0.07002998417917324,-0.8542669286222033,0.32259398416737406,0.018887926599829793,0.6585180892327962,2,0.7150454271760504
ALB,8.0,0.6772790406367223,0.23113585236704606,0.3273316321182862,0.1613205487298745,0.23205630182556147,0.29395853249590564,0.2447363479089996,0.27524555529059774,0.40033424723270966,0.24592731688290434,0.14990691099796624,0.0944798339108234,78.796,-0.73481523422614,0.12630388806388188,-0.633747911968078,0.5125971170842529,0.02453717481986452,0.4628657080958825,0,0.7900778845618959
ALB,9.0,0.7129589415170895,0.21879166247342974,0.29871683714043307,0.16868421042027715,0.2945533129802437,0.3180240808938131,0.29781713318599073,0.28845144884262763,0.3867207537296124,0.2585168355190087,0.13937278993234412,0.06470286095124024,79.293,0.4962080379258271,0.9863192695184728,-0.8293952177913472,0.0048016408623604186,0.528016865578369,0.4671814935592707,1,0.718383460644159
ALB,10.0,0.7309247784107558,0.23954982903558877,0.3509706775037922,0.15349642830460875,0.0951209598986506,0.15465731077431297,0.20456557013589366,0.3435479809170844,0.4541209501567513,0.29318125946259643,0.17709495265734723,0.10091851980161211,79.338,1.1160629919500704,-0.524543430595523,0.13925157665041038,0.23834622321602011,0.7500112966281135,0.011642480155866417,1,0.6093944343971853
ALB,13.0,0.6823125829253821,0.24332100031096632,0.29569095004484847,0.16925565964059539,0.17805730656306176,0.2575723329137842,0.22189174754596172,0.2796385057074033,0.3827777803665458,0.25653062878974464,0.1527829042342691,0.09202427676420719,79.885,-0.5611486167241034,-0.2438245415151721,-0.8860619444652448,0.3579675006494515,0.001728671402233914,0.6403038279483144,2,0.6641951799718997
ALB,15.0,0.7027990744312933,0.24527279210255046,0.3306716001077759,0.16552200354924324,0.1153469618744992,0.15915691605588364,0.2032235044020881,0.3429877305726495,0.43365523844689313,0.2805914391871961,0.16345352850056064,0.06852713558515074,80.892,0.14567363295308602,-0.5462875922158339,-0.15487287838962036,0.7152496335513315,0.21751223637195063,0.06723813007671785,0,0.7530223542766299
ALB,16.0,0.7056133525778381,0.23925970491176368,0.3580136554057965,0.1775345731981927,0.2355315101331717,0.30657805586400416,0.24354305238213428,0.28251071820403806,0.37474705189252083,0.2531711325363032,0.16289360042490544,0.11196289458160011,80.443,0.24277148937150533,0.10697010273327982,-1.0014761391672682,0.1462383004418427,0.0132898559934172,0.8404718435647403,2,0.4846350729479037
ALB,17.0,0.7196071990779673,0.22716557973295978,0.3190459089903872,0.17276450620633763,0.21872007157708145,0.27498633573626496,0.24287444147138149,0.280283549024189,0.419497731831127,0.2807074473446993,0.16013031582975226,0.08712103272636895,80.624,0.7255853504957789,0.0961372624794071,-0.3583385079812875,0.3130679431376952,0.6009074709583787,0.08602458590392643,1,0.8806563658264586
ALB,20.0,0.6831250463298592,0.21992942593991574,0.3506826222982389,0.15911774011231836,0.2253070321890198,0.29062255427729344,0.2913721506730185,0.26033757754820763,0.40780974599858744,0.25141326415938703,0.13712289024398672,0.05479963328264577,78.47,-0.5331171106379023,0.8818976023287716,-0.5263132411470719,0.010056611951764147,0.44883701281730354,0.5411063752309325,2,0.7381316703024168
ALB,21.0,0.6847612219177521,0.22725587589671867,0.33344105290879933,0.17091113597240615,0.23418855686718107,0.2988178985565521,0.22515803513705016,0.28502084196099914,0.4356276861021201,0.2900920477495434,0.152792594830412,0.07127858218354091,77.131,-0.4766659945662355,-0.19090411929587317,-0.12652570434977653,0.8100721376220219,0.13111082748579203,0.05881703489218606,0,0.6036542788630666
ALB,22.0,0.735011389745587,0.24120218762408477,0.3329376040400443,0.16827087421806733,0.24197357786979506,0.2906308687432584,0.27836198353185404,0.3353344846395938,0.40708492430618065,0.2871812011593355,0.17132420573235368,0.11185743829530778,77.105,1.2570587215706481,0.6711067521499477,-0.5367300684874887,0.014132308113111712,0.9249228494605094,0.06094484242637899,1,0.3028898114612316
ALB,23.0,0.7381090573009438,0.25034902615578825,0.32565673573215215,0.15785678870039294,0.20751013107499586,0.28700557200607013,0.2451586291356082,0.28861140584108935,0.41370309163627317,0.2831729174681892,0.16319336506441928,0.1047841840249167,77.064,1.3639340422958959,0.1331456924623625,-0.4416165983612799,0.10566323933668566,0.8238045712071144,0.07053218945619974,1,0.5841785755103133
ALB,24.0,0.6802273608700904,0.237620427894782,0.316732791448385,0.1755989370046495,0.23833843142367392,0.28103281316177414,0.23034342188106016,0.28023411062232156,0.4343226617230517,0.26680202172848205,0.1523056055967329,0.06725658152664533,76.672,-0.6330926752649475,-0.10689043458174737,-0.14528095653690493,0.7934174466299223,0.12862998106612997,0.07795257230394766,0,0.6463057714817866
ALB,25.0,0.7393827473451348,0.22477033311046432,0.3470329084372978,0.17483786783227767,0.20249940664073093,0.2504742487180534,0.24893550595480007,0.28890246486022847,0.41997019832398214,0.2590261430773239,0.16508915392019138,0.08789764719148435,76.793,1.4078787295629538,0.1943386861495202,-0.35154842163072303,0.08140786479769378,0.8805358041784266,0.0380563310238798,1,0.44061415428154493
ALB,26.0,0.6579608336303743,0.23613087387509255,0.30550560049499426,0.15819472402089402,0.20806067029090136,0.2853912659673974,0.20904626600456766,0.28363195505553274,0.4399090389669566,0.2798293169368088,0.1524622753834197,0.10467355577119747,76.962,-1.4013294849467501,-0.4519471540602164,-0.0649959322091117,0.9085399088879353,0.02259208249437318,0.06886800861769153,0,0.3570321788927677
ALB,27.0,0.6856912069373251,0.25201024708286834,0.3327794355505401,0.1471918482518403,0.23024664272301779,0.29689290271244767,0.25392307944640063,0.34883064093392857,0.4413680791467853,0.3242678857479628,0.168276079548052,0.1147607758277559,77.36,-0.44457977309141694,0.2751473986907602,-0.0440272308095457,0.3000658411504487,0.609759243138169,0.09017491571138227,1,0.8798089310186541
ALB,28.0,0.6991917707918088,0.237259104110449,0.33245001192916607,0.1680265973891511,0.21908868544771987,0.25973913411704763,0.2819064076847156,0.3753952664979147,0.4063118360375174,0.31047017335177013,0.1680260404680702,0.07968902743971383,78.528,0.021214914729254138,0.7285335455546303,-0.5478405624171421,0.03874287579572321,0.6175936321535707,0.343663492050706,1,0.7906435611857388
ALB,29.0,0.6783973586141046,0.2291606567556461,0.3667801064927324,0.18431953139097235,0.2040183486980617,0.24204306258838734,0.3727611491771335,0.402776444008081,0.3777894295284991,0.3209482225385676,0.1757001766836677,0.08692168191529256,78.952,-0.6962311736806972,2.2005629202863894,-0.9577523890776467,1.4412665977347965e-10,0.23925704470770182,0.7607429551481713,2,0.550222045392424
ALB,30.0,0.7281595895360358,0.2510115426473397,0.33829531908417815,0.15444905222233712,0.2495891626226794,0.28656974028156695,0.2609280461996246,0.2882193221582346,0.3933501871735833,0.2682687163940613,0.18227417118611455,0.12878685733312187,79.457,1.0206588071657716,0.38864193579893735,-0.7341198358952538,0.09825971242543237,0.5569953712179052,0.3447449163566621,1,0.9210654507340914
ALB,31.0,0.6931402686476388,0.23959107922061001,0.3514186418798074,0.1527972482285966,0.22040214288949414,0.2803799011703859,0.2867852067940662,0.3357255791966007,0.4082648214355947,0.2968609048381483,0.1624934762286979,0.11259998763491334,79.152,-0.18757322052730863,0.8075798945333307,-0.5197730916125997,0.0206246056325657,0.6035633491763561,0.3758120451910784,1,0.7525859113482256
ALB,32.0,0.7214948713596303,0.22530387610301705,0.36839995681022336,0.1899943688488654,0.2359872141274614,0.27897501150241627,0.30290013050579034,0.32652688371040073,0.34987957800651365,0.30610893688220914,0.17557826953160025,0.11888685815201895,79.589,0.7907135725924377,1.0686740398201664,-1.3588608374683246,0.0005982036433227764,0.029068141762113826,0.9703336545945637,2,0.13650785334174786
ALB,33.0,0.7054862563803581,0.24686613107784175,0.3381912109987964,0.15596074906853422,0.27273427234962644,0.3004141534800468,0.23607499026784853,0.2797447420581177,0.3954385391830354,0.25943062585783333,0.17725120375005718,0.1712769900831498,81.559,0.23838643299412185,-0.014027509763007996,-0.7041069340514353,0.4545880522464174,0.08279017493517588,0.4626217728184066,2,0.9212578318505769
ALB,34.0,0.7014439768003906,0.23984660062743549,0.3493971088553867,0.20686972704282133,0.19165254821139527,0.2572113690389814,0.25251787422260613,0.27822626629411734,0.3999678767596518,0.2841451927563939,0.16841781278543844,0.13625711865975848,80.731,0.09892023177990315,0.2523802504608063,-0.6390132317018159,0.3828149984721893,0.18505249158862536,0.4321325099391852,2,1.0423543679943483
ALB,35.0,0.7155927917621523,0.2426866704626035,0.34630568934299705,0.15205881255634202,0.21122568994083057,0.25521403187544267,0.24608374139563363,0.2835230755898481,0.4178677832343568,0.2816563611224026,0.159516522011001,0.07960527819343143,78.619,0.5870807944928037,0.1481343699855444,-0.3817634320476891,0.33325838071120906,0.5605637241836723,0.10617789510511848,1,0.9287766279315373
ALB,36.0,0.6873437676825354,0.23725482234302328,0.3547515287629714,0.1507482522847928,0.24899623754506037,0.2783947247402434,0.29117301249461774,0.3338652568094839,0.39159151697841516,0.2874757415601495,0.1537988482195618,0.06696900047159905,78.804,-0.38756333846566915,0.878671163692534,-0.7593946917166521,0.011852358734514843,0.179832324635015,0.8083153166304702,2,0.5331236700520963
ALB,37.0,0.6759891399321669,0.23208332138020743,0.3463387361919797,0.1680183743773825,0.18878301424985483,0.2657762398163256,0.24553155000360538,0.2764487835144858,0.4070144620099655,0.2716247177321784,0.1423897680533168,0.056850324228000695,79.143,-0.77931921957624,0.13918775986715626,-0.5377427224703536,0.5626509447960878,0.043231635373250456,0.39411741983066206,0,0.8263419317084725
ALB,38.0,0.6921987549136986,0.24787356907739724,0.33793123175818507,0.15299629144506613,0.2089897676901935,0.28365552807780614,0.262188602783628,0.27657042266997495,0.3546597594575877,0.2610920327710701,0.15675256474679605,0.10096362220568028,78.633,-0.22005720419691444,0.40906548540883125,-1.290162114246675,0.024431698660720074,0.0005933668071675397,0.974974934532112,2,0.11980521310363185
ALB,39.0,0.719693542792375,0.24364112572583083,0.3476459799754201,0.1604574565505681,0.22028271115811268,0.28687196638364426,0.2693640176337129,0.28110677708027876,0.4091300399100341,0.2773399225110983,0.17031018563497147,0.11315161246494626,78.774,0.728564370033872,0.5253216241827551,-0.5073385417717325,0.07195088879653079,0.795497728679703,0.1325513825237661,1,0.6392158991217789
ALB,40.0,0.6941693579217275,0.239254897403217,0.36715729934036656,0.173622621758805,0.21732597910191329,0.2588062418974375,0.2866995566020658,0.3353515501108732,0.3804646832208834,0.28871612733034024,0.1623554046205911,0.07704315501141991,78.476,-0.1520677170290554,0.806192189318336,-0.9193047872780308,0.017458520488133542,0.08133459967859304,0.9012068798332734,2,0.36849821523035264
ALB,41.0,0.6947561184779216,0.22774407481696549,0.3750347956456366,0.17997951205805104,0.18884079080712463,0.2261111553464586,0.3417681269928328,0.3714428416937007,0.40320785658614416,0.3181066215799088,0.18656817169074633,0.100033695643001,78.825,-0.1318233810854756,1.6984136838504353,-0.592449627449112,4.853891592451053e-07,0.8153892742292789,0.1846102403815622,1,0.4783201299251795
ALB,42.0,0.7322706837429048,0.22897101416046503,0.35139776201605016,0.1885645429733231,0.20081006316279015,0.2515390383359847,0.28413283309580933,0.2796708638145683,0.4045350055334167,0.2842224377412231,0.1654241230967468,0.08107508332837553,78.93,1.1624992416342896,0.7646061109699723,-0.5733764104309391,0.009168885566686576,0.9178094319420336,0.07302168249127994,1,0.31283390177742054
ALB,43.0,0.7058896149787046,0.22501424197427433,0.3275517155993657,0.1838820117153445,0.23911479414788211,0.3141893707578819,0.3122505407898566,0.32049413379441666,0.42295475733578647,0.2758374240846264,0.15100644176018033,0.07452501721932123,78.486,0.25230305858262975,1.2201694750373597,-0.30865561607737807,0.00013520547742641793,0.9500563926762827,0.04980840184629105,1,0.19928350242360726
ALB,44.0,0.7000399504978612,0.23688817771091375,0.32622396770676015,0.17473786565652322,0.20597423972418127,0.2897068883747359,0.3176820322429127,0.32987840774075955,0.4016229512443372,0.3043572827378903,0.1463454676933305,0.06755290111062381,78.767,0.05047869997962083,1.3081705505582262,-0.6152272091212145,0.00012637205622254705,0.7666889896462142,0.23318463829756333,1,0.544322993961197
ALB,45.0,0.7208315218015462,0.2492371153607375,0.3406943595933907,0.15959196095470157,0.20573977344406658,0.2584138496495495,0.29942233133650276,0.37108694673248044,0.38723252161743926,0.2992030385930281,0.178933119828613,0.13331914806691286,78.829,0.7678267729258332,1.0123267050249178,-0.8220403086023568,0.003061065610668189,0.6793324372582504,0.3176064971310812,1,0.6446570134289156
ALB,46.0,0.6751817318363851,0.24221980856180444,0.3183813933184635,0.18553438461361987,0.23504360257873427,0.29244414835056604,0.22792587898517128,0.28019463142517975,0.4146004677024459,0.2616022550376559,0.15476515392942397,0.08756310713150332,78.9,-0.8071763080632278,-0.14605948728021886,-0.4287198933665601,0.7880873083735079,0.025705658181669654,0.18620703344482245,0,0.5947843871304355
ALB,47.0,0.7185696007376761,0.2320562605487342,0.37738829467202345,0.175356573712686,0.1982519279272973,0.2414192802708872,0.30256104256699295,0.37098825218635656,0.42079271113759525,0.3069740435973174,0.16732626139574752,0.08056927955922343,78.528,0.689786268308652,1.0631801338519384,-0.3397276192810608,0.0007291861041276823,0.966300761647238,0.032970052248633995,1,0.15089121590625798
ALB,48.0,0.6515854131782786,0.22740860412727099,0.3607211840018858,0.15210474739824173,0.22903765302353782,0.27788075634440546,0.3011968762570576,0.3282035739556468,0.3716922043603911,0.2871151367300435,0.14581250243843424,0.07216669807028014,78.882,-1.621293407284941,1.0410778984896614,-1.0453791012707188,0.0002866249345514414,0.0009848839087091951,0.9987284911567396,2,0.010427134325807818
ALB,49.0,0.6946259656887399,0.22767251429562835,0.2967919031806508,0.14341560516893329,0.24845530358217674,0.27993097616807916,0.31663097649651945,0.3289609167101965,0.35769361078912965,0.3152217869717374,0.16521326328035157,0.07710811394037652,80.597,-0.136313895589857,1.291141335486379,-1.2465609005575162,0.0001209952063440015,0.01753883286665105,0.9823401719270046,2,0.08950974138777279
ALB,50.0,0.7196944609586204,0.23800263841376526,0.37299811290723106,0.17596590674963758,0.0772937772499903,0.1350219279569687,0.23532337642505316,0.28091400568267827,0.39480571543931803,0.25834901534701227,0.16751667459417882,0.12152619628609967,80.166,0.7285960484855493,-0.026205164301182433,-0.7132016062229194,0.3090238677994281,0.20358237878253455,0.48739375341803737,2,1.037218597271264
ALB,51.0,0.6965060225798868,0.24492704241657867,0.3460860797945674,0.1926105389917802,0.22548371018599217,0.27209918686284773,0.23488526507526336,0.29901741356126893,0.3469454021438398,0.2559931337482389,0.1679991748048811,0.07293607491725491,89.941,-0.07144841870045793,-0.03330344850407992,-1.4010295579523944,0.01643839261577202,4.751991559069584e-05,0.9835140874686374,2,0.08435344432383717
ALB,56.0,0.7430798926949507,0.22754236191993035,0.3405674487151246,0.20566318938168274,0.20769650775904386,0.28556470241664517,0.33085343640785303,0.2707817413554996,0.24015876043775644,0.19064340787822195,0.15360839297729384,0.09947242616540612,104.909,1.5354371547225971,1.5215737645101857,-2.9357214974576076,1.2769081842697287e-10,1.141238747902275e-09,0.9999999987310701,2,4.5491615691616716e-08
ALB,61.0,0.6777116892605595,0.2223997302826879,0.2781065474630823,0.20517642931063165,0.14663535907294056,0.25968878401801726,0.34431069450546253,0.311046758060435,0.25656753103509794,0.22222414239463945,0.16331956995226588,0.1176639925825854,101.209,-0.719888048010184,1.739608386563248,-2.6999016648399516,1.1439069815318616e-09,8.51686964377747e-11,0.9999999987709245,2,4.5504032002251015e-08
ALB,62.0,0.7377167309084733,0.23443362767501677,0.372781009125648,0.18384352239901752,0.13211984015031472,0.18049373481281816,0.2967174445244613,0.27587451002537294,0.2717553499349492,0.21925573648678784,0.17838137568506637,0.1418859135596003,99.897,1.350398048431174,0.9685021034989552,-2.4816288277895957,1.0587748033076616e-07,5.0954299058884784e-08,0.9999998431682203,2,2.712969952545004e-06
ALB,63.0,0.6944318477509819,0.23252559410086615,0.35099498872660584,0.20237822316372014,0.1853545693307876,0.24477673487321022,0.26367778193402636,0.2697450433438912,0.2819811311239519,0.20949885081747727,0.16473170905711418,0.11928609447453982,98.649,-0.14301132728182037,0.43319317998608586,-2.334668274342278,1.1558583789726342e-05,3.1199099372286153e-10,0.9999884411042193,2,0.00014297848301546767
ALB,64.0,0.7164083297838285,0.22669191341885486,0.38568984123916866,0.23084594757800134,0.18628276068154756,0.2846710391962597,0.276842412576828,0.2777076423154749,0.30028941638849754,0.21798124277114111,0.17050889681394804,0.13387859378663797,97.428,0.6152183806193566,0.6464866492687549,-2.0715494293935315,2.9481448372444863e-05,6.234687845578234e-07,0.9999698950828427,2,0.00034655564573061906
ALB,65.0,0.6924114309972387,0.2170780322985117,0.3598413677098737,0.1974183343314174,0.18922317622804502,0.2869368048564086,0.36361530613321486,0.3100740802096371,0.29205532316085553,0.23471864414662966,0.1484121218783271,0.0636688974814054,95.42,-0.21271948178715364,2.0523818854148317,-2.1898862953507723,5.723744680536098e-10,4.8880623676144904e-06,0.9999951113652575,2,6.468406558627623e-05
ALB,66.0,0.6844987246860068,0.23395393747431012,0.36309998760731355,0.18873707371622467,0.20017690297167032,0.26311476814726387,0.2569020361016992,0.2732765993692588,0.3180709414050228,0.22619184334591694,0.17193260618878545,0.13576353201263397,94.016,-0.4857226397132449,0.3234124823905264,-1.816000957421901,0.0012299165586063224,2.1876356785851949e-07,0.9987698646778258,2,0.0094741690787903
ALB,69.0,0.7250352000324042,0.23085950727295,0.3858738539105501,0.21247481233090085,0.15213119047986282,0.264396855844213,0.2836976462541155,0.27633010630281685,0.3144713967241214,0.23369451967587135,0.16184153811475777,0.1006446141501764,94.087,0.9128615292771949,0.7575552096747047,-1.8677320739680405,8.019033546913968e-05,3.882112285827188e-05,0.9998809885416728,2,0.0012695765771737488
ALB,70.0,0.7111006001490531,0.24615991159999212,0.4159372644440333,0.17454951966303164,0.21422995958237465,0.2738065511137711,0.3081747410294034,0.3633951555956524,0.325474742172373,0.2615173850753808,0.18433041275521125,0.13834377964808772,90.63,0.43209178717373103,1.1541333290491786,-1.7095966995688556,5.699841579649882e-05,0.0003808751120232238,0.9995621264721799,2,0.0039934385505617995
ALB,71.0,0.7079896535440059,0.25169043750609865,0.35671005096173897,0.18217320430845224,0.118033639940635,0.15161760488506765,0.31134163606667886,0.371654318585113,0.3324740904706574,0.2800716197430163,0.17376660586956458,0.1177918243965917,89.729,0.3247583144133711,1.2054433921783634,-1.609005059607631,6.956317867655438e-05,0.001093727445642657,0.9988367093756811,2,0.009285774003719343
ALB,72.0,0.6830819168698422,0.22120654740988052,0.365712015210189,0.19112867776904857,0.17634040548086624,0.26445830889260746,0.2658678390062809,0.2775780514878807,0.3256862879043279,0.2410254779016342,0.16050325563264375,0.12072672162630753,89.217,-0.5346051576247542,0.4686765052340784,-1.7065564547921586,0.001999008749394512,1.6556421338214817e-06,0.9979993356084714,2,0.01444474747919431
ALB,73.0,0.7789709131363645,0.25105467664419556,0.37421549769631934,0.20126331667901462,0.17708662133980804,0.24062075412770162,0.33407534614022705,0.33552659603783563,0.36664021444413736,0.26770105696603347,0.1755919836458347,0.09267008776015664,92.141,2.7737444463488967,1.573775176245912,-1.1179841394952192,7.021006098591045e-07,0.9637805133552731,0.036218784544117484,1,0.15574579530660104
ALB,74.0,0.6693386944104763,0.23097494903945076,0.3766299284837943,0.19247925809878677,0.16701182715459897,0.23798903733407112,0.2560093489038859,0.2829599092723775,0.3602062709888726,0.2343028814272918,0.14531059059886425,0.05562790630887381,88.241,-1.008772020883901,0.3089491560297568,-1.210450022889178,0.049804628851046494,0.00011591559654413193,0.9500794555524095,2,0.19910007158149604
ALB,75.0,0.7051905833848128,0.24936309903774567,0.42201520073415455,0.1889338669194684,0.16258738611962067,0.24087633459180732,0.2340521035297329,0.2868183697526412,0.3637719386003831,0.24977279309625952,0.17093685345473078,0.11771630936384131,87.197,0.2281851619848889,-0.046802339687652204,-1.1592057730943253,0.05956880307765132,0.0016549686827507148,0.9387762282395978,2,0.23792966074988314
ALB,76.0,0.7014841328674838,0.23456445942228543,0.36461445078797955,0.1675471961640627,0.18799419539069298,0.2243502847990929,0.21687067059198165,0.33747084825805856,0.3876071682540837,0.27355842590453394,0.17701428553138265,0.08634139514130647,86.764,0.10030569115311005,-0.32517607746846244,-0.8166560473854577,0.3087436626867157,0.013870899462465782,0.6773854378508185,2,0.6860399727146731
ALB,77.0,0.7052246421735124,0.22844457490697154,0.32609570516466596,0.19318076935771342,0.19619298938730267,0.2503548349642875,0.20110670570641823,0.29132721141433776,0.38634332884201633,0.2582517284752215,0.1743910851873576,0.09311439500443217,87.816,0.22936025385667333,-0.5805839845585492,-0.8348194068426014,0.1332136300526253,0.0090474251266361,0.8577389448207385,2,0.4427275656298088
ALO,2.0,0.7031825173188992,0.22815522188138,0.2850522385611148,0.17024909461335766,0.19066725305339927,0.26980959769916385,0.2694744705395294,0.28517021886199667,0.46877012825296943,0.24430365947460828,0.14312508998970808,0.06575161614439853,79.646,0.15890312929520733,0.5271111831998799,0.34978329845997025,0.026219986001730925,0.9610658950506102,0.012714118947658686,1,0.18913689261715547
ALO,3.0,0.7087615118771504,0.24239687700095544,0.3032892070588744,0.16788030680613428,0.24752688476460222,0.283637754849884,0.23232033465962143,0.28637617177959623,0.41663686524727894,0.270028825850466,0.15843640423422986,0.10633653189209193,79.113,0.35138886964084287,-0.07486047518147079,-0.39945365886613166,0.5815605864754086,0.2823594668821013,0.13607994664249012,0,0.9437068857237043
ALO,4.0,0.7212468161069714,0.23327369394963673,0.30374770285626146,0.17066871549938673,0.26816058973588014,0.2964264541636123,0.24122926751417031,0.2911693270923145,0.4324331360138772,0.29417977849645116,0.15467636989317107,0.10024529516313632,78.776,0.7821552027184147,0.06948213857747364,-0.17243641183569985,0.27102170341081827,0.6954369765419726,0.03354132004720905,1,0.7202991916909889
ALO,5.0,0.6902238290863494,0.24587913073053994,0.28227564115667825,0.17233515439652855,0.251544936290187,0.308815796261783,0.2052368675184121,0.21082718624472885,0.4332423470115291,0.23740891475888415,0.1395844564030167,0.08610805755031785,77.939,-0.2881958367114086,-0.5136670641008787,-0.1608067774955405,0.8400615742320234,0.09633811647197175,0.06360030929600492,0,0.547054280008692
ALO,6.0,0.6975156280327021,0.2401554855841025,0.299811768962228,0.16271844959007578,0.27085972554430376,0.2857986772368401,0.21535590149645817,0.28897956384515366,0.4436713574004582,0.26385516176163765,0.15808620206089963,0.10383544265004722,77.952,-0.036615143454702494,-0.34971838057690835,-0.010925500912667335,0.7388575331661732,0.2314308493512996,0.02971161748252718,0,0.6667809166051799
ALO,7.0,0.724547598971009,0.21926029407608758,0.30251463354634706,0.16631350972942388,0.24061727790204826,0.2887247938573995,0.2512462529453719,0.2820641295874459,0.44250528754518875,0.2652936524026178,0.15716941233240728,0.11115564960560939,77.505,0.8960383812500711,0.23177743058729505,-0.0276837581177921,0.13358943457125114,0.8513696416451392,0.015040923783609845,1,0.469032810859891
ALO,8.0,0.6975132590771221,0.24565338262265327,0.3076119962978092,0.16063226053321297,0.24383910520951438,0.30696552870638655,0.29787339631088666,0.33792913881294007,0.43326280820184543,0.2896021406647341,0.14225083807728248,0.06911877014247923,77.391,-0.03669687685018915,0.9872308451963137,-0.16051271802003414,0.0012262754789146174,0.9422119782690074,0.05656174625207818,1,0.22677506711101347
ALO,9.0,0.6755290328183939,0.23408825405654854,0.3102317057000349,0.18017663821059646,0.26036781830884265,0.28368207526176337,0.21006644220571782,0.28981165297185874,0.4424709456653575,0.24892971699473354,0.15349346657698384,0.10791288307071628,77.783,-0.7951937750195504,-0.435418249670338,-0.02817730492591767,0.8909040834291231,0.06650147821943614,0.042594438351440986,0,0.4175996283491975
ALO,10.0,0.7100210214961769,0.2511703501633823,0.2914857457317929,0.18539955679326597,0.26997391008454663,0.30929431710157185,0.19646264302601585,0.289523262924564,0.4377350011358724,0.27253330497880784,0.15535460560091843,0.10135017276524354,77.324,0.39484430573410706,-0.6558271317113955,-0.09624027403163647,0.5620028210304046,0.37445211084835456,0.06354506812124094,0,0.8668048866867484
ALO,11.0,0.6973386152748128,0.24071265969376265,0.3013231867389333,0.1708218469341919,0.24550050342391666,0.2842213434125411,0.25542705228796847,0.302225272633962,0.4229549429756832,0.2744050373210637,0.14448812326493243,0.06845624618868981,77.249,-0.042722414468715095,0.2995147807912465,-0.3086529481401847,0.33886579442789094,0.513641139473645,0.1474930660984643,1,0.9912052720917451
ALO,15.0,0.6822875217908293,0.25538395552226323,0.3079996514791501,0.16673364725848427,0.24702694646475332,0.2733838948016987,0.18297453927736976,0.28993248269739463,0.4700776189999052,0.2736696104859459,0.16315898568988382,0.10499084488917611,77.444,-0.5620132727096813,-0.8743615152921749,0.3685739962311658,0.7740905152128593,0.2101710810532865,0.015738403733853996,0,0.5913908642112051
ALO,16.0,0.7126075764408798,0.2557426404424502,0.27148445916171043,0.14668505246242003,0.26500710184966786,0.2935305625765681,0.23883095477687305,0.29379588761663866,0.46818977957307745,0.28036702409739417,0.16356322775091464,0.11607619376757526,77.17,0.48408528603574014,0.030624653089063248,0.3414427754609969,0.2886693911937323,0.7040580311536244,0.007272577652643219,1,0.6415216628343985
ALO,17.0,0.6981549074769879,0.2430465274709913,0.2916583347842141,0.16931667132611766,0.254981556715151,0.29556171162789097,0.29808051887697506,0.3298085461215457,0.4241856563914683,0.2880085999797865,0.16232581668451163,0.10017678935232632,77.699,-0.014558807705257611,0.9905866469568348,-0.29096566133286145,0.0017701699718086984,0.9078123690036984,0.09041746102449259,1,0.31632030135888367
ALO,18.0,0.7027068712841944,0.26655585386015795,0.2615981883357871,0.1637114214971358,0.2766021067538851,0.31453465528740154,0.21884679827035242,0.29583350322511576,0.44705627548053267,0.2941573642596365,0.15673667131795105,0.10291040297469548,77.528,0.14249245203487182,-0.2931588382688439,0.03772109392710468,0.650392664407215,0.327045272914536,0.02256206267824892,0,0.7308533275484257
ALO,19.0,0.7163008594196372,0.2651420130077794,0.290847415130322,0.15288604334292608,0.2540868397088906,0.31437078866233287,0.18270689869063517,0.22045828294146952,0.4766414209457155,0.2532672259696948,0.14883018494913147,0.08128149703304707,77.258,0.611510452174438,-0.8786978305914335,0.4629061503077917,0.321713489400957,0.6712588865508473,0.007027624048195565,1,0.6672596710055627
ALO,20.0,0.6936985923671394,0.22896655348333628,0.2708194931194063,0.16086693585972525,0.2712928354953189,0.3213057590399516,0.23119923167912015,0.28587687307986587,0.46476621592534034,0.26995621286691823,0.15184511586038454,0.10482220484565342,77.13,-0.1683100086029203,-0.09302459619803796,0.29224078305237255,0.5135509287393341,0.4719361487589707,0.014512922501695242,0,0.7580448547500925
ALO,21.0,0.6927686094515126,0.247661178236955,0.2814262924496864,0.1704032541247069,0.1995513343306232,0.26446054278561,0.18668292492386301,0.21143637247133515,0.4566816697138686,0.22340941269502984,0.149438824864681,0.08097996925381265,77.664,-0.200396157487661,-0.8142782162281711,0.17605314284684392,0.7291928376555037,0.2444901022796515,0.026317060064844605,0,0.6704048187112798
ALO,22.0,0.6721951952513218,0.23667274465785737,0.29499614262761303,0.14608533324401082,0.258545792745927,0.28712717976458624,0.21593868381374728,0.3401215413528432,0.43336063663683394,0.2964470348890389,0.14114240606015602,0.06891824418555685,77.947,-0.9102174025907406,-0.34027613600021317,-0.1591067695958435,0.887606986998958,0.04175818213916285,0.0706348308618792,0,0.42564283938189834
ALO,23.0,0.7140633354259169,0.2635417777530237,0.2976420237832065,0.1533162096375241,0.2586220067204293,0.2909412811910234,0.2882903443857,0.33607378134829785,0.40733668522542454,0.2824554722133375,0.1640994453181499,0.10709689577616749,77.272,0.5343116920796853,0.8319661479253218,-0.533111868240032,0.011085197691015701,0.8517816381552992,0.13713316415368515,1,0.4590108567173632
ALO,24.0,0.7045244650905659,0.24603117330246416,0.29136656909512754,0.16047518971256203,0.2706956043533197,0.3058287796091116,0.2606424869451111,0.2933440441351457,0.4323829050763959,0.2614440882268008,0.15174385877524496,0.09993335424532071,77.285,0.20520283574543147,0.38401530207607903,-0.17315830938425764,0.15675721799665107,0.781814126825139,0.061428655178210174,1,0.6542929404310485
ALO,25.0,0.7051578294938341,0.25672503390576884,0.26062532960595747,0.15951314812593437,0.28310921738584793,0.316140032333261,0.22760909149375008,0.29050273965516155,0.4288889526797416,0.2553280712169619,0.1542978332392653,0.09600705402059291,77.182,0.22705509152355347,-0.15119208119066985,-0.22337189878543823,0.6378897998261723,0.29799062579236546,0.0641195743814622,0,0.8237007764618103
ALO,26.0,0.6692399051075523,0.2588315276540861,0.2983288848025406,0.15806597717830778,0.24620825592589274,0.28346424495598455,0.1913783126739763,0.29292577727599606,0.4606730361277488,0.28054508983988696,0.15145035970946027,0.11888237958000658,77.141,-1.0121804364887244,-0.7382034998139572,0.2334153537482176,0.8931283604703183,0.08259811100521201,0.024273528524469987,0,0.39718430199305016
ALO,27.0,0.7106364595218783,0.23810663350849148,0.3075214869216698,0.1604057842350945,0.23760296009923335,0.27571735982079176,0.21087629037298108,0.34730759719113397,0.4800444649654601,0.29919101073525645,0.1674733852213406,0.08676990731662139,77.228,0.4160780679787374,-0.4222970820603494,0.5118132433996233,0.5187273126549575,0.47712841828959146,0.00414426905545093,0,0.7162767538931782
ALO,28.0,0.6997343627012172,0.2688286325317307,0.29514177313637063,0.17494568815664496,0.2133951981694068,0.2794562568319548,0.2763701118064084,0.2951897484829323,0.42926040897557494,0.2705328285487584,0.14864480779278788,0.0819461388012579,77.562,0.03993534980004408,0.6388344277517952,-0.21803348778209425,0.036818775487822704,0.8790622344770711,0.0841189900351059,1,0.44311553872125364
ALO,29.0,0.6697602194615373,0.23618205512258186,0.30008937159692,0.16137451576236905,0.270335098059432,0.2929106883907058,0.23897012984822458,0.306764669513328,0.46577282297420775,0.2992646089242924,0.14183161642704414,0.07479789194718821,77.111,-0.9942286187205664,0.03287956890187125,0.30670730900978477,0.43652532712212955,0.5091444433587767,0.05433022951909356,1,0.8637704710978087
ALO,30.0,0.6783305561283481,0.2360060338325642,0.30314599705259254,0.16617429825006186,0.24078858209355336,0.303515675623967,0.26437986884866266,0.30934099681754124,0.4476016601313631,0.2771652270749359,0.13377274406619927,0.057051291804833947,76.965,-0.6985359843044564,0.4445683987691988,0.045559128855322116,0.09492345113267847,0.7974328394306933,0.10764370943662797,1,0.643949942001387
ALO,31.0,0.7354646969700619,0.227235229610262,0.31197565426998447,0.1662807728515595,0.23832483804140542,0.2736360005387353,0.2491591664295314,0.3016522568709991,0.46394544988956293,0.2912925523216446,0.15581960461326347,0.07556346961418678,77.259,1.2726986681230297,0.19796243526115503,0.2804450846466282,0.10533681128616455,0.8903781076093853,0.004285081104450111,1,0.36381609199404646
ALO,32.0,0.7026151395784402,0.2644548730884435,0.31400370337588884,0.18954726665928012,0.18511753141149503,0.26682275571351327,0.25402601748452275,0.29416474871231485,0.43562672383718654,0.2698154393205469,0.15292951074895592,0.09740572553186516,77.637,0.13932753672425488,0.27681520175094126,-0.12653953360981898,0.25067786964780636,0.6942010960839706,0.055121034268223,1,0.7599665824437511
ALO,33.0,0.7120521295787061,0.25819863222879347,0.26948799227867015,0.16782821784366664,0.27396506720613323,0.3174399184340333,0.19289747357715462,0.21662520900645318,0.4802290716478679,0.2551862245831172,0.16954709405218626,0.09950814688536057,77.816,0.46492133106646416,-0.713590040596651,0.5144663316786778,0.47092074980624193,0.5241925845486947,0.004886665645063629,1,0.7192112599704648
ALO,34.0,0.7104815620150813,0.23440652858429367,0.3224064124729027,0.1634240477011736,0.22746764002531142,0.31286560750003806,0.19761378155829737,0.24045278771077405,0.43036561648012206,0.2394527064426565,0.15807502846131555,0.09470033815968604,79.297,0.4107338144645601,-0.637176374402869,-0.2021499182493283,0.5637474717768255,0.32971629605036534,0.10653623217280905,0,0.9275023480037616
ALO,35.0,0.677177276389891,0.24087729854669748,0.3113225795208091,0.15601340396068125,0.26921534760234206,0.2874946279147581,0.20587869735458567,0.29298439069490506,0.449877933904483,0.2576759348828582,0.15427414450045357,0.09186640319796979,78.634,-0.7383262909564365,-0.5032681310687971,0.07827276190812758,0.8795517022958799,0.09082192874031686,0.029626368963803208,0,0.435010709688186
ALO,36.0,0.6909492310023501,0.2176405472579009,0.3129597937029052,0.17563196764195027,0.2673815209103372,0.3046569540565058,0.19939584218535775,0.29404067059989464,0.45884519919230826,0.2940010019275797,0.1594483622221572,0.0772833890213639,77.876,-0.2631681147103134,-0.6083034113907548,0.2071464631198246,0.7727980147914819,0.21050195257291182,0.016700032635606148,0,0.5955382132836166
ALO,37.0,0.7092535390637843,0.23745777207538235,0.30976148106698886,0.1608602986614518,0.2752718598219778,0.30066466746221676,0.23940699485218833,0.2918324255701044,0.48284669979053874,0.2941033022634432,0.16743788673902824,0.12197546384609492,77.974,0.3683647272618782,0.03995765979799273,0.5520857637255807,0.2755272405214636,0.7189308420274457,0.005541917451090614,1,0.6212061921971633
ALO,38.0,0.6789218793769949,0.23120141328694052,0.29978502729886675,0.15858359217419823,0.24906599255853715,0.2911437761638924,0.2126146032698659,0.28278590534396486,0.4737974369781214,0.2774534656772562,0.15395212883397996,0.07440267122532007,77.141,-0.6781342269428154,-0.3941329201833048,0.4220336291626671,0.7383085062551918,0.2491469825615181,0.012544511183290055,0,0.6251664196420604
ALO,39.0,0.6652426186534376,0.25793844266205324,0.2908160857260816,0.16225669553735303,0.2584479721024864,0.3106993313506599,0.1908372353705715,0.2881883861078022,0.5088709378797619,0.281312326656198,0.163530406568563,0.10469458430203739,77.705,-1.1500942907612461,-0.7469700393641131,0.92609498238069,0.6877103164545002,0.304448040867075,0.007841642678424656,0,0.6575552000256699
ALO,40.0,0.7287274757739408,0.2613729272466866,0.28062825342752906,0.18316209710669934,0.2274781009889067,0.27452259482682584,0.18320548525504787,0.2269892463748829,0.47921672059355486,0.2505324144694716,0.1667399133477146,0.10060262258212607,77.63,1.0402519438490803,-0.8706197263933896,0.499917255331844,0.1862783192633363,0.8087936295250335,0.004928051211630291,1,0.5108603159406238
ALO,41.0,0.713813974763084,0.25576571338359827,0.27347844894407347,0.1774564079860221,0.2671439958447061,0.3061808196648576,0.1375124781769838,0.22331284397024054,0.5280228347998286,0.2837106660845594,0.16024517763310664,0.07615487586457093,77.016,0.5257082831146241,-1.6109382561021517,1.2013378532105408,0.03626374675189047,0.961293478001303,0.0024427752468061015,1,0.17292448838535607
ALO,42.0,0.6825256795430308,0.24675158918385748,0.3112304147620798,0.177940205367826,0.25020634787255386,0.307424138583967,0.25439095667849587,0.2820355172909026,0.4763551478146696,0.2787911610287559,0.1419983885816534,0.06865639451707124,76.719,-0.5537963851015448,0.28272794999825424,0.45879195531398065,0.10010550788986892,0.8736122893186099,0.026282202791521044,1,0.4440745043076982
ALO,43.0,0.6929458000426199,0.2636360943467202,0.3024024571012616,0.17221957465134483,0.2803876123945733,0.31399722115787015,0.1795341903820349,0.21325450507945606,0.50767249644364,0.24897260961056125,0.15293713181034127,0.09186760534280633,76.674,-0.19428275089522942,-0.9301020803972054,0.908871494661621,0.5785872781118163,0.4181772735970953,0.0032354482910882235,0,0.6997217283000724
ALO,44.0,0.7128455378992794,0.26509824141020355,0.29540362837495193,0.1728665960217791,0.29249261157542855,0.3076150767057833,0.20011292144433007,0.22059026530426332,0.49027242520707726,0.25471842810660816,0.16296761103894322,0.09529797365428697,76.919,0.49229540114080544,-0.5966852865039405,0.6588051132590856,0.5111595729752777,0.48590774119508273,0.0029326858296397284,0,0.7108259240628653
ALO,45.0,0.720868055901471,0.25108078819598706,0.30551986350010596,0.1586695715751228,0.2836695937991343,0.3011442783145704,0.25330335834064843,0.28058422672207306,0.48659426303023284,0.29369976610194565,0.16100509635975016,0.10649047572119347,76.862,0.7690872676616598,0.26510667151655304,0.6059441396877583,0.11595679923365344,0.8796057089140276,0.004437491852319255,1,0.3867112959991591
ALO,46.0,0.6824531443722242,0.2727545007750103,0.28798508529372335,0.1591718983456827,0.27223231522031993,0.30769475447612665,0.22624233580835257,0.29260325485528643,0.49010804035267247,0.29043174810285344,0.15565383342247596,0.10519306470369728,77.114,-0.556298984074896,-0.17333626963849763,0.6564426444427506,0.4712549943609166,0.5182347211542574,0.010510284484825893,1,0.7430797355977284
ALO,47.0,0.6849607484994685,0.24319333934764212,0.2973596420737442,0.14962328330354618,0.25560367904171233,0.305713366219427,0.32132416799741603,0.3297454904273649,0.45380151883289,0.28580940244301783,0.1449660204697509,0.06979383025906721,77.108,-0.46978195454803645,1.3671804682501627,0.13466084629197547,2.9545054970369986e-06,0.9559203512758188,0.044076694218683994,1,0.18073084733540423
ALO,48.0,0.6962305053695099,0.24307659620519168,0.30147926986097995,0.1606424639596476,0.2481086968794566,0.30710779673677424,0.2459068487777234,0.28940349420135153,0.44462265407801244,0.2568810284499035,0.1470341176171003,0.06438955834359897,76.931,-0.08095427744680221,0.14526835412924705,0.002746128045745635,0.38282219417933716,0.5759152272549001,0.041262578565762834,1,0.8169038397886466
ALO,49.0,0.6937621930772956,0.25349951297679646,0.2934279457800486,0.15150521660646757,0.27551569726941055,0.3011475305814791,0.24966004816149148,0.28006957334413823,0.4412496803453192,0.26612110254985116,0.15790598635042466,0.09273324214117458,76.992,-0.1661156652220292,0.20607772578535177,-0.04572880774233466,0.35073625863882746,0.591539994344196,0.05772374701697635,1,0.8426806456482551
ALO,50.0,0.6889356211162045,0.24120248272737616,0.2844811366301996,0.14583456421060578,0.2615630597708565,0.2974285476278233,0.25653581983193646,0.33125836197814396,0.4607951695639563,0.29893702158923185,0.15037853691545716,0.07112470000077092,77.408,-0.3326414195603378,0.31747904294927903,0.2351706032541211,0.1313162021125639,0.8366135896661007,0.032070208221335335,1,0.5261531889913235
ALO,51.0,0.6861019046821256,0.2519403900656473,0.3111299681698375,0.15979697262293965,0.23388781684003704,0.2928916517634333,0.2238064189747289,0.2859322236195252,0.43091891279756417,0.2654158391819219,0.16130255493871398,0.11546117292702901,79.991,-0.4304099332321376,-0.21280301704866855,-0.19419818023256893,0.821827229467604,0.1075544739553629,0.07061829657703327,0,0.5882549460562976
ALO,52.0,0.6973764347622671,0.2408420365467452,0.35853901039733704,0.18086263466876787,0.2207085549991978,0.29791395940599463,0.2867855120643366,0.28380261989864364,0.43661473593392436,0.2529529854266145,0.14819971435227935,0.06349666050265992,84.967,-0.04141757146051289,0.8075848405251179,-0.11234024635092581,0.006583572088880206,0.938485440829883,0.0549309870812366,1,0.25204497528904324
ALO,53.0,0.6624244778062267,0.23579172647685048,0.3446174892269966,0.1997765062468051,0.23044713094196995,0.26052169062094704,0.2528704300153473,0.28804687994465983,0.353036992377975,0.2512212180502976,0.14938670701581938,0.05525330668505162,90.862,-1.2473254175726878,0.2580923627250867,-1.313483828620189,0.03447499293448518,1.3943391918213737e-05,0.9655110636735964,2,0.1501383941225489
ALO,57.0,0.6812728811288523,0.21303600702690287,0.3158069172613703,0.2017126807475163,0.22908528717618684,0.287370497973739,0.2985857045024041,0.2628774872081655,0.25592936921820386,0.18908262515408128,0.14270297454356481,0.0643153360886456,102.581,-0.5970202720831753,0.998771669203427,-2.7090730535159153,2.197465030433626e-07,1.9053547483693347e-12,0.9999997802515913,2,3.6093594085152627e-06
ALO,62.0,0.6889231728807824,0.2340545891219184,0.32269091693861085,0.18885354938916435,0.19747586553951582,0.25955802992335736,0.2873791671251995,0.26475688222298294,0.2943397319827448,0.1978670751379383,0.1537143002380113,0.060371133666966795,100.467,-0.333070906950262,0.817203245395284,-2.1570557488565996,2.661986808602456e-05,2.0857366991944257e-08,0.9999733592745469,2,0.0003074190140961318
ALO,63.0,0.6727263182214878,0.21275952140019302,0.2981884214533029,0.18779489970236948,0.22435540604683799,0.2785319679983891,0.2586166516766542,0.28510455197705864,0.3034993698045005,0.20097370070460222,0.14255444354751884,0.06291119845380486,99.671,-0.8918926673612045,0.3511927000351606,-2.0254173518693976,0.0003552672722567195,2.6481256819180244e-09,0.999644730079618,2,0.0031770192119601613
ALO,64.0,0.6737284973925526,0.22889050213572548,0.28272516564646516,0.20091341698632825,0.23846963687334674,0.2853599327199146,0.2461645193769659,0.2855804949018942,0.3021335703575884,0.2067642496341934,0.15041098066948264,0.08888471514536202,98.135,-0.8573156127168178,0.1494431355975467,-2.045046037336685,0.0003382883428379263,8.056029267607841e-10,0.9996617108515587,2,0.0030417218055477247
ALO,65.0,0.7087795136306956,0.22644183913291657,0.2686447092191768,0.18227194010810432,0.2134397093874755,0.2833884373887462,0.22889990539164068,0.22168860864208628,0.312922882405548,0.19322979537317297,0.15347086672043117,0.07479472490693444,97.64,0.352009963786478,-0.13027830229707704,-1.8899866594195054,0.00010888268944449555,1.085479765745481e-07,0.999891008762579,2,0.0011043065994683664
ALO,66.0,0.6619641940287954,0.23238991506714643,0.2737050097973893,0.1667542968734496,0.2539619083615953,0.2847941680204326,0.26537587074859725,0.2695881763458048,0.2960327635201828,0.2007735974739695,0.14436631927046925,0.05339676225597923,96.332,-1.2632060682424262,0.4607056309038004,-2.1327242237489403,0.00016231898098569524,2.0921131245374685e-10,0.9998376808098027,2,0.0015787135869354053
ALO,67.0,0.7081126533667469,0.21212464925445657,0.28416698568841003,0.1883429862812772,0.2589437471326193,0.29549491727187494,0.25080437078429213,0.30302392630123665,0.34048993283938056,0.23342328731360884,0.1534954603042831,0.06383535574285852,93.205,0.3290020382054417,0.22461805166447188,-1.4938048016438767,0.005846773164854706,0.00011534281183877974,0.9940378840233064,2,0.03705351027128179
ALO,68.0,0.6688469154874616,0.23247330739868186,0.3069386771192313,0.17848866339865332,0.2318091816708276,0.27204617410310694,0.22826002933098902,0.2905149401388822,0.34755709814989716,0.2356561518983614,0.16114257087336994,0.10132641712028942,92.841,-1.0257393129460304,-0.14064558023980822,-1.392238524589742,0.03602600873661795,2.2436703245633397e-06,0.9639717475930576,2,0.15513343070992014
ALO,70.0,0.6871151348697265,0.23901860122689425,0.31297138453580764,0.16915925983718966,0.24757680819728747,0.27829956659563665,0.23787841491803333,0.283118326882668,0.3519319025301234,0.22363224777468652,0.16763470228592836,0.11438898326657179,91.23,-0.3954515978610336,0.015191593352363303,-1.329365707241251,0.036882220332346345,5.7140706140490046e-05,0.963060638961513,2,0.15851908192799996
ALO,71.0,0.6993883032850261,0.2246800563965507,0.2961281050897812,0.1617747881581643,0.22032424476841658,0.2695277709771992,0.22382674723937032,0.28800810406996885,0.3551461907239739,0.22859345958214924,0.16884479205981673,0.11888784039759304,91.057,0.027995653097774523,-0.2124736583140778,-1.283171332143976,0.02539082118978829,0.0001357469692573887,0.9744734318409546,2,0.11967656403674343
ALO,72.0,0.6710914320184203,0.23469239609392395,0.2896144551462889,0.15729048880107713,0.24773302208717862,0.2926972148147602,0.2121898635662792,0.2876860021791604,0.35710234159392057,0.23348195784992926,0.15430231877071293,0.10435351500184635,89.419,-0.9482992972463141,-0.4010145568488679,-1.255058368531672,0.057216451542414636,6.394414845347167e-06,0.9427771540427398,2,0.21932127856243255
ALO,73.0,0.7000665019977277,0.21919728077073786,0.2977259050399099,0.15963469026046256,0.24769626697674701,0.27913206544411684,0.2469150500292806,0.29233221135295545,0.33415855425085955,0.2412572308298757,0.1596644002620965,0.07998451311887438,90.346,0.05139477635426722,0.16160324027338277,-1.584796666642339,0.004198426632605915,1.3349000787370247e-05,0.9957882243666066,2,0.02733090345063221
ALO,74.0,0.7054185166488043,0.24648338318137453,0.2841333560300788,0.16227108702488618,0.26199575844086603,0.2869443244854099,0.1879270105760609,0.2239317584900306,0.38836923291795916,0.22947783999153468,0.16448209792989288,0.1198718167770414,87.245,0.23604928563848065,-0.7941215288100418,-0.8057039799887659,0.06126310338106897,0.006998533993192125,0.931738362625739,2,0.27168598517442066
ALO,75.0,0.6892746387040067,0.2413760730132512,0.29981273508903594,0.15099574000312177,0.2742428333235439,0.2949969599099571,0.24269512343339572,0.28524607262022617,0.3704769358703435,0.24199295457979425,0.1578898388774923,0.10669990199344523,85.7,-0.3209446790998574,0.09323194994427277,-1.0628444202114904,0.147052994998039,0.0017717682135892233,0.8511752367883716,2,0.43027660786346156
ALO,76.0,0.6615379807945451,0.2376257366259564,0.27903608456013745,0.183544987706801,0.22992114686229417,0.2705467456713239,0.3153860388151071,0.32337970352899703,0.33112981269685754,0.2465031713596364,0.14727135949152348,0.05411413246651464,86.931,-1.2779112214888013,1.2709708434829166,-1.6283244447942629,1.2261538631210443e-05,9.370220597416863e-06,0.9999783682407714,2,0.0002687859642377061
ALO,77.0,0.695278910193264,0.2329594568277969,0.2952892419371245,0.1654556524415236,0.24581978190975468,0.27804387832538446,0.22076671045884333,0.2912194145891445,0.41263359954591744,0.2649411470945054,0.1651786791140798,0.11311036898746801,84.701,-0.11378608971987972,-0.26205240296408866,-0.4569868812375885,0.7467569100857796,0.06994887033849051,0.18329421957572992,0,0.7151164481852843
ALO,78.0,0.6664609948143668,0.2368080881186972,0.31034456212645906,0.1462045261519156,0.2429453756855575,0.27469813828183026,0.23820548058134078,0.2857357533314383,0.3942021485112912,0.2736636926947375,0.15035678203407074,0.06552600875782592,85.668,-1.108058035857737,0.02049071430022132,-0.7218758119531097,0.47541891236466793,0.0037776955485558593,0.5208033920867763,2,0.7143395015494458
BOT,2.0,0.6734381623408907,0.2539077158986456,0.3481869045446185,0.16874194580584517,0.21510208188112034,0.28619745486941783,0.21001017960484655,0.2869908336496058,0.48220294855543056,0.2899876211099899,0.16238025061958952,0.09846410274727667,80.021,-0.8673327146845496,-0.43632981685792643,0.5428340463217665,0.7268072976442692,0.26133665112700993,0.011856051228720948,0,0.6352000131313852
BOT,3.0,0.7132572671142262,0.25477410396556843,0.3877758014181606,0.17413612423504607,0.11205434356118257,0.13186268051824815,0.2270972360437437,0.29555088814439856,0.4620749721032652,0.28657848358654736,0.16976957901822146,0.12327504792825221,80.142,0.5065008286481244,-0.15948516799768916,0.25356337794818495,0.41968263243171583,0.571990946952929,0.008326420615355178,1,0.7237942616184565
BOT,4.0,0.671927343135989,0.2280578422757638,0.34882501992511755,0.16980974206468727,0.13978089287494125,0.18187336000643076,0.3040982149600335,0.2878673131239275,0.45840698645876854,0.2679131893659275,0.13942137354926978,0.06518991299276557,80.341,-0.9194588012307012,1.0880854153971091,0.20084865714702338,6.0781452688240354e-05,0.9158125563926928,0.08412666215461903,1,0.2893797130003032
BOT,5.0,0.7022158788980599,0.226779553581108,0.3754636123023968,0.16013249363757037,0.21746399167092037,0.2922436103792703,0.2995471714457072,0.3351650518049082,0.4742549265814193,0.3062569568557154,0.1487301915785509,0.07387192295330741,80.022,0.12555229696528322,1.014349365646422,0.42860847406247443,0.0002383080765663,0.9867674050011058,0.012994286922328145,1,0.07156998665112417
BOT,6.0,0.6953601121084346,0.23071953697061798,0.36167884494737296,0.17330126244297125,0.2009805192987055,0.27831022005708134,0.3081461216431353,0.3219906600363022,0.43672010052999494,0.2975282791189693,0.1559972301380212,0.08795376999710186,79.165,-0.11098447186635875,1.1536696374841444,-0.11082599144305255,0.00015361486633413108,0.9518764811955776,0.047969903938088226,1,0.19398875216620956
BOT,7.0,0.7412396168326378,0.24247822822878137,0.36741502962480677,0.1675631450350308,0.2206673411760252,0.2827753202352378,0.2886849692635808,0.3341796198290172,0.4385198956057074,0.29444455551559323,0.17471454708684514,0.13628941221125362,79.167,1.4719441976854555,0.8383598639020373,-0.0849601064285248,0.002398985504909562,0.991399702267385,0.00620131222770535,1,0.05455682602506656
BOT,8.0,0.6630883532800574,0.2248965288587457,0.3271399139704519,0.19247648914194881,0.24914885116926716,0.2834707519119399,0.2962564075314218,0.37086796698690633,0.4604716033239691,0.3211396193342145,0.15304563121781872,0.08524633039622624,78.774,-1.2244204728297994,0.9610323778088677,0.23052044764972338,0.00018667960889056314,0.8657085208178159,0.13410479957329322,1,0.39587856053342907
BOT,9.0,0.6976805603094988,0.23345434746580268,0.3661951634792606,0.1649049496876927,0.21796864207597302,0.26359215598884256,0.2783061518263027,0.33991093429821584,0.45201282253704245,0.29024187357342573,0.1638462353219388,0.09462974221840989,79.007,-0.030924671618849625,0.6702021663323785,0.10895446819446404,0.012869386525847471,0.9589218544241084,0.028208759050044357,1,0.1968941605122784
BOT,10.0,0.7091431528068779,0.22750634121394142,0.35093750822067593,0.16809815747753534,0.22214568070747995,0.2639524249631169,0.2783018196988652,0.2685659032252896,0.4264703231785051,0.25799515662614,0.1485589377530324,0.06644428721112798,79.527,0.36455619506799253,0.6701319771629601,-0.2581314074739273,0.025674175000707605,0.915744529292989,0.058581295706303396,1,0.340842660882907
BOT,13.0,0.6906445561099529,0.2353718251689612,0.3428268823900942,0.16080477345711805,0.2055625203183451,0.27958671046188244,0.22035867380966306,0.28351567636851494,0.4681520955507397,0.2725318995236313,0.15207487184442126,0.09101677760419061,79.511,-0.2736799679870045,-0.26866341658532705,0.3409011968102793,0.6441906773895053,0.344217224641234,0.011592097969260607,0,0.7020622033280939
BOT,15.0,0.7034622561502778,0.2341793123520952,0.38841912257130307,0.18039096327087709,0.10414112194379316,0.15662647624921683,0.20333678775380915,0.3437618983605287,0.49211009729605854,0.3120400486333507,0.16700137861023007,0.082368870200236,80.912,0.16855464185703392,-0.5444521742875869,0.6852153505074455,0.5861266833411912,0.41062098744096576,0.0032523292178431966,0,0.6972382366823467
BOT,16.0,0.6954098817342281,0.22589491162373782,0.3975913486969136,0.18040017274363176,0.16715608806264906,0.23704092862168819,0.26777551459569915,0.2799574134549822,0.442377324960721,0.26229186796131965,0.15476634646556106,0.09200435254762164,80.48,-0.1092673267486207,0.49958468304576376,-0.029522781649231594,0.0696211025433827,0.876381210576288,0.05399768688032916,1,0.4587697974001559
BOT,17.0,0.6760545603891802,0.23901379057776226,0.32712710871184925,0.18082858469959653,0.1788988566590607,0.2519555200073848,0.24852672654853528,0.28303585370466494,0.4675591266350171,0.28010977379679375,0.14771384729543935,0.06151610289786208,80.577,-0.777062091527364,0.18771563837102417,0.332379301179912,0.2192961401527367,0.7351380592456184,0.04556580060164482,1,0.6996792803067734
BOT,18.0,0.6793765839987133,0.23082069417254814,0.34494528277847636,0.15420099753150893,0.12157221012532661,0.18609305663653064,0.29466133840202163,0.3418616684127647,0.4628917616042395,0.3094780191600367,0.15503916561050174,0.07633492496300118,78.764,-0.662446067573562,0.9351890527975827,0.26530192729659413,0.0004165699795207016,0.9507833049183024,0.048800125102177114,1,0.19860500539975412
BOT,19.0,0.6779169555366193,0.2253306796946864,0.31764750722378315,0.15948706953155262,0.2304819382907362,0.30213034914530856,0.32250642727472956,0.3219413988241229,0.4512414432985884,0.2720091232396697,0.14279247110916996,0.0716652144295283,77.824,-0.7128059778086739,1.386335444161903,0.09786853571598568,1.885424391743546e-06,0.929276674060057,0.0707214405155511,1,0.25552770412093523
BOT,20.0,0.6530735833392668,0.23530604837878943,0.3274175792842761,0.16878937108922148,0.23230948144785038,0.3056811813964838,0.20040057701445352,0.28563106582710757,0.48193203571386395,0.2805010748038201,0.1407449118943012,0.07068882560633416,78.024,-1.5699487550887041,-0.5920246882558869,0.5389406028384038,0.8265471852385663,0.14856812705429287,0.024884687707140786,0,0.5326440502732773
BOT,21.0,0.6636012545419854,0.2443270122253852,0.3103849636055714,0.13551245638938758,0.23739382861221023,0.3011666626771379,0.1760856621302453,0.2957476580907348,0.5065627983111172,0.2902838094170272,0.1498358880483672,0.08603904196328817,78.024,-1.2067244205939363,-0.9859751675123157,0.8929233877443328,0.7014524702104404,0.2900052307943257,0.008542298995233984,0,0.6484059737492844
BOT,22.0,0.6661649504562975,0.2271068339591775,0.29716675981442103,0.1622492339733497,0.235127338240559,0.26511132433468076,0.3002003556243321,0.33100483399194724,0.4474547841627392,0.2964621624812911,0.1465239654771093,0.06837542156490334,78.26,-1.1182721195681857,1.024932261841511,0.04344829025647825,0.000210044190915314,0.8219556249925735,0.17783433081651115,1,0.4700412243445596
BOT,23.0,0.7249861407196723,0.23877205700405676,0.36012611307487385,0.17493646803185692,0.2334796495002345,0.3049458559389153,0.1517822576593587,0.12296204801775894,0.4784396609926801,0.2427029889797624,0.14602022243612453,0.0777332819381824,78.737,0.9111688912877772,-1.3797391549440312,0.48874968711427635,0.020922663863324975,0.9686902677454474,0.010387068391227904,1,0.15916045421794636
BOT,24.0,0.6872909188580659,0.23571265751570328,0.3656869281940484,0.18713582438848206,0.20251435413671703,0.29083077258591694,0.21318570406484566,0.2913123152792513,0.46278354093789054,0.27429900078542624,0.1595440634875073,0.10429964236431974,80.068,-0.3893867216932706,-0.3848799397407482,0.2637466261682866,0.7479340267803822,0.23780028233484687,0.014265690884770983,0,0.6194163434732181
BOT,25.0,0.6963187903965301,0.23858647649099476,0.37395968090429754,0.16892878340182046,0.20082768510055754,0.27744050501527484,0.23305719552064924,0.28463801164375874,0.4604183538297329,0.25279812952094616,0.15650537423561495,0.0992214853851135,80.203,-0.0779082789949339,-0.06292184859241608,0.22975516869459028,0.4956968463334842,0.4881646086341771,0.016138545032338518,0,0.7645360016721723
BOT,26.0,0.7321877710304964,0.2551649294869227,0.3589584987442111,0.17249999047960676,0.1982612886794553,0.28646159137296734,0.20704675515726792,0.21496434334455755,0.4623175709844878,0.2416916120440438,0.161469436144278,0.0906073040831401,80.222,1.1596385980782922,-0.484343247582376,0.25704990530401306,0.24766160063765866,0.7456354067329151,0.006702992629426405,1,0.5980669438837598
BOT,27.0,0.7191011076429821,0.2186675972290325,0.33909742949877847,0.1732356866290387,0.23031797576049118,0.24240248707685513,0.20823471812421174,0.3440185177589471,0.4767613995698673,0.30834951101832136,0.1802146907163365,0.09751125600939776,80.162,0.7081242500181583,-0.4650958604376916,0.46463043177649355,0.43629965531312936,0.5595964528260392,0.004103891860831728,1,0.7093002970190543
BOT,28.0,0.7253709037779893,0.2510033085241675,0.36077019059277166,0.15633522758445645,0.2495134745584864,0.285832665907085,0.2144737921731201,0.2876726450306419,0.4462290444548448,0.27556938680093435,0.18015879291686443,0.12849109644109735,79.853,0.9244439359870537,-0.36401032411610995,0.025832483451591462,0.33428276923563954,0.6483915586655865,0.01732567209877411,1,0.7174842331175395
BOT,29.0,0.6825641509338144,0.2344527461013727,0.3835999975231606,0.16125507309318185,0.1749740403405067,0.26099520772020807,0.2256869004909396,0.28734623930881076,0.4698575157283501,0.2695528657290632,0.1584002059043331,0.09417343878338297,80.208,-0.5524690502099633,-0.18233543786642764,0.36541076615559104,0.614030967043214,0.36927540416473115,0.016693628792054684,0,0.7356682723706995
BOT,30.0,0.6687870126715225,0.23914572185114527,0.3270603504138902,0.15585651514835772,0.26080844707542483,0.26328003823498014,0.2653902274654607,0.39032542508218976,0.4574199269338974,0.3191297188454166,0.161065243068011,0.12955862410440774,79.393,-1.0278060720644384,0.46093823856522304,0.18666305984356105,0.05046676547657248,0.8309498150169352,0.11858341950649222,1,0.5574324374323454
BOT,31.0,0.6898883729323773,0.22070500222248499,0.3392015433024019,0.17537736047628996,0.23498722676300923,0.30869190803100544,0.2313614663818278,0.279653746724149,0.48805690089799564,0.28601306415025646,0.14627469398357598,0.06871870609611504,79.021,-0.29976970104782846,-0.09039606802148188,0.6269645455194999,0.40032505914866545,0.590697618280982,0.008977322570352407,1,0.7197729261875229
BOT,32.0,0.7162369776096521,0.24875716192810562,0.37481344384949244,0.17591719624690866,0.23348421523478935,0.306167911400312,0.25502197075342586,0.27896509431100397,0.4502147064845963,0.24972790685487437,0.14506082609642398,0.06417403630050979,79.47,0.6093064103240281,0.2929516459651142,0.08311271338416375,0.12458474973993257,0.8614433428711731,0.013971907388894337,1,0.4476320015943751
BOT,33.0,0.7038392772897732,0.25024506532490853,0.35728348529525533,0.16151549102963722,0.20601078528194408,0.2918401114555084,0.2096544250126547,0.21133521413595519,0.48368981252462034,0.23967517016734166,0.15590756914466591,0.09592050563205733,78.655,0.18156257588600797,-0.44209375610094154,0.5642026193211579,0.5739072611845915,0.42187075188178713,0.004221986933621436,0,0.705865211006121
BOT,34.0,0.6950858529865181,0.2426532073067614,0.3691274697686598,0.16486598268933278,0.10357798305051702,0.13062687746621682,0.2922559219281105,0.375296225485077,0.43400659313016937,0.31859315720581705,0.16627231333815062,0.129525768042432,80.226,-0.12044692420923843,0.8962164725018547,-0.1498233591640267,0.003094748191277828,0.9297636167314408,0.06714163507728152,1,0.2669378109424728
BOT,35.0,0.6986547655088889,0.24243769498391995,0.3342717008681557,0.1727293622117783,0.14896062365269708,0.15959268205001859,0.20377914912225106,0.2867332370275871,0.4916367492912562,0.2766761179481402,0.15165459576249438,0.08447434482711941,79.889,0.0026872287146698084,-0.5372850312425826,0.6784125954442194,0.6143911805666822,0.3819187214106717,0.003690098022645936,0,0.6875715559135748
BOT,36.0,0.7090686676161773,0.2424291464672167,0.3378090011907623,0.1647302436520793,0.2120714542332509,0.29590828978886946,0.2741348168375529,0.27562389177096286,0.49263632094963195,0.27058069530122136,0.14624990516477196,0.06920181092994962,79.139,0.3619863167633806,0.6026181576783176,0.6927780117786829,0.011899946913595928,0.9798621650823618,0.008237888004042047,1,0.1121987099033111
BOT,37.0,0.6989884232883604,0.23981002667201104,0.3463062272849244,0.1643959343162553,0.2056173416545601,0.279524594799104,0.24644293603235595,0.290861948170383,0.4568230598332373,0.274815179966754,0.15306773117437197,0.08527183114803576,79.112,0.014199045769350674,0.15395404486234196,0.17808514116661564,0.28134707062497605,0.6977968148727974,0.020856114502226467,1,0.6885966301727738
BOT,38.0,0.6734589551927468,0.23082832723347738,0.3776593111419494,0.1531024932931834,0.12459403520260272,0.16386742872562188,0.2714419029292547,0.2822815420670353,0.4289266276708721,0.26128466724035393,0.14339299696536711,0.08825052128551458,80.07,-0.8666153224301524,0.558987541251221,-0.22283044992736806,0.08294011473079188,0.5612393156478324,0.3558205696213757,1,0.8983465857271385
BOT,39.0,0.706332286947938,0.23596916749506636,0.36173826891839944,0.17568426874790816,0.21073193541108742,0.29045769303397484,0.22420233678398727,0.28823208011807855,0.4726841268805976,0.26954918095124997,0.15898282976307782,0.1018941440779777,78.876,0.2675760689500866,-0.2063883529856332,0.4060336126293051,0.48187777880982635,0.5117009206792872,0.006421300510886472,1,0.7270648520561567
BOT,40.0,0.7068525557747907,0.24242518237189772,0.35323149806005705,0.1749593224408638,0.1569423407103932,0.16733493039770464,0.20966276025723235,0.2265440855948762,0.4644685541834442,0.23571577385255058,0.15007154163634065,0.09435560410347076,78.968,0.28552631594707883,-0.4419587083900313,0.2879629158145915,0.5771287893371834,0.4141075988454846,0.0087636118173321,0,0.7238457959535773
BOT,41.0,0.7076864475349263,0.2311916937070451,0.3057210810814511,0.19387594278374146,0.11434907256118472,0.17432467621455683,0.28893161025318337,0.2714137831505001,0.4323548237757568,0.2476155214853106,0.15280680467301044,0.09153188121189243,78.706,0.31429714035672673,0.8423559435313897,-0.17356188182602653,0.00505231822129074,0.9567826116070169,0.03816507017169211,1,0.19362676554538455
BOT,42.0,0.7129625392788467,0.23157051648305366,0.2984777743670412,0.17380367920522063,0.2269051978268577,0.30869695129235347,0.28387244447269516,0.27679821612529243,0.43159479247143373,0.26147849897203734,0.16302492877362312,0.08961725237483838,78.435,0.496332167431276,0.7603872920533833,-0.18448472664894586,0.00970944157475723,0.957852780880063,0.03243777754517998,1,0.19745690389176315
BOT,43.0,0.6785452978198814,0.2553088181460284,0.32972192256841437,0.18186522055072907,0.23606447797553884,0.3175802055968593,0.23291892690144939,0.2895563505907363,0.477209014969942,0.2825029702075663,0.15529443284738587,0.09291988297389757,78.685,-0.6911269945579587,-0.06516207805895165,0.4710633688509996,0.44744797389507596,0.5321780931166813,0.02037393298824296,1,0.7748470600543347
BOT,44.0,0.7017196649778764,0.2438757346213023,0.3452239492141866,0.17560759094657288,0.22532326496739688,0.2777490630135887,0.224933110718405,0.28152256810018533,0.4927062828865646,0.2827716262393812,0.16794297839652414,0.1086664574009608,78.606,0.10843198921107147,-0.19454834683866765,0.6937834748119548,0.4626915265625012,0.5328679648002647,0.004440508637234146,1,0.7160786626518135
BOT,45.0,0.6940388890814041,0.24390160491082508,0.2875277362468238,0.15983678563235876,0.2583409747442796,0.3120906339474514,0.28300404200471924,0.28065961627261365,0.4577819034968893,0.2774935568413682,0.14204597545009445,0.07277580296752914,78.202,-0.15656913588857863,0.7463174271134583,0.191865232181207,0.005190801997622947,0.9680480174282072,0.026761180574169777,1,0.15564107287693768
BOT,46.0,0.6951670660518168,0.2514921370674605,0.30399043441177714,0.1624133165500057,0.2504271458495281,0.31617500391915726,0.18593535443546022,0.21993391548535113,0.5108552153579252,0.2456886921719918,0.1462419060638907,0.07207942957927418,78.153,-0.11764492165545849,-0.8263903603005123,0.9546121695758886,0.60757192159464,0.3897840897679548,0.002643988637405026,0,0.6856769901068582
BOT,47.0,0.690714524472734,0.23053982953169633,0.328034829610867,0.1680438872819717,0.2032000439898974,0.27658527527067456,0.2388452377930445,0.2932186551917177,0.47792231506739824,0.2681821533662298,0.14775220634339437,0.07039000361467485,78.343,-0.27126592868833455,0.030856066651182158,0.4813146127568374,0.3238928746024228,0.6631517358300302,0.012955389567547026,1,0.693836002423771
BOT,48.0,0.6773993048880325,0.25014775269315354,0.32775458373466,0.1564961633851656,0.22864369686299718,0.3072920416727097,0.22945590680431827,0.27899986513651404,0.484719803875591,0.27645228033744584,0.15236058140381545,0.08746498779546821,78.151,-0.7306658927616793,-0.12126996218835455,0.5790052144663959,0.4525516686030754,0.5310324793537041,0.016415852043220585,1,0.7623756720072679
BOT,49.0,0.688589032224698,0.24057187694265855,0.3317900268844394,0.14569288651086426,0.2461782429633594,0.2878959760797384,0.24010164353016136,0.2926807132988632,0.4691133773165093,0.2615201572067883,0.1656025745165424,0.10567281188510125,78.383,-0.34459938415066665,0.051212364200846794,0.3547163271856724,0.3561253076113983,0.624910019456615,0.01896467293198664,1,0.736687872969272
BOT,50.0,0.6772278568088617,0.23376282709228144,0.30995374951746624,0.15808857561533662,0.2340631471448095,0.27926483876915625,0.3138619360479178,0.3312810368540979,0.46028729832138754,0.30171222021577687,0.1519014784320725,0.0745803767951265,79.704,-0.7365811719585769,1.2462773161385037,0.22787169498409604,8.197078706149563e-06,0.9414271113147381,0.05856469160655541,1,0.22310352373277098
BOT,53.0,0.7112832696500089,0.24518235724674922,0.34876873926856855,0.18399857129908098,0.2323750076246203,0.2836842772201109,0.21440282967873964,0.29009553418946715,0.3725825270121193,0.2500091024611351,0.18826164427410438,0.15074823258928446,92.72,0.4383942263969496,-0.3651600591163575,-1.0325837649314886,0.0559694915628208,0.0037558535740611133,0.9402746548631179,2,0.24023668014688612
BOT,56.0,0.6763375021207226,0.20679284085831576,0.33269217515898997,0.17713486228554207,0.14942601878693157,0.17710013065239155,0.30893256976914063,0.27583420525143093,0.3165875360022861,0.22201578940309127,0.14985374794491726,0.08831057987548173,100.028,-0.767300072923121,1.1664116774059592,-1.8373198253835363,2.2439100530940607e-05,2.3139520052694374e-06,0.9999752469474636,2,0.00029498383281067905
BOT,61.0,0.6893378115146576,0.22361028019466672,0.3054797520201655,0.1785876634177609,0.2308207566921487,0.2875617481619504,0.3424728809689254,0.3198447931588264,0.3226046701235532,0.22017166649982126,0.15544205619284904,0.07435289485839265,100.096,-0.3187650990517187,1.7098321143883053,-1.7508441474588852,2.069712460718822e-07,0.00021019143594258613,0.9997896015928113,2,0.0019933559706076676
BOT,62.0,0.6721248559445306,0.2442165223375606,0.3472579532330492,0.1865729875964464,0.11505736403135018,0.15187460765590685,0.25399639128329343,0.2762928073642778,0.3204338218099288,0.21678907810716933,0.18717217407260572,0.13827532920232882,99.577,-0.9126442401511149,0.27633519776045157,-1.7820426509007072,0.0022082528792014906,7.436301643978434e-08,0.9977916727577822,2,0.015711796616172558
BOT,63.0,0.6546982683893672,0.22293912430767124,0.31006086585705445,0.1899818393282651,0.2271703048315898,0.2962046824231187,0.267697177481635,0.2754988444131976,0.314720669350938,0.22717004314033074,0.15667040313980357,0.08662677933849804,99.237,-1.5138940840486435,0.4983154643881581,-1.8641496343950488,0.0008051588540947029,7.331041780504721e-09,0.9991948338148632,2,0.006541310149443525
BOT,64.0,0.6970610912943803,0.24662703841855455,0.31716843875075695,0.18398409827866632,0.23165553145238107,0.2768731349374565,0.18420994279934852,0.2194451919809068,0.356886948636601,0.2094533089346836,0.16632711899318994,0.1053159396725996,97.459,-0.05229751053296987,-0.8543454958293758,-1.2581539039857639,0.001901926116570779,1.2980637838438646e-05,0.9980850932455907,2,0.013974485367526775
BOT,65.0,0.6634514843207798,0.23439320360978472,0.33367739970955956,0.20502092140098768,0.22403918565736886,0.288452981314923,0.2595784317625112,0.28459448920866987,0.34047798693772735,0.21313132077418476,0.1597533162599201,0.09944578163788638,96.44,-1.2118917731714438,0.3667754700167548,-1.4939764830329008,0.010150189399885835,2.3212765730748105e-06,0.9898474893235413,2,0.05672295144208361
BOT,66.0,0.6768119555962697,0.2136794410014767,0.3548427375344094,0.18606722454102978,0.08467880003744999,0.11928628017902893,0.2907993657854299,0.2722071193946618,0.33938029895936633,0.22371496929435317,0.16643923880197686,0.10604463074629474,95.048,-0.7509305411828232,0.872617336201954,-1.5097519851515937,0.0008784128655118914,5.13315272471303e-05,0.9990702556072406,2,0.0076180613754211115
BOT,67.0,0.6776484500673459,0.24040266043939224,0.30369163619361456,0.17742478532045525,0.22783854929733166,0.28145933729879796,0.24028724632082832,0.2852127543767126,0.3748488428827816,0.24549014804998404,0.1715406822903972,0.10809831511644485,95.077,-0.7220699183808188,0.05421950235793184,-1.0000132425935808,0.21790150620999738,0.0010058276086552934,0.7810926661813472,2,0.5319392478323229
BOT,69.0,0.6680724373951297,0.2338849413402389,0.3159554130826634,0.19408176771219737,0.24583175293143247,0.29967123300346554,0.24376607371294962,0.2840854621043453,0.3906284823611785,0.2446857878932769,0.1626553088992544,0.09979439423733362,90.766,-1.05246025476224,0.11058349642918663,-0.7732350133235953,0.37438349891906525,0.003995523438348152,0.6216209776425865,2,0.685421869315112
BOT,70.0,0.6992519281946518,0.2552674757861481,0.3495857861979529,0.17694808331091788,0.20874513641015732,0.2579744773279763,0.2198568594008087,0.29028387359042357,0.3730724768389979,0.24717446522413158,0.17939862660325595,0.13879103206316656,92.495,0.023290457571712466,-0.2767938183493221,-1.0255424155823616,0.1232961790096885,0.0019538551580646555,0.8747499658322466,2,0.3873239844354722
BOT,71.0,0.6605274000425925,0.24151212420989587,0.30762312999890495,0.1730952490123755,0.2570609882522024,0.29028549374026474,0.23618473016118108,0.2860157408546779,0.38287723395442447,0.2409634660900717,0.1627096095141472,0.08125603560260547,91.967,-1.3127781463777943,-0.012249502980842243,-0.884632640038832,0.3238359208465704,0.0004942123198046174,0.6756698668336248,2,0.6337899774856299
BOT,72.0,0.6870904058693025,0.23168073708261863,0.3622325435508994,0.1801304221061282,0.19981521296247096,0.25244428539043917,0.31762885037848554,0.3713681106272088,0.3808042479150318,0.29907396912606504,0.16722470861751415,0.07722103596292616,92.025,-0.39630479459835455,1.3073088974914318,-0.9144247087333335,0.0001499127504522493,0.1407435654996624,0.8591065217498857,2,0.4077581894135834
BOT,73.0,0.6751185034840221,0.23097613386704793,0.3149060592937187,0.16754543160316704,0.24606808911572758,0.2824759384315557,0.2348641338655451,0.2881552251261019,0.4404129266346527,0.28504597104544405,0.1564014791447163,0.07476264402916369,87.23,-0.8093578044042514,-0.033645816562344416,-0.05775427417328985,0.7336347996352363,0.18256429272480437,0.08380090763995954,0,0.7454859595045108
BOT,74.0,0.6851978472453146,0.2566540822735746,0.36173221704174446,0.16624552988092953,0.20208023882147097,0.2754072633193845,0.16481848355250234,0.22057196301542673,0.42886638814971967,0.2474923586424992,0.16978371029890496,0.1020393548727558,86.646,-0.46160160463862304,-1.1685261006209653,-0.22369618655954648,0.4503548552541432,0.08414811192138584,0.4654970328244712,2,0.9234803765245594
BOT,75.0,0.6473651530401141,0.2324628878538719,0.32900517769218657,0.17453740738532506,0.2597484800997647,0.26516116816771107,0.29760003195895063,0.37582189157531004,0.41805670941051987,0.32386831716551084,0.15759743515205094,0.08337987667184477,86.553,-1.7669002704327696,0.9828017933995186,-0.37904826585193,0.00045162798585860197,0.11123257446327567,0.8883157975508658,2,0.3529615876033239
BOT,76.0,0.6918114376948183,0.24805174255542228,0.31204148583281494,0.17615604091565595,0.21471239713696896,0.26345895659423574,0.27468042100278567,0.3835526040190249,0.4508134162621548,0.30866183301621053,0.18115567142031572,0.10032250608493287,84.637,-0.23342037220978254,0.6114580414863149,0.09171711422533782,0.02218707164102353,0.9362192329397945,0.041593695419181814,1,0.2784558230529376
BOT,77.0,0.6563329657653727,0.24329642046339395,0.29186358907488336,0.16756698713198664,0.2714006268379358,0.2970201366618271,0.17902478458600954,0.29293761748959124,0.4772159840082544,0.283434134793532,0.15808175763664942,0.07843059061670361,84.139,-1.457493969050122,-0.9383554778874239,0.47116352488880764,0.8770525295446291,0.1000568199553483,0.02289065050002273,0,0.4318502153732756
DEV,2.0,0.6940302229325758,0.22975823752721292,0.3137087747030567,0.17441405513302546,0.2267713153066058,0.2949310625348544,0.2547563339808121,0.280328120857286,0.44867205868244964,0.2557141852280422,0.15293297022076124,0.10559544895339561,81.764,-0.15686813422165627,0.28864779648105576,0.0609424389975399,0.20571275219952567,0.7527257681549893,0.04156147964548505,1,0.6712929946546607
DEV,3.0,0.7233580259590897,0.23983159490197056,0.3030092080403808,0.17956862602493018,0.2440894859022289,0.30300087177746715,0.2559250211977562,0.2847614215287922,0.46090949395827513,0.27941659752650433,0.16074976657006818,0.10426781450863902,80.58,0.8549958888253717,0.30758287774325666,0.2368136245501075,0.09066355726326365,0.9024072112577817,0.006929231478954737,1,0.3447667616574154
DEV,4.0,0.7009529021446785,0.2373133631445544,0.3175692882884231,0.16385423764140922,0.2165521129713591,0.29603268879711725,0.27547936750993673,0.28485523647650185,0.43976926838475405,0.26349766971454186,0.15757217176445953,0.09979099333764317,80.376,0.08197723825611176,0.6244025802968056,-0.06700465523344463,0.027842954958818607,0.9287995531550025,0.043357491886178615,1,0.3043815677543549
DEV,5.0,0.7225549669009159,0.2342884253040351,0.311158113149745,0.1581815704571317,0.2653406628117964,0.28763516146074686,0.31762628350502686,0.32045315662274665,0.4292451360407119,0.2841133972603803,0.1606905215589684,0.08164809321422216,79.79,0.8272888502649494,1.3072673089835527,-0.21825298386936137,3.6629253928607495e-05,0.9859145058277696,0.014048864918301858,1,0.07428139079609956
DEV,6.0,0.7282888873671328,0.23433781183217078,0.33917785295876623,0.15699715818187357,0.23428911544493633,0.29690825209519106,0.3356382739302928,0.3563349414897411,0.426395739777007,0.29600753337982705,0.16899320322010167,0.11818421750168384,79.224,1.0251198240181707,1.5990977469755128,-0.25920328821922706,9.76727827839068e-07,0.9903221711819945,0.009676852090177454,1,0.054525784072215616
DEV,7.0,0.7174622642018915,0.2488411714421561,0.32493614754661565,0.1426552580869145,0.26926706350599494,0.28701233254518804,0.21697618202550395,0.34030514079663277,0.4833830643250318,0.3094979235178805,0.1718881047364742,0.13337269452475783,79.038,0.6515810880245053,-0.3234665802318449,0.5597941653999082,0.44739095112302696,0.5493465017664263,0.0032625471105468384,1,0.707598251531242
DEV,8.0,0.7257829910128805,0.25263530397686357,0.33927605846729264,0.15893294432988697,0.23587168415016538,0.28071422347112807,0.20954342297810005,0.3496087994863274,0.4697862845239865,0.31686370860919516,0.16802259524715663,0.11875790745157631,78.743,0.9386617158516528,-0.4438922121070384,0.36438706175369656,0.34793396046566316,0.6471253189153531,0.004940720618983794,1,0.6752039785048761
DEV,9.0,0.7223682051678425,0.23414059227415648,0.3004074853132513,0.15322696238028027,0.24260347816546288,0.3134265911100996,0.24580296402064364,0.29077412872900504,0.4758480513462569,0.27631985306488654,0.15915104603222832,0.10591476302678836,79.454,0.820845221384598,0.14358521231962515,0.45150418176673773,0.17591375068797568,0.8195329767031918,0.004553272608832435,1,0.49335094630147763
DEV,10.0,0.6959567870206869,0.23752803495005656,0.3531127160132963,0.1577040460447138,0.24485891796002474,0.2878654265202173,0.2944120284499559,0.3278960761152204,0.42806338992627674,0.2905132743416377,0.14440638649246135,0.06691544519851982,78.957,-0.09039807210716251,0.9311497306133425,-0.23523653356612031,0.002807986368203368,0.9107330206094546,0.08645899302234202,1,0.3133152298116838
DEV,13.0,0.6822042818181492,0.2298508056169591,0.33694205378773784,0.15327525627987676,0.21791918169824914,0.2904363520040922,0.2920493896819328,0.3309444965732787,0.42395508913412777,0.2756474082824586,0.1466906086193007,0.10258883799183108,79.419,-0.564885207356756,0.892870235110069,-0.2942792753364584,0.005036356732413432,0.7477590238801912,0.2472046193873954,1,0.5894802818563987
DEV,15.0,0.7319637114664042,0.2519167857153991,0.3461236497983889,0.15073850424949947,0.2304173711160753,0.3008569902951179,0.24602903494455586,0.2913702385252756,0.44718584784750137,0.27676405392752207,0.1536839045966316,0.09486547435951606,79.081,1.1519081243118274,0.1472480155515215,0.03958325256410719,0.12930821641696483,0.8612467852083197,0.009444998374715515,1,0.4371904285956364
DEV,16.0,0.6911608768586343,0.21823390711635915,0.35731290215105094,0.1625200139308292,0.22252300856948848,0.2933518638581845,0.2313394270033132,0.29564198905366695,0.4647703147582912,0.2621886182788744,0.1481133989953839,0.08468563017745254,79.004,-0.2558659370665483,-0.09075315023911215,0.2922996897263778,0.525903834055051,0.45804118464076904,0.016054981304179962,0,0.7619369653612502
DEV,17.0,0.6866939771608205,0.20674213897613272,0.3206938480567593,0.1494165544646536,0.24969315066547493,0.2754743215900662,0.3675973959644408,0.3912993729460167,0.4172841339330117,0.33022312888672567,0.15926720000611327,0.08464276928909625,79.182,-0.4099823260333989,2.116899742249793,-0.3901513901664349,1.0398774861131407e-10,0.8945836241905709,0.10541637570544128,1,0.336823550076499
DEV,18.0,0.6530735121636555,0.22345561045524998,0.3233552461260736,0.16098071628644534,0.24468204775822128,0.3104073337374028,0.23090523022690276,0.28203550408403505,0.463717111354671,0.277046003665826,0.1340945760144261,0.06133481322462242,79.281,-1.569951210780333,-0.09778801048736166,0.2771635008887868,0.6202011844236914,0.27107817743498686,0.10872063814132173,0,0.8913767457382455
DEV,19.0,0.6893022241252108,0.23055372602175572,0.30568337754711067,0.15859229266603347,0.24693499123323046,0.29257172740023374,0.21424865786910557,0.2945739465414196,0.4720440947624254,0.27781214830641304,0.15371161577702594,0.10251654456536712,79.234,-0.3199929305064915,-0.3676579522236295,0.39683534478334387,0.682382491396711,0.307995549588406,0.00962195901488292,0,0.6681813285719465
DEV,20.0,0.7127097463367307,0.23432437875094578,0.29791595850793035,0.14023436380358323,0.2575297406211172,0.29976631857365404,0.23103357998813162,0.28795478540275615,0.46150415452583293,0.2814708063389831,0.16748412961052353,0.11259151495058775,79.188,0.48761033841543944,-0.09570848645080433,0.24535983187709157,0.3886696520782497,0.6025033384723233,0.00882700944942708,1,0.7143195463992285
DEV,21.0,0.7100637833316206,0.24020370643832198,0.31872821216970665,0.15784234353938975,0.2499591430319414,0.28218213804879766,0.2829422052139211,0.33976873559563947,0.43934962324652965,0.3031920519528459,0.17003605896493962,0.11074909989364443,79.398,0.39631966898603,0.7453155468483366,-0.07303561566816022,0.009243837869719187,0.9654233923339229,0.02533276979635784,1,0.17038265525439117
DEV,22.0,0.6774762704346753,0.23687342144036497,0.32408875270689164,0.16584635632689038,0.23716384053023587,0.30788701526952295,0.19558424249954343,0.3007300654780084,0.4635286537033094,0.2987119839149402,0.15685150162413544,0.10364283255732833,79.578,-0.7280104375408563,-0.6700589852889566,0.27445506813107623,0.8491872118636439,0.13339427037696344,0.017418517759392717,0,0.4780858167428387
DEV,23.0,0.6737251142815119,0.23815941778947297,0.3280233051175572,0.16301934106069788,0.21253003074529173,0.2822594526382188,0.1555381829639256,0.21922800268885284,0.4874277794034214,0.2513577977371917,0.15517022246979018,0.09340908655255684,79.699,-0.8574323363713277,-1.3188856178935495,0.6179230804891642,0.5344585505850201,0.4422502946499486,0.023291154765031057,0,0.7832290477884154
DEV,24.0,0.7157833163078029,0.23004644183682252,0.3036678531274148,0.14673738404663916,0.2693989594529621,0.29852210067563406,0.23901372822071495,0.28307002096987777,0.483312810252119,0.28596953763382016,0.1686869896366591,0.12737898647127996,80.198,0.5936542474404023,0.033585950142322955,0.5587845039132825,0.26724502490633123,0.7283522228740913,0.0044027522195774025,1,0.6074071181171063
DEV,25.0,0.7048587766250383,0.23777087401563687,0.3378573888218128,0.1597261766883626,0.23543196688414877,0.2780111745336154,0.2352340291284674,0.2942291177921073,0.48587683717530356,0.29776782277933544,0.16933773886340384,0.12502537991755108,80.132,0.21673720856962267,-0.02765277003938273,0.5956336021601989,0.3351655307492341,0.65919512437738,0.005639344873385964,1,0.6702903431637343
DEV,26.0,0.6775106815523021,0.2282702871174481,0.28761769035184387,0.16310550330195897,0.22294671282708492,0.2905001212174022,0.2646441069550692,0.29755477975624584,0.46860263803544594,0.29735196726155516,0.14646955825517463,0.07107022777703864,80.163,-0.7268231896625229,0.44884958705023487,0.3473762006931282,0.03786326834714352,0.91585428818412,0.04628244346873634,1,0.346683142790313
DEV,27.0,0.7062382779400008,0.21981196414019163,0.3124171956736601,0.1413546009851218,0.26994137391949846,0.2940138043701288,0.25659369861264797,0.2776587484102513,0.49180948439544964,0.2811524718190355,0.15110585572103022,0.07254644675995031,80.154,0.2643325824574908,0.31841679549781393,0.6808950704789233,0.08019270690155189,0.9124253312016714,0.007381961896776923,1,0.32221092395734324
DEV,28.0,0.7029164082960296,0.2524651773673624,0.28422564965537256,0.160196176174624,0.255470390689018,0.3110465402514889,0.2400689955376091,0.2874469169680809,0.4474672356395416,0.2845308358616964,0.15825993367176486,0.09589603485882688,79.973,0.1497218706033604,0.05068340111896999,0.04362723755530028,0.4131802187588521,0.5613769898996377,0.02544279134151041,1,0.7827249657366189
DEV,29.0,0.6741761589124394,0.24078342029712635,0.2846098943267072,0.15550337287831192,0.2889018537065697,0.3068717905952709,0.2179072373646269,0.2952605486761606,0.4754178982188785,0.29098755344081123,0.14981884376222482,0.07220481786072391,80.009,-0.8418704535255024,-0.30838161288532306,0.4453222050064083,0.6981828392442005,0.28529431466249067,0.01652284609330897,0,0.6764583632138869
DEV,30.0,0.680909068811681,0.23178551760526586,0.2935623267334068,0.15263176314693735,0.24907905181089918,0.274667862266143,0.20046614736432664,0.29532034905127535,0.49422137383310405,0.30113988891527244,0.15653864934369616,0.09971287599985708,79.267,-0.60957247705244,-0.5909623168315764,0.7155577138564903,0.6954596933282614,0.29875168891279624,0.005788617758942429,0,0.6433353747307435
DEV,31.0,0.6764491999511395,0.23228900322686502,0.2927684299420974,0.14214096298770143,0.24582798631284636,0.3115300050967887,0.22298708332159836,0.3471141687186878,0.4994923292006586,0.3234178797036175,0.15647771718634335,0.09266588459914385,79.067,-0.7634462889915712,-0.22607790099376038,0.7913096298905432,0.460139733304133,0.5285999277138396,0.01126033898202751,1,0.7446859826275375
DEV,32.0,0.6886011204181144,0.22892292846773557,0.28280923260001745,0.1422150427007286,0.29162548322337384,0.3105797685069815,0.2609548415460451,0.32164726052330345,0.47460486248113104,0.3019750079041644,0.14020524407751594,0.07059943861719786,78.941,-0.3441823188829209,0.3890760742532341,0.43363760313752503,0.05517682475857909,0.9235783903055967,0.0212447849358242,1,0.3151104293713118
DEV,33.0,0.6632584167288754,0.2185231691838501,0.2997204173428676,0.15978438581726784,0.22456539238171933,0.2999306134353018,0.17531636611379145,0.2976464659259346,0.5046414798695847,0.2850931463920537,0.15059657369312787,0.09324287710147397,79.071,-1.2185529659681826,-0.9984393087941297,0.8653110208945702,0.7102379470455127,0.2806732392508635,0.009088813703624113,0,0.642348864209578
DEV,34.0,0.690826627958914,0.23018407301400506,0.2921961458001912,0.1630142321367405,0.25853720645033873,0.3030394135182514,0.22493389540522582,0.2922789561654893,0.48089304952636197,0.2821416408944352,0.1533783945838954,0.08193482046816379,79.328,-0.2673981488747149,-0.1945356333354289,0.5240087377498354,0.5254073450938525,0.4660477309936404,0.008544923912507336,0,0.734649071506931
DEV,35.0,0.688995121584994,0.2274361302242664,0.3222692581364499,0.15771535109054385,0.24514405469886388,0.3090923095119296,0.20595263107551678,0.22059830596259658,0.4777194979362017,0.2246289068933652,0.1465327557128185,0.07383032377247643,80.911,-0.33058854217064587,-0.5020702562280777,0.47839981169681733,0.7026294297110821,0.2899443591836262,0.007426211105291719,0,0.6433550512811961
DEV,36.0,0.6682987444486728,0.24015606986334673,0.29879348098366887,0.15320130803345908,0.23926673301942583,0.3091540034433249,0.2482604588049272,0.295138734731771,0.5179474454042836,0.27309007487768433,0.14421604903317836,0.06596509913384983,79.072,-1.044652238408781,0.18340156588899148,1.0565386662927794,0.040116593341042124,0.9266034763279768,0.03327993033098152,1,0.31289311150188603
DEV,37.0,0.6952514223537692,0.23414470915900842,0.29913675067532824,0.14839540353320857,0.2336840941737075,0.3095158705478718,0.25234323057064356,0.27687494933129847,0.46173784913373095,0.2631596599136127,0.1620186058219322,0.10865690731166339,79.096,-0.11473447156187905,0.24955067237190948,0.2487183908252609,0.1772118761265307,0.8010689260087064,0.021719197864762986,1,0.5675077333541881
DEV,38.0,0.690988908713927,0.25270414208181724,0.2853426929957046,0.12779127619191014,0.24508753028642732,0.28772124982329295,0.21756990402017226,0.28661588612527095,0.48571462129208404,0.277093452908562,0.15130204479042197,0.08495548968660063,78.75,-0.26179915949654287,-0.313847090899535,0.5933023048700198,0.58643516453997,0.40716283354948196,0.006402001910547877,0,0.7111668189614264
DEV,39.0,0.7036904301005313,0.2269012140996923,0.2760975118848759,0.12975107943126118,0.2270499568912227,0.295030876854795,0.23952830255776997,0.2838481837971369,0.45100047483845784,0.2829051180729512,0.1544127207158561,0.10630410136937961,80.38,0.1764270696365492,0.04192308838283308,0.09440544007472369,0.39536865206161254,0.5839891024251389,0.02064224551324862,1,0.7610894992813666
DEV,40.0,0.6893526327326618,0.23092929267974252,0.2871440385863316,0.15477535978712012,0.2344164508475206,0.26495248491273665,0.21578251826962888,0.3042660543584145,0.4774286647938284,0.3051834941883838,0.15563959931693894,0.08682109756030626,78.413,-0.31825373932720563,-0.3428063316123205,0.47422008217062994,0.6449186495699661,0.3468460455830208,0.008235304847013009,0,0.689671630308138
DEV,41.0,0.7119347965881533,0.2507224164027066,0.29048466585230925,0.13887690733801517,0.22138271654534067,0.2857016571697243,0.18537821250765246,0.22641604271103918,0.5122001941547498,0.2556650738136911,0.16171697450569425,0.09200695602504888,78.207,0.46087312357715465,-0.8354171790460826,0.9739416295655883,0.517030391791524,0.4810561334625271,0.0019134747459490832,0,0.7050601708708969
DEV,42.0,0.717396191032444,0.2201227216832118,0.28951236911292416,0.13846727280645824,0.2526633035444063,0.2954976852763265,0.24001514429362764,0.28793821485058896,0.5098892163402778,0.2843512205814391,0.15927734847291516,0.08308072756666425,77.814,0.6493014401766191,0.04981090275835132,0.9407292448741846,0.3042613032084529,0.6919869451049294,0.003751751686617374,1,0.6377678598909018
DEV,43.0,0.6950817568234297,0.2271702693203763,0.33105361925688565,0.14761121673142516,0.24688815278778548,0.2966643937786513,0.3169821315237932,0.2815877837244234,0.49075310696513813,0.2637690863195651,0.1379857941075923,0.06485405335332761,77.561,-0.12058824949221429,1.2968307525354033,0.6657132658873295,3.2676355076777475e-06,0.9772748394550999,0.022721892909392073,1,0.1084955712940258
DEV,44.0,0.7066152493323746,0.2595392080518063,0.30788028176817855,0.16125452537952034,0.2486172020636754,0.2932524240682694,0.22869654847358842,0.26071590472187156,0.4965061709940374,0.24866215408581233,0.14770000492091187,0.07579189478910428,77.646,0.27733880011778234,-0.13357309299275943,0.748393841393302,0.41135262282350116,0.5847433873777073,0.0039039897987917563,1,0.7008198317493721
DEV,45.0,0.703251586397017,0.23473662558319147,0.29097548177767,0.13281925062638553,0.2275167554785562,0.27641074916069563,0.28833837301402115,0.33164567291541536,0.46714562240764895,0.2967365318714985,0.16851464913173803,0.12164222863623189,77.746,0.16128614159207835,0.8327443082123411,0.3264365952894143,0.0019497102481319925,0.9848617944061537,0.013188495345714242,1,0.08427459790629586
DEV,46.0,0.7367027007875026,0.25675357850982367,0.28958763742994725,0.14996846500611782,0.30175825375701815,0.27060717721949984,0.23324573067509477,0.342116387143181,0.49174794583342246,0.3101628831141544,0.17723606327479485,0.12192496857861318,77.785,1.3154121138635981,-0.05986720024985743,0.6800106645869224,0.28291987221832576,0.7148878629668561,0.0021922648148178093,1,0.6105726012425584
DEV,47.0,0.6854639793610697,0.2396655067608593,0.25868039467240217,0.1312316306645021,0.2753590812907061,0.32366640682611,0.22130380904439603,0.29047421080998354,0.5297189112894237,0.3143306526156538,0.15119518218123917,0.0744611987864378,77.579,-0.4524195491990621,-0.2533503266379297,1.225713139068207,0.43488215504605005,0.557581591707818,0.007536253246131987,1,0.7246644877754672
DEV,48.0,0.7083048518039452,0.2456644872453486,0.30892549823766696,0.14969647067652264,0.229297537248186,0.28993161104382476,0.2351386378329547,0.28950274938641957,0.4860567100154339,0.28954360894040815,0.15204479863833895,0.08294965204991925,77.608,0.335633243540223,-0.02919830070494659,0.5982186576828148,0.33023904803991894,0.6647856414032224,0.004975310556858615,1,0.6636957088641108
DEV,49.0,0.7127424349576181,0.2407404944222642,0.3023319912986123,0.18355926524031976,0.22725280284677782,0.27594254982767497,0.20964255702714296,0.25076588586032633,0.5202957915961011,0.2746150472559819,0.15878389445676616,0.08260403087390956,78.016,0.48873815693662687,-0.4422860413136358,1.0902880933200805,0.6193735282593749,0.37882979470354483,0.001796677037080415,0,0.6757851978254176
DEV,50.0,0.7041786553626882,0.25072482695328374,0.29181134286010435,0.15128381487778292,0.2341215215613852,0.30104747281298316,0.23411209046081657,0.2890450612617779,0.49416181498943573,0.29447939989880995,0.15602735930795986,0.09016076116029596,78.497,0.19327175375668637,-0.04583043086699329,0.714701759629972,0.34299924328944253,0.6520236508938388,0.004977105816718681,1,0.6722654441343392
DEV,51.0,0.7082311610021577,0.2471684097937208,0.3123843735661902,0.17011397793737856,0.22511757396482834,0.2711666418858268,0.3212502014995151,0.34683442935215836,0.4306331608452963,0.32409640190062877,0.1630784693227541,0.08716713765453686,84.546,0.3330907731379603,1.3659820623566707,-0.19830488506790234,1.599463497635777e-05,0.9733734924794243,0.026610512885599225,1,0.12294713184763179
DEV,52.0,0.6957617613536881,0.2191217775480755,0.315519848582811,0.1967963380311447,0.23548805335585765,0.28140339930871233,0.199469126798957,0.22301174510675448,0.4600178506928842,0.2467985919625866,0.14849172323796095,0.07006178927188478,89.326,-0.09712682215463231,-0.607116053393121,0.22399930891617353,0.7217653908271471,0.26342476246247387,0.014809846710378924,0,0.6491265801338433
DEV,56.0,0.6828664869987446,0.22263407400466378,0.2846978606486439,0.1730491299128206,0.2155840887980569,0.276103119230198,0.24877594531510724,0.27751192764264065,0.31735684631895883,0.21301642559630976,0.17344114924731166,0.11393620035359292,104.129,-0.5420378908525457,0.19175348316703816,-1.826263626563974,0.0013250510703361926,8.718636150708167e-08,0.9986748617433024,2,0.010105868680355883
DEV,61.0,0.6647068486374617,0.2038319059787917,0.3025386864792473,0.17702189480437905,0.2249249813570406,0.28247420343704366,0.31030038938150634,0.3132013149553696,0.3531577292281668,0.24102032300713772,0.1579694741297384,0.07066374145481814,101.415,-1.168579357757341,1.1885731036085154,-1.311748650251151,8.133115306102979e-05,0.0003844398677001695,0.9995342289792387,2,0.004254685186444992
DEV,62.0,0.6864294559152357,0.23754188201708207,0.33448048731031954,0.17327854317068428,0.18286573274124263,0.2647207284641786,0.286074581310627,0.26467437986984665,0.2937421257335274,0.20585506177541416,0.1657042875162847,0.1001728413453726,100.276,-0.419108803441093,0.7960663337783012,-2.16564429026046,2.869996785367047e-05,1.2380452953713854e-08,0.9999712876516933,2,0.00032909925036040777
DEV,63.0,0.6802879435909027,0.2235138659425735,0.3196792599965108,0.18876819191934457,0.18263972681682636,0.24354739877239315,0.2858677664281087,0.3003882667645832,0.35805611917739444,0.24182211273034387,0.163644089175696,0.07248409944629633,100.486,-0.6310024581575536,0.7927155171098712,-1.2413510850545224,0.004851006706477851,0.001166974567603385,0.9939820187259188,2,0.03972973774274703
DEV,64.0,0.6792247122801127,0.22983689009741126,0.2714603788011135,0.17948908837389918,0.2604211188001302,0.29159527116893336,0.23638345381231107,0.2777053877372878,0.32747500924303213,0.21905149769423687,0.17124425453791609,0.11864478232018193,98.636,-0.6676859257392512,-0.009029780519338006,-1.6808497167894223,0.004205520958158158,2.0620081677457013e-07,0.9957942728410254,2,0.02720995197129243
DEV,65.0,0.6712004699144009,0.22642553496664064,0.3027729425527417,0.17392814371936086,0.24052281242004858,0.24539964925422098,0.29893467691198455,0.3294508598831199,0.35944501904957327,0.2632868889549801,0.1780392744780025,0.08355770784619142,96.475,-0.9445372860246837,1.0044257234600908,-1.2213904101558826,0.0007911462597855638,0.0011195095578823517,0.9980893441823322,2,0.015166133701911583
DEV,66.0,0.6934570242265032,0.2362254500777022,0.3094680089516913,0.16086818290994775,0.20501788880839564,0.28713801997900035,0.23406742831584984,0.21813358219901302,0.3690161868878117,0.2049168784915668,0.1574490610265491,0.0847456334124445,95.654,-0.17664456098664616,-0.0465540473590951,-1.0838376797926124,0.1311794876481463,0.001322492208700942,0.8674980201431527,2,0.39852403931944264
DEV,67.0,0.6847888971237799,0.23628188737624575,0.3009206342238388,0.1442904756815517,0.239102065495868,0.2683621208414997,0.24228968872749077,0.2770678480879848,0.37520247743141416,0.24022715270557246,0.17850791361339616,0.13452185095559072,94.011,-0.4757111482286294,0.08666309303241163,-0.9949309581182365,0.20736072996791652,0.0022451341408907476,0.7903941358911927,2,0.5258520379182414
DEV,69.0,0.6938039259150319,0.24201131346707125,0.33672559666192436,0.1800301086400164,0.1885550176982364,0.24628994085787742,0.2764121960266119,0.2859460591476624,0.39370103025246583,0.2527006490375203,0.1765226612109874,0.1183294212667682,91.939,-0.1646758043143817,0.6395162766826774,-0.7290776692291812,0.07537705602781329,0.20282382936062446,0.7217991146115623,2,0.7537699844548937
DEV,70.0,0.6157547438689759,0.16271561090961462,0.3188650973507014,0.1457602391887782,0.1414501797388291,0.1786099589571669,0.3714637645167525,0.37367092325018186,0.4175349738010045,0.29743302418500334,0.1908240199388714,0.14761203477006776,91.636,-2.857518472046917,2.1795426818372317,-0.38654642687360424,7.657663513746485e-15,0.01733716146268123,0.9826628385373106,2,0.08748652583865936
DEV,71.0,0.6757098673336231,0.2398378909764505,0.34286679479898485,0.17040328889426481,0.19783773482275596,0.24635631247730444,0.2869435147601541,0.33383142012244965,0.3638655506094352,0.27660462147763193,0.16671358269835976,0.07161941094160482,90.107,-0.7889546462337983,0.8101448016863038,-1.1578604213402304,0.005207777388513172,0.00189522951776077,0.9928969930937259,2,0.04633822780927593
DEV,72.0,0.672136134759748,0.21452864340380948,0.340391710787753,0.1466914559235511,0.12130642332075306,0.18621298523691612,0.2746188200134511,0.28118825084214233,0.39642490621621074,0.26970707637110697,0.15615754033878854,0.06812531643653008,90.085,-0.9122550999441003,0.6104599816787201,-0.6899312889424307,0.06267276644250212,0.05474621386444982,0.8825810196930481,2,0.4428716347183494
DEV,73.0,0.6873606452412305,0.21962728997914463,0.32921552208936217,0.16678298612035952,0.21234603132902113,0.2628573541665227,0.219270294292586,0.2909101861130185,0.4476317368233225,0.27541377755410823,0.16669915412180036,0.07726105962757171,87.595,-0.3869810311436693,-0.2862973517402416,0.04599137820767234,0.785696968349786,0.18510994475114925,0.029193086899064795,0,0.604905268443784
DEV,74.0,0.6816271077323177,0.2253112281619699,0.3214893751740253,0.17169429552427132,0.2436087114060527,0.2721966932050611,0.2173904179871,0.28793478373451853,0.449979511972271,0.2886356184571807,0.15959184092983247,0.07138300401669535,86.478,-0.5847987921540874,-0.31675512529263833,0.0797325984511084,0.8195056224781203,0.15116434560011055,0.02933003192176906,0,0.5522438224866741
DEV,75.0,0.6973425390114778,0.2491390440345345,0.31325771309037415,0.15690738297283396,0.25616765442004474,0.25139968728444884,0.18954876167679857,0.34853224165610575,0.48151223553607136,0.3014745425859923,0.1749977487117711,0.08149669425738706,86.435,-0.042587038219643235,-0.7678459022486186,0.5329074142413284,0.6197863568861638,0.37404412691833466,0.00616951619550156,0,0.6957130796165255
DEV,76.0,0.7130243801029877,0.2454735487722075,0.33022046011977507,0.15375842248885654,0.2216158112810116,0.259641619032704,0.19443366144872468,0.28897444699410213,0.45659486156794965,0.281793454067987,0.17948651259849183,0.09240281346277676,86.282,0.49846579145511966,-0.6887007102775888,0.17480557330353094,0.4655457342161477,0.5171172777653018,0.017336988018550496,1,0.7672620053961287
DEV,77.0,0.6898602396647227,0.23888177689115972,0.3061407723471171,0.15906179983457075,0.24187580982064455,0.24746739114867844,0.260694123585358,0.38499384412505905,0.4310352825061354,0.31421389906715674,0.18645900139449736,0.09462034156499739,88.038,-0.30074035136775573,0.38485191940619606,-0.19252576455497555,0.22279064800851897,0.6405075166832985,0.13670183530818267,1,0.8918979939462864
GAS,2.0,0.7204992729779852,0.215705501292234,0.27754208628273175,0.1505435562193611,0.27696677007814335,0.3000921201158233,0.24086414217014882,0.3465043436608663,0.48595895663797856,0.3181248285837492,0.15529574572115715,0.07869034736749468,80.636,0.7563635674836419,0.06356637432532901,0.5968137879533874,0.23954469623377417,0.7566858937156108,0.003769410050615212,1,0.5743188475083592
GAS,3.0,0.6855079213950321,0.24227762158431287,0.27739097873590257,0.15442176793673432,0.27409362073824434,0.31270451426325496,0.24193814991121182,0.2889287796623217,0.4721884311411748,0.2870457761483073,0.13645124700586855,0.0565598947499044,80.282,-0.4509034668922533,0.08096745783032121,0.39890968548275213,0.3072435025457009,0.6719083822047581,0.020848115249541336,1,0.7104481611103358
GAS,4.0,0.7173606425409502,0.24250158346024137,0.2993401070327255,0.16387576221792863,0.2577502000040479,0.2780867449987507,0.245456437504239,0.29197450005720454,0.4444315735203113,0.2618389882845546,0.1671829363870114,0.11529543634444031,79.577,0.6480749507739305,0.13797078644716096,0.0,0.23065849490986223,0.7511726124906044,0.018168892599533398,1,0.6260809030817768
GAS,5.0,0.7323548166613076,0.24056472747029942,0.29571554866994815,0.16057982505073137,0.2502192140996709,0.28013986313779116,0.3079848434329956,0.3693542367977308,0.44438540146558086,0.3175187914666836,0.1653764747132177,0.11931186123700954,78.893,1.1654019845778643,1.1510566064091547,-0.0006635650217398274,0.00015252772531446478,0.9938404050554578,0.006007067219227917,1,0.038206083603168225
GAS,6.0,0.6997278773312936,0.2012974305826196,0.26127521153645156,0.16941000133857653,0.16706877810140738,0.21659677142722716,0.366661889229983,0.3352713149613554,0.47310242570776867,0.3070820735769387,0.1793269636507229,0.13809855587864783,78.842,0.03971159241542315,2.1017426533542594,0.41204522445741065,1.5207157914108573e-11,0.9728368213911428,0.02716317859364975,1,0.1247384079539576
GAS,7.0,0.6983007512413897,0.23595277556059138,0.271340849108814,0.1501960534848648,0.27094259124101777,0.29231101554067995,0.24468407579711618,0.2869668603974696,0.45687473835778236,0.26558699791769036,0.14193400791366068,0.07696449582419458,78.604,-0.009526925226694334,0.12545697481634302,0.1788278428172878,0.3137299637626296,0.6653078779590053,0.02096215827836537,1,0.7158189199085341
GAS,8.0,0.6880345877530585,0.23771327850706697,0.2916998077919313,0.1377910875146678,0.28148396186798563,0.3094971741918039,0.2742959060833076,0.33920192891401335,0.4414451995295576,0.2950386383870127,0.1485119778661932,0.10279443026033794,79.317,-0.36372875477287736,0.6052281271505667,-0.04291888965449782,0.03440584840043283,0.8836627754850725,0.08193137611449455,1,0.43020461743801575
GAS,9.0,0.7278575924287581,0.2541254776938523,0.2779829517799833,0.16165754110503278,0.32140167635362993,0.28694091152674617,0.24928776202720437,0.3422834658701366,0.4586628565897869,0.31054557879109207,0.15516180178468814,0.07464775726552998,78.788,1.0102393424809384,0.20004594234208822,0.20452591322849858,0.12576477622429308,0.8677868241114881,0.006448399664218934,1,0.4163387680334094
GAS,10.0,0.7143954314192152,0.22479802344433902,0.28963791536389516,0.14525650462753129,0.26068222593670093,0.2830643359480082,0.2773854540359379,0.3820113728186351,0.47364372470320554,0.3316149432989234,0.15322667980972432,0.07505113870739241,78.31,0.5457696245921491,0.6552850120880873,0.4198245420938403,0.009907920240391783,0.9826881764404183,0.0074039033191896485,1,0.09920209854248141
GAS,11.0,0.7351628068992891,0.25670427988604916,0.2767704759810513,0.1541561184352517,0.25461754113118695,0.2925445400148654,0.26668049709610037,0.38614401216656424,0.4572684834917768,0.33105492797295566,0.1751825970999921,0.12656986534902903,78.367,1.2622828963976842,0.48184319923570584,0.18448657946923577,0.029386832572973934,0.9656128211788384,0.005000346248187483,1,0.16393560678831315
GAS,13.0,0.7207139672096382,0.2629010506417479,0.29318603125265796,0.13745123914750187,0.2586429962654204,0.29450733775107596,0.20130147715976374,0.29071388381941704,0.46511240160241696,0.28218965946412244,0.16126253424471748,0.10337766748934943,77.713,0.7637709197755604,-0.577428295642658,0.2972160155317677,0.38253723444533516,0.6096722692510114,0.007790496303653288,1,0.7070993307866476
GAS,15.0,0.6952207879349742,0.23484837224594757,0.30385180315156063,0.1608637758008986,0.2598875238260446,0.28085143546849956,0.22091819846485447,0.2867327165451928,0.44970828846613775,0.25796395552973467,0.1528403122076804,0.10989502475532278,78.284,-0.11579141627122605,-0.25959799286831453,0.07583469022947263,0.70237774079454,0.27492727203659395,0.0226949871688661,0,0.6890526421285309
GAS,16.0,0.7170685937690907,0.24017602271347802,0.26329386216170025,0.1456039436593084,0.2834232896183231,0.31026461065899225,0.2952688102547178,0.30986131100100733,0.4598492406897006,0.3030152609953906,0.1468670457423145,0.07554851176939817,78.298,0.6379987222561466,0.9450313174587627,0.2215761180687827,0.000919737281419059,0.9907775425052877,0.008302720213293095,1,0.05538983249476688
GAS,17.0,0.7172500096090383,0.23907452581135583,0.28454826870889033,0.13997622152439154,0.2879992801252377,0.304400161318646,0.25983344032892625,0.3058977785034864,0.43235870417479016,0.25992926379664777,0.15182346018282764,0.0884865882864397,77.99,0.6442579078312766,0.3709071212041888,-0.1735061143908545,0.11137348695770993,0.8544843794018653,0.034142133640425,1,0.49412917744671425
GAS,18.0,0.7234054997298434,0.23993483253952733,0.30120712778667225,0.16484401645217067,0.2752245321702874,0.293567329306764,0.22615125697977442,0.28900415820673075,0.46056708320652284,0.28902104917552224,0.16023687413739815,0.10178966779458255,78.453,0.8566338226528926,-0.17481192967429637,0.2318926436828515,0.32695248376173647,0.6660866186496261,0.0069608975886373565,1,0.6707459669464538
GAS,19.0,0.7200817626872604,0.22071752490139654,0.28374306276512107,0.1634451858215793,0.2621003205685365,0.2940852590737064,0.2159720493575194,0.2912872610257048,0.45630868916313316,0.3073209988595356,0.15037156624591141,0.0757798948918635,78.109,0.7419586820561727,-0.3397355471467349,0.1706928259040061,0.40631208006051056,0.583623618364926,0.01006430157456336,1,0.7265024146063305
GAS,20.0,0.7352737353578147,0.22975735232883168,0.27682819173040685,0.1658458260434675,0.2590491848529702,0.29350774478350883,0.28928334764115904,0.2773248070134702,0.46526434838013153,0.29240552041649936,0.15340633740983226,0.07978675606939546,78.587,1.2661101355608975,0.8480547959939748,0.29939972962996153,0.0024206833245105507,0.9935532037110858,0.004026112964403161,1,0.04321128151102345
GAS,21.0,0.7184218813934552,0.23465647535712894,0.28635258960711985,0.15428900630884423,0.2643686505708828,0.30079818255773016,0.2281067482342945,0.29373324112585847,0.47425085823286955,0.27637966064543334,0.15959764125681908,0.10158074150000564,77.81,0.6846896748205525,-0.14312904200767051,0.4285500054972431,0.3611381093903893,0.6343152702096976,0.004546620399913055,1,0.6810850363080526
GAS,22.0,0.6826635260226094,0.2329226101348166,0.272415902979407,0.16059797703812567,0.3015906436303856,0.3073731925251161,0.24397832839764555,0.2802941659186893,0.4457953529911282,0.27985789981610726,0.14691896964539586,0.1057520234174239,78.213,-0.5490404238976603,0.11402244882357451,0.01959965523483769,0.4941810701896961,0.43789078845612744,0.06792814135417656,0,0.8926086043601656
GAS,23.0,0.7327017188608389,0.2353871409584029,0.28693548568300076,0.1557778057406151,0.23590316490090713,0.2641429346662534,0.3513734038581975,0.36364828433580576,0.4503242063832832,0.3221129363703179,0.16420701230938575,0.08704225730153639,77.942,1.1773707588806726,1.85403846981087,0.08468639909247448,1.5995840164522702e-08,0.9950283763740783,0.004971607630081333,1,0.031328998364156826
GAS,24.0,0.7097001448576509,0.23321694738007492,0.2934303432586956,0.1513113835068627,0.2656855915951917,0.27998045005911537,0.25088620177594473,0.29107183255610347,0.486578789396783,0.30132721805116064,0.14968388865045484,0.07568068962348745,77.577,0.38377346193216344,0.2259438781595713,0.6057217592462449,0.1358194791509622,0.8579615282281723,0.006218992620865361,1,0.43418358701218374
GAS,25.0,0.7005297429791724,0.2385656467273215,0.2914928502954702,0.14580653428817456,0.2855485169780134,0.3082751446533537,0.2389906380131475,0.289723979074918,0.46015105605081025,0.2833382777732208,0.15018678858623202,0.09619403326638906,77.54,0.0673774560899809,0.03321184238251164,0.22591367934530152,0.3782873731163253,0.6063531568860063,0.01535946999766847,1,0.7352291374571571
GAS,26.0,0.7074121739112664,0.2181545825165365,0.28932911222493374,0.15739526760058656,0.26418128723053413,0.29551117770431734,0.21857191496414236,0.3380066961805415,0.4935934189820914,0.3180529332669356,0.15277018062043543,0.08141942880454263,77.912,0.30483418767659487,-0.29761250017704893,0.7065330153284216,0.5058995011910652,0.49085899269158373,0.0032415061173510585,0,0.7126025022825098
GAS,27.0,0.6773480557779404,0.23942096396766263,0.254891158318899,0.16937761399404253,0.23299305910649923,0.2770470005714773,0.1932210852277949,0.22175618840340586,0.4784453580545165,0.25987737802598554,0.13868713058684567,0.0869413749473305,78.012,-0.732434082853123,-0.7083468815944574,0.4888315628502251,0.7915610003247112,0.19838860168625086,0.010050397989037934,0,0.5521583592305909
GAS,28.0,0.7406340138258369,0.24483642586327906,0.28048130019470663,0.1416847288507592,0.2670392457362083,0.29889514065982353,0.24255065070467857,0.2823791548028389,0.5041718591222735,0.28648713033279966,0.1590779767961198,0.09339000641675343,77.285,1.451049761976209,0.09089120143708512,0.8585618323817718,0.2746306426373592,0.7230015329491466,0.002367824413494396,1,0.6037294421719107
GAS,29.0,0.6893719187757045,0.24473522046155832,0.26123790655568624,0.16122983006636843,0.2837365139269382,0.3007862724665355,0.2850970019919877,0.3331105276428156,0.4448651712129063,0.2876136166342661,0.1576696803165767,0.11034936481564488,77.373,-0.3175883347933512,0.7802275844788222,0.00623148057830234,0.006068210142030542,0.9359949689874769,0.057936820870492615,1,0.25791526021806677
GAS,30.0,0.690700171219703,0.2464738191778081,0.2747900223928809,0.1511354872784391,0.27866273076857,0.2857120970074498,0.33330292673349565,0.35448358084077786,0.44997231030156587,0.3042543996222931,0.15350607676005176,0.1141036740049711,77.083,-0.2717611427465658,1.5612604297654944,0.07962909912005414,2.570631623795045e-07,0.965437951974305,0.03456179096253232,1,0.15026233048560853
GAS,31.0,0.7291671110481384,0.24530418540790966,0.28099388402161285,0.1729574445278885,0.2548342801146919,0.28067377317351744,0.19354110434761182,0.22593350290990313,0.4799633673271005,0.26558067318562667,0.15503089925234478,0.0747479180859396,78.015,1.055420182561702,-0.7031619288103959,0.5106477428284378,0.26813562622998166,0.728012464140035,0.0038519096299831366,1,0.605448487362523
GAS,32.0,0.6721972595910226,0.23419773187873502,0.3149838307486965,0.1336571959799954,0.2609225216321293,0.31529401280138236,0.23855162216597128,0.2794640829658416,0.5032336703376868,0.2904518182187646,0.13898266348704483,0.06023695233389072,77.384,-0.9101461790124608,0.026098903504466916,0.8450785844545428,0.1724244898849494,0.8057271884447629,0.021848321670287617,1,0.5606721674932519
GAS,33.0,0.7144889402332546,0.2307701668722783,0.2889353995654903,0.15496024271102646,0.2941362272051745,0.309571376842852,0.2798526806209776,0.29543891877359374,0.5047654598355793,0.28875590178250893,0.15005345644884532,0.06933307687783309,77.45,0.5489958534603216,0.6952590403846808,0.8670928079367705,0.006629308915218082,0.9843305669678152,0.009040124116966327,1,0.0913438920578786
GAS,34.0,0.7076223685247953,0.23220941127042038,0.2532686958476051,0.16113889210452023,0.29517091408213225,0.31182489733959984,0.24531112212820635,0.29049252943667647,0.5186654126391395,0.3208255153638918,0.1520160897273516,0.07754241091530688,77.207,0.31208629473268346,0.13561638536025553,1.0668569843010827,0.2124099314039295,0.7808083054845754,0.0067817631114950915,1,0.5561302003835319
GAS,35.0,0.7096828228850341,0.24775358975479278,0.2830534059382021,0.15524055199377956,0.2923901455961798,0.3009647553819665,0.21052341551402612,0.28897851537899283,0.5160090279356838,0.2977028805565876,0.16672303201848193,0.1261529905390436,77.421,0.3831758214991851,-0.4280143638384213,1.0286805595396504,0.5974950977465616,0.40049978504003,0.002005117213408452,0,0.6866455101126457
GAS,36.0,0.7171237242239392,0.2418986224809143,0.3003204449588923,0.1627740124698581,0.2999233740664559,0.32579380458086943,0.18828919022772547,0.2977185919050984,0.48924545185422985,0.27922310863601246,0.15888459109721992,0.09320077861032144,77.668,0.6399008259965799,-0.7882534906931224,0.6440458914920079,0.3979071166276657,0.5986855478585048,0.0034073355138296356,1,0.6931828143753411
GAS,37.0,0.7176891288523224,0.24861332223629334,0.2767876148075002,0.1524563520130005,0.26258542425543335,0.30013561090725277,0.2538642152977201,0.2985856368453588,0.4824556907620443,0.27334413289143555,0.16002130897144637,0.10048036418972185,77.212,0.6594083425128353,0.2741936812011387,0.5464663492115838,0.10984346734562524,0.8850182416242343,0.005138291030140541,1,0.37779760438745846
GAS,38.0,0.7255411987254115,0.2533909231996754,0.26423514714126717,0.13041448355427882,0.25988459373080164,0.3064593212345616,0.18274334593037342,0.21346190983702706,0.4981482059425616,0.26384727230051513,0.14991688205374534,0.08983837691538357,77.556,0.9303194299832245,-0.8781073120709766,0.7719924653375029,0.2956662190858605,0.7018390384956511,0.002494742418488166,1,0.6237157736301997
GAS,39.0,0.7015935307419017,0.24188151546299275,0.27696645758693234,0.16555699003540958,0.28196228858394656,0.3102862247445104,0.20809556377102248,0.21413047255960557,0.5247866809320212,0.25836226030708787,0.15282826143604628,0.0818211766937903,77.102,0.10408012230368745,-0.46735044057464,1.1548292339996071,0.6305887385708078,0.36706155375685634,0.002349707672335799,0,0.6728677470156786
GAS,40.0,0.7169824754537919,0.24727500618681106,0.29348702208643246,0.15829088564130883,0.275824099022591,0.3017960810219092,0.25468480864387866,0.29455889851120853,0.45408175689181257,0.27618761549333104,0.15880094908894174,0.09292289857222487,77.221,0.635027479408617,0.28748894230048005,0.13868830781056882,0.11978995728153312,0.8687758375656753,0.011434205152791551,1,0.4275309574029429
GAS,41.0,0.7292191671371018,0.2523455732446524,0.28027265709396565,0.14922458123552879,0.2697998414444924,0.30620239734123733,0.18150894591807956,0.22572870385823765,0.48695653907254927,0.2564814501481692,0.16220638244208102,0.107379695493461,77.654,1.057216214932589,-0.8981070726604384,0.6111506160141619,0.19414395140871335,0.8022440336850036,0.003612014906283296,1,0.5153126345674663
GAS,42.0,0.7179559803429968,0.2480666914927155,0.26905166908691863,0.15338377912078183,0.27618529916493856,0.2996460445104463,0.23347007762856,0.2984806775203345,0.48554897239006584,0.2883304421082756,0.17151215520820748,0.10867206079188502,78.559,0.6686152177317457,-0.05623232880333014,0.590921669702047,0.3244557139361322,0.6719115363333009,0.003632749730566936,1,0.652788544220316
GAS,43.0,0.6698876072281196,0.23957051419365363,0.27473895548658134,0.14317233452045006,0.2784238220477729,0.3137117422755956,0.23280548298268747,0.28174915848496884,0.4803756181124741,0.2962429099388995,0.14674559192814338,0.08537171033302642,77.699,-0.9898335026641613,-0.06700009749590269,0.516572434786716,0.4210661688889772,0.5489419930675111,0.029991838043511812,1,0.7986187203530027
GAS,44.0,0.6837329879427914,0.23901354762226043,0.2704100945690309,0.15488755121986664,0.2555172173642996,0.28359358577171123,0.26907653528284686,0.3830207937456419,0.4807367501467128,0.33373924445093267,0.170948884564295,0.14062759386342163,78.042,-0.5121419886458749,0.520663832434736,0.5217624699183452,0.01510895938478444,0.960271971496005,0.024619069119210624,1,0.1934668185358755
GAS,45.0,0.7251711396896151,0.2317114785840542,0.2678179232813775,0.1583337169442247,0.31657365251329606,0.3333783179867964,0.2577468066347845,0.31590318358341446,0.504210765277885,0.3145510457796666,0.1531850319672273,0.07592212754109338,76.839,0.9175517015452208,0.3370994624994636,0.859120975009166,0.10325212755735895,0.8921570627306581,0.004590809711982806,1,0.36096469424759076
GAS,46.0,0.7007680556549342,0.24846749942378554,0.26032179402557415,0.14596045067946212,0.29990134571737775,0.3022897640207963,0.22384444043771667,0.29950075714183366,0.5075050099866936,0.30377744203821255,0.16558223001349184,0.10959387542379168,76.997,0.07559968885052663,-0.21218699294834167,0.906464450940184,0.4713061035496836,0.5248597147315562,0.0038341817187599408,1,0.7142087592833524
GAS,49.0,0.7483153804616209,0.24092914643476954,0.2887925438023946,0.13212748766342491,0.2634255211913606,0.2726207006016185,0.21205572476446322,0.3443902353654382,0.5314599052485192,0.31958619095378216,0.17536680468922045,0.0978103116661537,75.831,1.7160712686863042,-0.4031878749753734,1.2507339595853,0.7086517516838133,0.29015049100813967,0.001197757308046842,0,0.611130324889654
GAS,50.0,0.6998880414223599,0.24805842553700005,0.2972203448496593,0.1546675943814816,0.2561843774694086,0.29422655936661707,0.1978632306029021,0.28978143096801756,0.5028411493065879,0.27855476899909787,0.1587657834650156,0.08675725265242847,75.955,0.04523755293103156,-0.6331347986400062,0.8394374400858312,0.61071288346125,0.3866042855554825,0.002682830983267631,0,0.6844553446912045
GAS,51.0,0.70488049581755,0.2310975535569576,0.3189544783027711,0.15318834638037118,0.24229686524001523,0.280214889495598,0.23474922839985002,0.29045280353902075,0.4937006114712074,0.2949890652517888,0.14284674989274593,0.06616971350113128,76.711,0.2174865613081267,-0.035507515996429796,0.7080735399333119,0.3345237003458491,0.6605202139376428,0.004956085716508069,1,0.666557925034239
GAS,52.0,0.7384732799771588,0.2390574072638817,0.3192486422051203,0.14801311924377045,0.2697867773513637,0.2880855588097843,0.20419803887621193,0.21323953270579665,0.4220245334088848,0.2532941965819731,0.17873494781346494,0.12690768405416053,82.349,1.3765004054192003,-0.5304981755157847,-0.3220243964767111,0.11047363803177011,0.7780494420932303,0.11147691987499947,1,0.6832077903684719
GAS,53.0,0.719498486608311,0.23031738443858638,0.3273470703028774,0.18038056497762825,0.31968092438469164,0.3243356168063687,0.2182023410773789,0.29396030678484153,0.36984283906200593,0.24531899577459937,0.18978247341120852,0.14283835559091182,95.781,0.7218345670906109,-0.30360033976046785,-1.0719573883231774,0.032196079034893896,0.005667440087846757,0.962136480877259,2,0.17707809114725614
GAS,57.0,0.7357060031365514,0.219114079177725,0.27970037042689694,0.1821432864600643,0.24363906719145403,0.29897360426819086,0.2612386739996138,0.21400259633009625,0.28366551647077015,0.19747342937444237,0.1560544784172264,0.08879868758453416,103.496,1.2810241819090238,0.3936747303309712,-2.3104610085880313,7.043549801718946e-07,2.9647887287130632e-08,0.9999992659971328,2,1.1225796308089333e-05
GAS,62.0,0.6938620074848869,0.2339064346707489,0.3131047741975773,0.21404203058048415,0.2637724846592367,0.3093136384701856,0.2941843226208698,0.2139706144646355,0.29822342097702115,0.18973230066216493,0.15238780706990326,0.08439948985990714,100.864,-0.16267188159009105,0.9274604386324682,-2.101241031773672,2.211183410267567e-05,1.4203358301754606e-07,0.9999777461323145,2,0.00026151863400347307
GAS,63.0,0.70688276692827,0.23068113945489294,0.3388820333442762,0.17993422748479218,0.2552859276211835,0.30193179678759613,0.3525095719565946,0.26595916285366095,0.28246541002559816,0.19739589638699653,0.1536874748262649,0.09110971227030609,100.28,0.28656865721188013,1.8724466760090381,-2.3277084251050053,3.2690304830985134e-09,1.7277534984867764e-06,0.999998268977471,2,2.471991693432323e-05
GAS,64.0,0.7121961536055571,0.24544517291316065,0.32894361164516006,0.19304642244694636,0.25666639269804525,0.29563651452439293,0.28975899224013657,0.22666048351725618,0.3107657657317027,0.20672371838596182,0.15131869919947313,0.08621099231381853,99.374,0.46989042919812857,0.8557611942526266,-1.9209878176077588,6.627633335367206e-05,8.815012831072699e-06,0.9999249086538154,2,0.0008153764574737659
GAS,65.0,0.7084327285683193,0.2383476570462999,0.3097239304896923,0.1878540449226217,0.20591572871498678,0.2864867119477199,0.2114067422612115,0.21632656790563748,0.31799393109784235,0.21069598519254765,0.15304516074816885,0.09043978859108832,98.169,0.3400452309344654,-0.4137026955866146,-1.8171077166176244,6.188477134105658e-05,8.154540552906854e-08,0.9999380336832531,2,0.0006629734551776122
GAS,66.0,0.7079714528465791,0.2460211509979192,0.29862416571964934,0.18853179057744474,0.23452157906798116,0.27435659222523906,0.2577892785577856,0.2888014337779394,0.3419349052346718,0.23354567524418213,0.1749918430405909,0.14977423310127094,96.252,0.3241303563319613,0.3377875929947135,-1.473038276426569,0.006342076391734425,0.00022603884360692446,0.9934318847646588,2,0.04053843821353797
GAS,67.0,0.7303208477026201,0.20170383935824737,0.30100238786534383,0.17332089078867152,0.2227580078803345,0.27440867870559627,0.3676875327143386,0.3156639256533744,0.3488926926388269,0.25021157716243303,0.15883309871607965,0.08486372392535471,94.612,1.0952262536705832,2.1183601387179674,-1.3730439318592238,7.488815218316996e-09,0.49767331483141464,0.5023266776797704,2,0.6931364960405033
GAS,70.0,0.6916057796897592,0.236041781381651,0.32764779435365615,0.1905140609542672,0.22059771025670083,0.30510682954078916,0.24079745073271602,0.2879453221084388,0.396849051131776,0.26299801903257275,0.17112402141081343,0.13967280034618262,91.098,-0.24051595779397417,0.06248583902985027,-0.6838356596324304,0.5159196689640142,0.04098350845773838,0.44309682257824734,0,0.8330293086004179
GAS,71.0,0.7107251078642398,0.22591613225786325,0.34056762263718277,0.18014615169840048,0.24067391773789187,0.2754908704814664,0.23160672901108084,0.2782891747183894,0.39925519713728946,0.26817207504299173,0.17182595877211113,0.08668614908999203,90.098,0.4191366014889808,-0.08642232059945502,-0.6492555584049954,0.468035250098557,0.13538934284478904,0.3965754070566541,0,0.9928506979809093
GAS,72.0,0.6921589329138036,0.23729139944369707,0.32322405533331505,0.18421016072132565,0.25260207459498324,0.2630437575901918,0.2750418101181932,0.3798988859073092,0.41356527261683057,0.30535581489841224,0.16912222675311747,0.08268304101803696,89.916,-0.22143113762735778,0.6173132713273747,-0.44359727436035495,0.08249360263341758,0.5864793012895704,0.331027096077012,1,0.8847489187688344
GAS,73.0,0.707505141401743,0.23684048181962453,0.33057991142637777,0.1686990626475902,0.22590109191667493,0.2643027489126592,0.21140857631132637,0.2826191236361026,0.41021365530865056,0.2583031379673539,0.1702218684742564,0.12670369699496728,88.128,0.30804173987002703,-0.41367298028943295,-0.49176528474996345,0.5935716376922311,0.12933621707536908,0.27709214523239994,0,0.9297634263703207
GAS,74.0,0.740549520406138,0.24720890554945066,0.32471917265422134,0.17029634100841465,0.22542460530760952,0.26704518520610104,0.3075463646637633,0.36900530627783695,0.3956865569940518,0.2932156005303968,0.18317441191320222,0.153634546071467,87.856,1.4481345810640793,1.1439523692729998,-0.7005425281544108,0.0003188239007853721,0.9491486583144892,0.05053251778472572,1,0.20294928282628416
GAS,75.0,0.7076281488038134,0.23630754950349767,0.3171170827971473,0.1641142928268616,0.26084414863245875,0.28230952760004324,0.22100507016171372,0.2845144420960401,0.43738900609508646,0.28381078917416314,0.15967744509047316,0.11492744338396862,86.378,0.3122857251631285,-0.2581904968201277,-0.10121276676780121,0.6148578796060713,0.34801007590953176,0.03713204448439685,0,0.7886637820745797
GAS,76.0,0.687414393238826,0.22449060567773066,0.317277979003545,0.1730865110216999,0.2671095839244296,0.30050296393737613,0.2613085789255748,0.27862195258981,0.4183453634910323,0.271457855101079,0.1444688956221143,0.0668760341734063,86.077,-0.3851266247625116,0.3948073305977565,-0.37489985287077265,0.28874749710477754,0.41098545410827325,0.3002670487869493,1,1.0853763299013364
GAS,77.0,0.7128302121176792,0.2418275681451788,0.3317738147609203,0.1508638312028453,0.22644321793645003,0.26390020248928453,0.30201463884197455,0.36577650291916347,0.4023902090733705,0.3075025550305863,0.16454220067142666,0.08216550492886371,85.607,0.491766633029115,1.0543272955687866,-0.6042005077761106,0.0017515078426317303,0.8446721274177138,0.1535763647396546,1,0.4414377835952553
GAS,78.0,0.6780882337520503,0.20305701757913844,0.30395110767683964,0.15345373500306514,0.22541372120606992,0.2642512967160123,0.39473249653523734,0.355813012096629,0.39609116129843647,0.3010805355594409,0.16428425825783083,0.09165839869293334,86.578,-0.7068965592283053,2.5565428964801797,-0.6947277281503305,3.324730570210132e-14,0.6676834807207951,0.33231651927917205,1,0.635807059738539
HAM,2.0,0.6965851964961518,0.23017765932185813,0.29866123373653597,0.16513857777104513,0.24334218833789092,0.31710182954298627,0.19694266579499947,0.2905266802846612,0.43928634895715873,0.2683179352186313,0.15688362329705688,0.1015811570768019,80.527,-0.06871677059985316,-0.6480497983011966,-0.07394496669113501,0.7677154179055812,0.1772786872130955,0.055005894881323215,0,0.66916721784111
HAM,3.0,0.7137447374401318,0.23893070903182678,0.2752432828200938,0.15074623904639012,0.24884254679449305,0.3153599454316712,0.1630449083157704,0.22336023775430366,0.4679668110202165,0.2512155716624329,0.15339727435004835,0.09684934776806418,80.105,0.5233194660564883,-1.1972615832593054,0.33823836678804037,0.1280578069946463,0.8494830423612344,0.022459150644119158,1,0.487023911554743
HAM,4.0,0.7330443616089611,0.2170994176343099,0.2956702776172351,0.14347709855633,0.2623807771681014,0.27913719621890537,0.2290122743901458,0.28902183290063244,0.4388219510688866,0.2667444399236906,0.15596182715120824,0.08638838253636391,79.356,1.1891925741482332,-0.1284576987282196,-0.08061909450775943,0.20645877222220338,0.7753233198977546,0.018217907880042204,1,0.5959902378406459
HAM,5.0,0.7039681222372947,0.2274245236306541,0.2715565124240481,0.16122990493836112,0.24954319644559017,0.3174259621327346,0.22216143755849438,0.28598361605303557,0.4475985818005256,0.281581578985144,0.15179530443534214,0.09728949565308902,78.736,0.1860079674085313,-0.23945502139989028,0.045514888401198036,0.6117538785731266,0.36689428385806594,0.021351837568807548,0,0.7506417668866586
HAM,6.0,0.7027230476227826,0.19508200382643073,0.2644270991675477,0.17585567462333251,0.2427566943259218,0.2842614699340677,0.3508953723586534,0.4141450102845438,0.43491244429410936,0.3609306742364139,0.15669958261900277,0.09679689402932307,78.958,0.1430505659524817,1.8462933989668278,-0.1368048536891896,9.259743543965717e-09,0.9755295017888818,0.02447048895137449,1,0.1149613416678116
HAM,7.0,0.7190069479066875,0.24085652044847644,0.2982043382682779,0.14437426617956958,0.2373044244903445,0.28973474945026767,0.20728868291827968,0.2914230252845453,0.4750249217679902,0.29688981902031286,0.15954834878391722,0.10657531132999892,78.651,0.704875563115497,-0.48042353172690677,0.4396745155392788,0.4336975952037464,0.56183946631859,0.004462938477663417,1,0.7103899624022905
HAM,8.0,0.7132063133846743,0.22599030745322676,0.3344224239986834,0.15855775457055046,0.2410195784573425,0.30150293885748947,0.22202793135581875,0.23777131139551694,0.4736289018830418,0.24727062343439382,0.1545616635275264,0.09227638964157316,79.051,0.5047428297374318,-0.24161809014918414,0.41961151486250703,0.44594178866505113,0.5489658009244167,0.005092410410532091,1,0.7162410488376166
HAM,9.0,0.7017874552294506,0.2082212071390477,0.27233384103321745,0.1647132413079116,0.28889128108494455,0.33811285216600306,0.28714472488946324,0.3420948955613508,0.4468647547043278,0.3105636305265288,0.14305361003787556,0.07540898494194136,78.829,0.11077087960184658,0.8134048100906128,0.03496863924931454,0.004189521879476894,0.9694146377843634,0.026395840336159788,1,0.14898809703626426
HAM,10.0,0.7046629094812947,0.21950184206777743,0.292476149579235,0.1653938447071591,0.18885932683489304,0.2579214400430894,0.24238876941799822,0.32361371312275655,0.5018198333803551,0.30297898328134354,0.13772716195139356,0.06909339712423819,78.173,0.20997942600159714,0.0882683993103218,0.8247595244342478,0.2268312790699423,0.7673724489498176,0.005796271980239857,1,0.5695563868210761
HAM,11.0,0.7202184858296163,0.22396706004592568,0.30838794428905214,0.15318076300353306,0.26962363409183543,0.3280952574570271,0.2081198335353859,0.29783732963188436,0.45796361225075727,0.2696621946597148,0.1648867086916387,0.1089194233277294,77.926,0.746675886026167,-0.46695722162454517,0.194476672670798,0.4057126969783803,0.5839828762896,0.010304426732019756,1,0.7272569331864105
HAM,13.0,0.6781331702986941,0.23715786899239513,0.30103846222194297,0.16993689028032075,0.2780477358123494,0.30451760585249305,0.20261319447808926,0.2914198746355835,0.46794045465388007,0.2844008689515305,0.14931154207300273,0.0975495962134553,78.084,-0.7053461643750745,-0.5561758393349079,0.33785958436427554,0.8183523512256738,0.16766880374311757,0.013978845031208623,0,0.5231584136442643
HAM,15.0,0.6884508322534927,0.22702571532191415,0.30308821092944893,0.17407171355226925,0.22895049984440874,0.28857795230636546,0.18860920880935078,0.2918106812790866,0.4696593399744994,0.26910852274960695,0.1569127432195354,0.09788135875601367,78.189,-0.34936754147640975,-0.7830685466288464,0.3625626689855612,0.7396794042805244,0.24773403766373425,0.012586558055741388,0,0.6237974989684197
HAM,16.0,0.7095504295470721,0.24585664060227772,0.3087079341043721,0.18414475188414448,0.17475163862510856,0.25499544726003526,0.19220034774927758,0.2933193728612267,0.4678063231935147,0.2946549977140546,0.15848542520333783,0.09710840570967405,78.31,0.37860800387391863,-0.7248848798055086,0.33593190438700454,0.4972990281929592,0.49298695339567317,0.00971401841136792,0,0.7410877924207661
HAM,17.0,0.7043020939591251,0.22844585637908532,0.29660885124400727,0.15840507392904257,0.25419294807980075,0.29830307064471034,0.2113430639818966,0.28823581872700094,0.4566626333218352,0.2624768916945675,0.14979582291823496,0.09451266877708223,78.254,0.19753061606140904,-0.41473441166597574,0.17577955996284148,0.6255999729649931,0.3608999927879499,0.013500034247057091,0,0.71936530663661
HAM,18.0,0.6962068019765818,0.23215159808563432,0.3027245496668411,0.15462365415035353,0.24784091922360732,0.30335262416272135,0.2279778002117751,0.29525394518454817,0.4553584875636297,0.2733446259758439,0.13843684973993053,0.07326264934690464,78.37,-0.08177208880847936,-0.1452182590792744,0.15703693493894838,0.5949256112945535,0.38664292743953976,0.018431461265906616,0,0.7499746384739544
HAM,19.0,0.6824858304130362,0.2394515886359567,0.270085780553786,0.17942393507263435,0.176365639088315,0.2581569603979973,0.18233959376888537,0.29593393913135924,0.4717931734146683,0.283400427374501,0.14942417734682897,0.08865272785993424,78.207,-0.5551712545711316,-0.884648908382397,0.3932292104981911,0.7632790906113613,0.22199206039530286,0.01472884899333582,0,0.6024345417358472
HAM,20.0,0.6813376415281963,0.23830072661523158,0.3013272194665732,0.16827404593656153,0.2315785447986769,0.30049612305592205,0.21399156045250853,0.28466578304372,0.47506596798704254,0.28496715627054303,0.14664213389147146,0.08578120780466686,78.121,-0.59478591725765,-0.37182344698132563,0.4402644142430899,0.7102066220791059,0.2784400203215278,0.01135335759936623,0,0.6498755279586735
HAM,21.0,0.6985077743946584,0.24375385525701468,0.2881026691044088,0.1591343718869964,0.2979639406587999,0.3033103650927239,0.19860613144239356,0.293146157429304,0.4791316154263541,0.29454143215963396,0.15706768519037495,0.09133223327235743,78.311,-0.0023842394775786756,-0.6210983122631715,0.4986941602702653,0.637217287958989,0.3569786971527766,0.005804014888234349,0,0.6847608958893545
HAM,22.0,0.7011693425803831,0.23167173954540354,0.2914397037559293,0.16347472156311332,0.2872443911576606,0.29746655675835615,0.22295062675817245,0.28505591309398276,0.4772587176327567,0.2876575085004888,0.15560530897039995,0.09588393441377002,77.393,0.089444837851761,-0.2266685705766922,0.47177767426200384,0.5155414797213006,0.478135546891305,0.006322973387394368,0,0.726379941737043
HAM,23.0,0.7167235168060448,0.23804958407729737,0.3348851390802917,0.17579671668802138,0.23696992306945094,0.2692299120743774,0.2124221411969296,0.28966346359103723,0.48827651234457337,0.29268069557391896,0.16877447520494593,0.1164905675232942,78.053,0.6260929220237607,-0.39725119249612234,0.630120707296865,0.477578337993552,0.519599764718737,0.002821897287710848,1,0.7096889544605044
HAM,24.0,0.6555551773886299,0.216597079919992,0.3185604715295539,0.16301300079954933,0.21435708012499796,0.23874464530574058,0.2874252310963961,0.34438055463750694,0.49205483602122757,0.32161750685836754,0.16779643752363613,0.10053852899437005,77.431,-1.4843291218659906,0.8179495742891245,0.684421159102089,0.00011318200733806196,0.8946091467545266,0.10527767123813533,1,0.337655830072909
HAM,25.0,0.7232997375457793,0.23871012906715536,0.28748128249983856,0.17509041217550284,0.30318639467825553,0.324607346181531,0.19166431256789473,0.22411864532823164,0.49899749140420335,0.2640895308542294,0.1537516815620124,0.09652760768479411,77.643,0.8529848296152417,-0.7335697268473228,0.7841980327333574,0.4074421816006136,0.5903999833976534,0.002157835001733109,1,0.6901849427864267
HAM,26.0,0.71715506860942,0.23331124562651503,0.29330740949303247,0.172577823067145,0.2685904085132353,0.30610554321569877,0.20053661614176999,0.28931495305705257,0.4622357099637742,0.2731591053488916,0.16200252650024446,0.10828774071620477,77.716,0.6409822658836342,-0.5898205810377796,0.2558734337281529,0.4296713410150588,0.5604989846262715,0.009829674358669658,1,0.7328829463083213
HAM,27.0,0.7047636762451901,0.232868482634315,0.3194670119102953,0.16998154845738087,0.25520975924974776,0.3062799281631374,0.2739046640406185,0.31724668676832934,0.5037423368653531,0.31019521663235683,0.15294120098839944,0.07342636405492942,77.322,0.21345606770613992,0.5988892199013888,0.8523889222218275,0.010102031069975908,0.9791751773280658,0.010722791601958265,1,0.11565746221183129
HAM,28.0,0.6619455216164976,0.2336159935285814,0.3060668801693957,0.14057008017116143,0.2679472273263164,0.3229286475363508,0.30141902885622557,0.33280919947986476,0.48039749353148503,0.3000113329698175,0.13589755185437571,0.06756173451502387,77.334,-1.2638503013686024,1.0446772169872605,0.5168868189521231,1.8019784980381994e-05,0.9069924446544022,0.09298953556061738,1,0.30961359971301783
HAM,29.0,0.666857268502296,0.2495093012445965,0.29771284506706086,0.16130302962559417,0.2690607676586529,0.2952383089839314,0.20396173124028158,0.296572010530471,0.4936236057449277,0.29084500767310734,0.158719993677755,0.12422956609195,77.372,-1.0943858529215251,-0.5343268340519155,0.7069668465723342,0.7117592914254226,0.2770455090153719,0.01119519955920551,0,0.6479093236893123
HAM,30.0,0.7347141079220939,0.2553398893058827,0.2918035334719127,0.15854770923549422,0.24725816106834556,0.2774169345100529,0.21592271162883284,0.2942488978608486,0.4803778747780586,0.2929452352321801,0.17328199769770494,0.12140854108523724,77.742,1.2468019429900457,-0.34053491749016634,0.516604866619269,0.29803398341474635,0.6992708227806914,0.0026951938045620106,1,0.6268710851644291
HAM,33.0,0.7182129241425461,0.24001671440243885,0.29904103414298855,0.17382706638799822,0.22689411506961069,0.28353218419217385,0.27644610590805235,0.34109298369053487,0.49303211246496437,0.32083888648599823,0.1728205556299351,0.11930791522341036,75.65,0.6774802590876878,0.6400656849001695,0.6984661581479363,0.01127738256540739,0.9823719607563524,0.006350656678240318,1,0.10017953357799196
HAM,34.0,0.6886758964318378,0.2360065463553267,0.30182692046128645,0.14928722763168026,0.2700834956006352,0.29669087730771704,0.17844525844369113,0.29962129522997305,0.47497981530553784,0.2959544583769879,0.15266387488506863,0.10133234031364281,78.357,-0.34160240664042574,-0.94774496588667,0.4390262647539813,0.6648127977749,0.32204303932766487,0.013144162897435011,0,0.6932446032496562
HAM,35.0,0.6731282694470131,0.23550540328674463,0.3152574934886292,0.15919359390113297,0.23829356573697813,0.31461737928514166,0.18686666676941127,0.29320246788809756,0.5056006124989793,0.2803821049627612,0.14555930376471232,0.068477381642984,77.159,-0.8780245987656453,-0.8113012291213724,0.8790952648012155,0.6955160337557548,0.29875898186124866,0.00572498438299635,0,0.6430364637226613
HAM,36.0,0.7166199129671763,0.23860462309296832,0.31815091582667754,0.17988523286082533,0.2344126485656658,0.2729658045956291,0.2106080021083315,0.2958680775350815,0.4645359225499974,0.28407062264464894,0.15874693335498014,0.10312320057667418,77.688,0.6225183959296697,-0.4266438910432681,0.2889311051637,0.45588606327940095,0.5367769070080408,0.007337029712558417,1,0.7281322724676349
HAM,37.0,0.7101425186870152,0.25046343799009635,0.311577773369368,0.16458074527916217,0.2531516203833743,0.2873096674987606,0.23760788825997572,0.295725745458092,0.4670384469590808,0.28651732599735985,0.15750034874892854,0.10725405600536862,77.711,0.3990361859168615,0.010808517898430757,0.3248963155839892,0.31865078760053406,0.673218989330145,0.008130223069321003,1,0.6699343792086883
HAM,38.0,0.6727113806547006,0.22652752138293483,0.3005561981534311,0.1650455038766041,0.22262920018943722,0.3042879088638013,0.22177350105419502,0.3052100501202658,0.47657362185853314,0.2938858385177842,0.1374190856167166,0.06570178936748387,77.167,-0.8924080413362047,-0.2457403722850399,0.46193177082603076,0.6461208953758805,0.33450794158426794,0.019371163039851744,0,0.7249224911697498
HAM,39.0,0.6875265813399455,0.22576938461799523,0.29801475140780515,0.17787003273408075,0.25363131207041173,0.2934192713426365,0.20553100918394437,0.28782114324065317,0.4812135409626309,0.2856838502594809,0.14671206764724726,0.07289542014273671,77.293,-0.3812559255753234,-0.508901378074111,0.5286147035903584,0.6989875151195443,0.29412884624622304,0.00688363863423268,0,0.644530479085326
HAM,40.0,0.6867389772103055,0.2479675839406201,0.2867470070271199,0.143675997286299,0.2308026820822261,0.3019000089669215,0.19488147903391903,0.2875076175667157,0.4719733073532044,0.2831524529712457,0.15414562721985908,0.106898247703113,76.962,-0.40842974021344886,-0.681445165557531,0.3958180184154172,0.7570343763576399,0.23269253797447362,0.010273085667886258,0,0.597024877460699
HAM,41.0,0.6665898873133217,0.24542598345823013,0.3063821638621199,0.148399723548487,0.24206484758602087,0.2594661479966325,0.30212193402770604,0.3835755065632457,0.4938978295906775,0.3250706125110082,0.13890596390453033,0.06493021797709661,76.588,-1.1036110037218776,1.0560656931754457,0.7109078743916255,1.0426917716105665e-05,0.9302593587768236,0.0697302143054606,1,0.25306981707346166
HAM,42.0,0.696457685385925,0.23013527020831873,0.3026357230608644,0.16857293243753735,0.24393709039754202,0.28941868381313013,0.2345868293860307,0.2942616214881612,0.4722683660617825,0.2826570122384645,0.14666397581983348,0.07185325679910783,76.58,-0.0731161422425444,-0.0381387063431598,0.4000584759717281,0.4077773096275814,0.5814131539473807,0.010809536425037855,1,0.7300251090515761
HAM,43.0,0.6998311494032409,0.24921262686001702,0.29839721312695483,0.15455115022458843,0.24522499176347315,0.2953157239484543,0.19719482072650624,0.28643727267405644,0.4778369076694611,0.28294140972419596,0.1552140522173426,0.08202756009677507,76.529,0.043274671930601784,-0.6439643817333401,0.4800871741643864,0.6254613000372138,0.3684513995016758,0.006087300461110396,0,0.692441278648577
HAM,44.0,0.6856797064995623,0.24485654032125753,0.2953918441330019,0.1568649891793601,0.27790276531338964,0.31444057338113346,0.19179752193811603,0.2951487259592047,0.4877162780603113,0.2888323219125613,0.1499167121888762,0.09582984586863064,76.88,-0.44497655969049893,-0.7314114673802412,0.6220692597884968,0.7059482563401086,0.28808721184170727,0.0059645318181841865,0,0.6348927178154603
HAM,45.0,0.7109884190352562,0.20682830556760123,0.3137375636000065,0.16024812492198315,0.22860856126151277,0.26105444059671695,0.2995663355174545,0.36850998500433946,0.42778198867033634,0.30267499072582466,0.15264719111176314,0.08333235156804834,78.833,0.42822132906223337,1.0146598621168108,-0.2392807120547277,0.0010593838286747487,0.9639016552412646,0.03503896093006059,1,0.16012154896216546
HAM,46.0,0.6887918817550885,0.24424433365816683,0.3041048035060711,0.17930029491445343,0.23675029423866092,0.3132571506621682,0.15873095126101988,0.22008388712347857,0.50094357360972,0.24711208138688584,0.15226035223636333,0.09572295170579866,76.85,-0.3376006961920568,-1.267156355965846,0.8121662938070713,0.36693107448367457,0.625625699285502,0.007443226230823308,1,0.69777371915645
HAM,47.0,0.7193651451481883,0.24062595500636744,0.29711489125008267,0.15348279451642796,0.2849877842299133,0.30580056419052126,0.23675172033946792,0.29033704293148893,0.4605421140950541,0.2687892209418483,0.16365097066834772,0.11703186917596793,76.257,0.7172340374786004,-0.003063122788540579,0.23153379829268378,0.2794290748477623,0.7128228461456528,0.007748079006584979,1,0.6352384987670082
HAM,48.0,0.7184643697974842,0.23949671557339647,0.2683184042160695,0.15452943975000977,0.24619052152635554,0.2682125326196849,0.2045165378265049,0.2882034472717619,0.46956517429730604,0.2857535000062319,0.17123330038583637,0.12220818741733992,76.86,0.6861556041775777,-0.5253378525326239,0.3612093601497574,0.42853958265586634,0.5654464312967618,0.006013986047372001,1,0.7162695090134056
HAM,49.0,0.6713403899092749,0.23512855096671756,0.2670830500874889,0.15870350673099828,0.2110080879441661,0.2811160225999964,0.23646004599823575,0.2829389764279362,0.46754264147711094,0.2868078754934893,0.13659826975247108,0.06857477597181556,76.781,-0.9397097846673542,-0.0077888332038316115,0.33214238354156483,0.47236349017060064,0.4841718056346501,0.04346470419474953,1,0.8417498616605968
HAM,50.0,0.7194091530296393,0.23692933250384268,0.26200880781554925,0.16164947376526856,0.28826051532350216,0.3155435178347978,0.22939494408532393,0.29325667969142877,0.4934637266820026,0.30434150056304715,0.13570921834844016,0.07276348062441647,77.11,0.718752391646845,-0.12225768073390417,0.7046691330639151,0.37657937333072616,0.6205546594048608,0.002865967264413272,1,0.6806496137202257
HAM,51.0,0.7072449763431617,0.23829978974389826,0.3125966040063009,0.15699153045245762,0.22916347304246493,0.2936897159385136,0.22081389653892924,0.28959774369793545,0.45843703018231274,0.2728245174687509,0.1552146449297815,0.1004925946058136,78.294,0.2990655590564035,-0.26128789365148763,0.20128043269141138,0.5404110020662355,0.44831408010261287,0.011274917831151596,0,0.742817587709992
HAM,52.0,0.7072596302650843,0.23590571161203797,0.39687856901580715,0.20607747268891544,0.12117775996540375,0.16509812099960525,0.1557199918895098,0.22201000185483533,0.4229996697989411,0.26339249332020337,0.17812842525935632,0.15350980515550475,86.237,0.29957114675339475,-1.3159399479741574,-0.3080101533670097,0.0437246611304509,0.19426074715957964,0.7620145917099699,2,0.662265663846907
HAM,53.0,0.6619327515851161,0.21943437100930482,0.3922503740210043,0.19318950654272993,0.09384990880400694,0.11497306241877843,0.2243194937575017,0.3414653164309024,0.4020409607128284,0.2629099501699307,0.13771500052844354,0.061212599312871534,91.341,-1.2642908913206143,-0.2044901746007184,-0.6092197558322913,0.6659888578409532,0.0026949871357396992,0.331316155023307,0,0.6526562892455028
HAM,57.0,0.6876280035993482,0.20452706380799793,0.30460618263206785,0.18999252222206647,0.1097142033411501,0.11704809554687007,0.29442386274325594,0.26523706161916977,0.2788106543150646,0.2075665436889081,0.15935592676174226,0.1153032625960499,103.278,-0.377756668050546,0.9313414699445066,-2.3802330109539955,3.31254148462543e-06,8.982242604317714e-10,0.9999966865602913,2,4.5131126347269885e-05
HAM,62.0,0.659546815637554,0.21330662881284357,0.2997712170037878,0.16898471319230493,0.14921019767288907,0.17475046173577025,0.25114618358109014,0.27672368394157115,0.2862217655575431,0.19849670675624104,0.14800204039876977,0.09304149187556782,102.287,-1.3466101412299953,0.23015610580761073,-2.2737236900792643,8.549559744713039e-05,4.039125384410872e-12,0.9999145043985136,2,0.0008863538362143956
HAM,63.0,0.6997128941860563,0.20828473312188997,0.2948151461714298,0.17539014936046915,0.18626021344117052,0.2356052904059996,0.2358650319851132,0.21433749794868381,0.3153611637798502,0.21092333790833556,0.15363700666584082,0.0933234011067163,101.315,0.03919464589869987,-0.017429255831268576,-1.854944722416873,0.0003873837307967233,1.276932529645328e-07,0.9996124885759503,2,0.0034327866024455953
HAM,64.0,0.7095413942981779,0.2179133471966742,0.3047586100455175,0.17590164136174555,0.1559182535644149,0.18729731747478584,0.2656955046324867,0.22419392525983506,0.31086033889749987,0.1901924709891671,0.14668426386392536,0.07797038048633008,98.957,0.378296270898655,0.46588434209174795,-1.9196286525200332,0.00018219462531310186,1.2328386698243181e-06,0.9998165725360172,2,0.0017689598705793472
HAM,65.0,0.7107884533036467,0.2179579204298523,0.3280329171717312,0.20438571270472788,0.13183207663690144,0.165681900864876,0.2762622196848177,0.32828117322430406,0.3335813693263358,0.2272166141423564,0.16162291858197697,0.11316893992963876,97.636,0.42132213755187625,0.6370863585847397,-1.5930917215023708,0.001400666338758725,0.00021139657951776888,0.9983879370817238,2,0.012603061529435336
HAM,66.0,0.6860563479058975,0.22632029433202097,0.30070938962604504,0.18520337407229312,0.19409809051794727,0.2442125908408253,0.26858920059421815,0.321511233992223,0.32640676720202744,0.22996638994161533,0.16143834608730712,0.07390560690920836,96.203,-0.43198172716533906,0.5127680312337927,-1.6962020344911326,0.001799559564865189,3.127302574001316e-06,0.9981973131325609,2,0.013214301023129848
HAM,67.0,0.711500600205044,0.2399033159921003,0.31986650344893225,0.16428983588396456,0.12312192507182526,0.1459132828290266,0.25426575845842586,0.28560818216396877,0.33810429572973544,0.22904337079280382,0.16804662325115427,0.11284740094094423,94.539,0.44589253677328755,0.28069948726114363,-1.5280901577920167,0.003873849815390907,0.00012647270488072573,0.9959996774797284,2,0.02664091434460195
HAM,68.0,0.6843400996522538,0.2309954804303951,0.3070004973749853,0.1902933743004369,0.2146735559752477,0.2619645882336073,0.20139743973953092,0.29592796093078316,0.38328333583805585,0.2379753484144023,0.17186806455680395,0.13112692997903025,92.866,-0.49119549987478317,-0.575873509024239,-0.8787963174663669,0.22513438683309597,0.0009727937293793823,0.7738928194375246,2,0.5408007039221439
HAM,70.0,0.7035411332426956,0.23854904606859442,0.2765259998625477,0.1739786585322845,0.2310597104864943,0.27030163948037905,0.223731568223923,0.29087380407059144,0.40874904809123935,0.2659595703052288,0.16458183280405403,0.11984479148158977,89.68,0.17127604898009735,-0.2140157496160291,-0.512813993232516,0.6507680538967252,0.11282046619393424,0.2364114799093403,0,0.8666889638490249
HAM,71.0,0.6665728025493044,0.22920864567937205,0.28921544050609405,0.15962400442737282,0.22239266898774773,0.28392686322076066,0.20718157497905326,0.2987091895792072,0.4053040268906385,0.26477681426833816,0.15689163641444032,0.11020606645347451,89.667,-1.1042004600147926,-0.48215889556393254,-0.562324364413011,0.7279428157990684,0.0026057923163550255,0.2694513918845767,0,0.5999999569787531
HAM,72.0,0.6838002796954905,0.23418454970733674,0.27230679375203243,0.16508998732154617,0.25436584619143676,0.29038678960053804,0.20983057968818258,0.2872551271655048,0.40498711162633566,0.284628056117219,0.1509922882705828,0.07160689151029373,89.415,-0.5098202973980686,-0.4392396963940517,-0.5668789350396478,0.6989835902435493,0.012228148681140515,0.2887882610753101,0,0.6628713376029847
HAM,73.0,0.6679299610738542,0.23270176304101142,0.29800350863054725,0.16673827143642178,0.2196063284698335,0.259511753959572,0.2003220604782857,0.28924555353894893,0.415653619465624,0.26149322986512374,0.15600002934084567,0.06844281004038362,87.735,-1.0573759541586263,-0.593296813912101,-0.41358444668331573,0.8153761662909503,0.005975786921006447,0.17864804678804322,0,0.5047114563748274
HAM,74.0,0.7094356184398344,0.22950088746794706,0.28712138668067466,0.16957086441102578,0.21328006417318346,0.27366723289981554,0.24840064566771244,0.2798053789481033,0.4327362105810053,0.2851502300721927,0.16458847892658401,0.07968956403547665,86.304,0.37464680607280604,0.18567287475610872,-0.16808075378887427,0.30316759894141615,0.6483459593014409,0.04848644175714299,1,0.7895123918140567
HAM,75.0,0.6886752444238255,0.22141912403403075,0.30485513672803594,0.17798723345819353,0.224308661828824,0.27203771535192295,0.2796802293014532,0.34279558702487467,0.4499517882965896,0.3048836816353009,0.15731869269763193,0.07483151509536273,85.242,-0.34162490213556174,0.6924649824865315,0.07933416564226725,0.011180105129448108,0.9390649219522423,0.049754972918309846,1,0.25857577521544994
HAM,76.0,0.7027026295852474,0.22499195146969844,0.28494140798070355,0.17435755690879742,0.21378123952377986,0.25725829269261696,0.214231113936808,0.29139154109525633,0.4522353545044679,0.2918847892535498,0.15902255242632649,0.08248114803205651,84.651,0.14234610549274737,-0.367942199179442,0.11215260244827875,0.6511275567298949,0.33162844822008286,0.01724399505002236,0,0.7154133429178362
HAM,77.0,0.6312976476706044,0.2188864735782401,0.27997780965980734,0.1772556667463041,0.219540962951474,0.24879687317218926,0.24042258427120725,0.3437673669015107,0.4225088686500403,0.28552349469281324,0.16366595984250487,0.08718930785896084,86.21,-2.3212592385703967,0.05641224910071352,-0.3150637375521099,0.30454136714580804,0.007472701311440924,0.6879859315427511,2,0.6559717465358091
HAM,78.0,0.6842276218440098,0.23180189979014712,0.28913514529789697,0.18176174518126187,0.22135618184119854,0.27651395623250563,0.2128264517695345,0.28585506506322983,0.43472069359295823,0.26267698983939325,0.15803866008911735,0.07404271932205521,85.105,-0.49507619449928253,-0.3907005488025436,-0.13956061274996306,0.8641330758563799,0.08040726388137237,0.055459660262247884,0,0.48926153507910786
HUL,3.0,0.6827155880226887,0.2432602847224109,0.34831025413839034,0.15049101707205623,0.11377455414980249,0.1551449776184978,0.23844295355554818,0.3480702784224742,0.4569155128256115,0.3178849985953989,0.15286789651571925,0.10814167782585019,77.221,-0.5472441875822248,0.02433825365805857,0.17941383602875347,0.5054479375128867,0.45756315895134025,0.03698890353577311,0,0.8245711376022861
HUL,4.0,0.6777229411445514,0.2349686372733604,0.31125419459972103,0.14931694752123026,0.15055138292965317,0.18261255837538118,0.23645786335139182,0.27459772285350403,0.47759694576896955,0.2698763700968426,0.157558337128681,0.09738644919975674,77.148,-0.7194998369807832,-0.007824196468490696,0.4766385443677279,0.3765343321678711,0.6001279483163643,0.023337719515764903,1,0.7619069762542716
HUL,5.0,0.7127266661025219,0.2620654926200909,0.306501662413635,0.15984003241173847,0.2692215921404235,0.28518850990713707,0.16969921062066975,0.23058570703275655,0.5068688215008069,0.2694816962942029,0.16507568242535128,0.11148657483480547,77.045,0.48819410196114493,-1.089448514835413,0.8973214221334205,0.3017214741035135,0.6954115070719474,0.0028670188245387904,1,0.6309322386043015
HUL,6.0,0.6931401516144002,0.2617703049886192,0.3064639578984559,0.1475239366601901,0.24265217630993818,0.2667613935973726,0.20799928902067136,0.35109228542475435,0.47028561051303,0.31269790170061007,0.1639726409541481,0.10639862826188609,76.991,-0.18757725839279335,-0.46891028498379106,0.37156316129505707,0.6957305964565863,0.29538043305291145,0.008888970490502255,0,0.6546019627922958
HUL,7.0,0.7363279479928085,0.2597535657445328,0.31582513193347656,0.14975631377167795,0.2281564314407221,0.26929333657554283,0.17335271976099365,0.24099503607689793,0.4765055952383682,0.2637055157838263,0.17557970733685543,0.11794279520459071,77.333,1.3024824419701944,-1.0302543254396228,0.4609541213375654,0.05923955697160702,0.9349322212238487,0.005828221804544378,1,0.260310663727615
HUL,8.0,0.7003783444699573,0.2420132885727487,0.3403741703611725,0.14650423386298853,0.24198373337620882,0.26076319656150715,0.24183393200306252,0.2908091078908695,0.46704641512384426,0.28261510028484177,0.1642055010748921,0.10094030414541828,77.237,0.06215392453259828,0.0792789183039426,0.32501083063980274,0.30245276797547127,0.6851014264104206,0.012445805614108095,1,0.6753714693970313
HUL,9.0,0.7073663812259292,0.25385092908974116,0.3085545469192736,0.16984146095700361,0.2720562942647723,0.2851727986391925,0.21511645066134086,0.29865071471559823,0.45112400192680024,0.28389587500627034,0.16778181199368689,0.11011168556613803,77.433,0.3032542544381741,-0.3535979652557789,0.09618071855301327,0.5937268818133088,0.38930816737587587,0.016964950810815334,0,0.7459576449079448
HUL,10.0,0.7097751510557012,0.24434387137996394,0.34319944197105073,0.15332611838227864,0.22865117623829195,0.29716919609117,0.22575030915050878,0.2936476417068552,0.4197306714710955,0.24257073720870317,0.15677349182424388,0.09891908436135839,78.028,0.38636131596419127,-0.18130809016871827,-0.354990799109284,0.6067752689281617,0.2791815251088416,0.11404320596299662,0,0.9069568409286882
HUL,13.0,0.7238987612303057,0.25927685403397427,0.31472259081343973,0.17763008837566344,0.20954068955000543,0.26623179036225564,0.26723433777447575,0.3899199084740403,0.4032845185911983,0.29893572219711595,0.1898821809971652,0.12669242336645287,80.824,0.8736522664081522,0.49081653110697604,-0.5913478739025709,0.0773027839496915,0.7461809639178704,0.1765162521324382,1,0.7225088731197389
HUL,15.0,0.7154701477399891,0.22074318454986724,0.3299676569993697,0.16303002160523028,0.23941234549288928,0.27320209105237175,0.1888217548154804,0.24391458896660081,0.41176782452505833,0.23848697270541758,0.1534263029138926,0.09327544280494152,80.972,0.582849346485718,-0.7796248742418543,-0.4694294295255523,0.24275240342550974,0.21102265793491584,0.5462249386395739,2,1.0022902462079641
HUL,16.0,0.7149208207055974,0.21816413452765035,0.33637136066424417,0.16425605710242336,0.23555187921158352,0.28380967509309607,0.22652574665243572,0.29466856212517684,0.3947372301351477,0.2620064276168931,0.16003711290235828,0.1003905241185672,80.281,0.5638965370139152,-0.1687444444816044,-0.7141858477217206,0.3570097726197837,0.1122000686929216,0.5307901586872948,2,0.9493481173533009
HUL,17.0,0.7110760563668981,0.20790574449760066,0.34478404895929476,0.1684822799809132,0.22569384624418248,0.26910678427861184,0.2836161859705212,0.29516578115438524,0.40888946079822147,0.2836167668635855,0.14661952433441405,0.07097209312131064,80.171,0.43124498081289686,0.7562353893950466,-0.5107960418655025,0.021590924888068342,0.8202721507762362,0.15813692433569565,1,0.5369741729677586
HUL,18.0,0.7169576989435555,0.22777639177507625,0.37554049320243293,0.19466189111731533,0.17980557946038087,0.227867537612155,0.2726026667228086,0.3388880907544431,0.4090345547432543,0.3113436509196453,0.17334595722050258,0.09005999311778723,81.166,0.6341726434939676,0.577794247133258,-0.5087108137474974,0.05996164267587384,0.7966069175897339,0.14343143973439199,1,0.6284078909176329
HUL,19.0,0.7088263848753952,0.2741232948091255,0.3353150099347138,0.17520769102463019,0.21116373488829143,0.26517874348079556,0.26162454327450546,0.39361294395448326,0.45404392023805035,0.3215239043433258,0.19074002916212088,0.13848915749332524,79.836,0.35362710933891095,0.3999265879458471,0.1381445356063023,0.07886266010197351,0.9050077757242374,0.016129564173789038,1,0.3572136471001489
HUL,20.0,0.6939282598538811,0.24850302061675736,0.33742613049253195,0.15303211590525526,0.2093753510137826,0.2777505310309011,0.21338629389310956,0.29040945843161936,0.4809805692121306,0.2981147575424991,0.16248172818480563,0.10335255261352211,77.642,-0.16038605102289114,-0.3816299814597981,0.5252665332395264,0.6236327143515598,0.37020006058807453,0.006167225060365707,0,0.6937295287162225
HUL,21.0,0.7260981735630629,0.2225620718296831,0.3331974265012598,0.15728452280035718,0.2390868052156224,0.3004364600419409,0.29277835629507526,0.2932223105297974,0.4738692179698904,0.2972979764332228,0.15269517962628462,0.06955791556009167,77.201,0.94953610296253,0.9046809590207633,0.42306523487399583,0.0013624222669208236,0.9934755678209861,0.0051620099120932815,1,0.04267839284143471
HUL,22.0,0.7074542042171398,0.23492544988130454,0.31009307758450394,0.14495154396443136,0.2328952077120316,0.28380697574474145,0.21682409343199424,0.29818638982536394,0.48273728802505383,0.2922233267535384,0.16147887384927057,0.10569136883806507,77.845,0.3062843117909876,-0.32593072105191,0.5505133446299519,0.5168144904423942,0.47902175415575154,0.004163755401854169,0,0.7165218066692914
HUL,23.0,0.6886936846132979,0.24711766496529736,0.31308897872635366,0.14571218494564145,0.2506191728434957,0.2839565836031286,0.20721198267865504,0.30164129999628825,0.4617105078719057,0.28029781553128885,0.16336254425136656,0.10329831823494773,78.009,-0.3409886811309262,-0.4816662297294745,0.24832545390479296,0.7683303513802374,0.21756616695051462,0.014103481669247969,0,0.5944252458601982
HUL,24.0,0.6860431413662055,0.2435415210786082,0.33373036720842236,0.16013678721203708,0.24019200307115826,0.2688056536150316,0.20156268148001805,0.2896287877806074,0.4662937515559501,0.2845909872212755,0.16127515040635523,0.10471265008029637,78.363,-0.432437377469975,-0.5731962607933455,0.3141938717734898,0.7808430593777409,0.20672157909660085,0.012435361525658283,0,0.573594632626662
HUL,25.0,0.6776849919747044,0.23784349131062718,0.3276071905806234,0.14040259378758735,0.26047142363830716,0.2933086954726821,0.2611774889257276,0.3016442538143988,0.46890162046339373,0.3059683135399284,0.14878028516457734,0.07628826611805468,78.23,-0.7208091542739324,0.39268340918937594,0.3516730482659556,0.05787686999866426,0.897210177819114,0.04491295218222204,1,0.40159873768766896
HUL,26.0,0.6653879046365889,0.24356257571617954,0.32968201323077345,0.15046571019424265,0.2306321535969665,0.27233958938078495,0.22057327217144895,0.28418066409386034,0.45139959700782945,0.28360199625277493,0.14298254056512416,0.06532416209866074,78.664,-1.1450816527784096,-0.265186491912722,0.1001414531792311,0.8451742166933547,0.10450691038348513,0.05031887292316002,0,0.5286199259812854
HUL,27.0,0.7075080882558596,0.24362600152353928,0.3249067069372646,0.1453278086675729,0.2525154068602341,0.28742706330684975,0.20980651561435965,0.30099900895676995,0.4413191981457016,0.29127111554171703,0.17410807283690785,0.11760350124670464,78.956,0.3081434118452198,-0.43962958274407815,-0.044729727649595784,0.6357130145709271,0.3307626480269587,0.03352433740211419,0,0.7677551098105025
HUL,28.0,0.7029490869770557,0.24953139143458197,0.34502905413321755,0.1541351215360473,0.17490493632077142,0.2529495263297699,0.2563523086326349,0.2948075652180288,0.41961940852915114,0.27336646482787735,0.1718266757521832,0.13089633028790248,79.589,0.150849346180751,0.31450579277513513,-0.3565898225211974,0.29689273436107266,0.5570422615738593,0.14606500406506795,1,0.9674609784729604
HUL,29.0,0.7121469927389247,0.23987116888498244,0.3691462038262183,0.16061211154364627,0.11210638931309755,0.13956652293441515,0.29151663923354465,0.3295374661309105,0.38597553196124057,0.26819874772261243,0.16587964455941218,0.10929541021521347,81.412,0.4681942874093218,0.8842386073430769,-0.8401052262979535,0.011185157168422643,0.43664680148194895,0.5521680413496286,2,0.7400098839375608
HUL,30.0,0.6991449926861993,0.2500880123544736,0.33841938737945215,0.15095514459101267,0.24830108710054816,0.26918494730072,0.25633420238851046,0.3415026043563797,0.4250643242476127,0.303636684163354,0.17569592257015676,0.13574005578083934,78.92,0.01960098264952262,0.31421243523782383,-0.278337822730739,0.29559796042105735,0.5824333302849776,0.12196870929396497,1,0.9317113604919001
HUL,31.0,0.709075151226682,0.24088197356355487,0.34625246736221976,0.15629162400204372,0.19113852580968096,0.2436607757009313,0.21075772364480805,0.2905273542190264,0.458735015895648,0.2929472696772825,0.17929894991408618,0.09313499053831643,79.756,0.36221001344475934,-0.4242181013034795,0.20556295590814547,0.5611576363261902,0.42757998208962794,0.011262381584181755,0,0.7380149250338199
HUL,32.0,0.749654275079469,0.23257348504108194,0.34762004084682263,0.15334897036257503,0.21100683908183124,0.27489191903819493,0.29466103623484,0.3550578653068597,0.4004185900338807,0.27913288313856865,0.15691449821900588,0.09855933721766974,79.708,1.762265635622927,0.935184157082069,-0.6325357733049974,0.0010702849963632284,0.9661005830194394,0.03282913198419717,1,0.15279752090427878
HUL,33.0,0.6620773208107633,0.22683984111214706,0.32526997190245005,0.15844800829976347,0.1816511525385944,0.2123867936693808,0.21350058350780368,0.28481166802119573,0.42785942265225346,0.27721437737160143,0.14598228988467388,0.06976241649516685,81.348,-1.2593029828114115,-0.379778260049413,-0.238167863986904,0.8819246057113759,0.014609165318507797,0.10346622897011629,0,0.4072667469817498
HUL,34.0,0.6723941141874463,0.2466191464541108,0.31671029348968405,0.15712091629758204,0.2375355463541754,0.2955895706509227,0.21748924595928032,0.2894484223377409,0.4043063896308421,0.26465420992300065,0.14903392888522565,0.08713084273220374,80.956,-0.9033543274812527,-0.3151539135594371,-0.5766619803984792,0.7261276412125615,0.0055999039508520965,0.2682724548365867,0,0.6143978459838071
HUL,35.0,0.6922233178998879,0.25562971892901015,0.35263786461872965,0.16690535666897036,0.2095069537061828,0.265967392189494,0.22149319363931427,0.28894608825168455,0.45411365229034606,0.2762280829000364,0.17102737613992872,0.11871549094408443,78.327,-0.21920973526100299,-0.2502819156528565,0.139146694835899,0.7002721473568129,0.27983469139555783,0.019893161247629323,0,0.6838116028236968
HUL,36.0,0.6899166813241773,0.24234504945267063,0.3457343650163119,0.14716493844496098,0.2048420604302215,0.2672875076532105,0.2401199994937029,0.2856696190693637,0.440190745416757,0.2725431004626577,0.1590923395934249,0.08016228028869707,79.148,-0.298793008617548,0.051509767694498484,-0.06094736760488656,0.5735206139315352,0.36792785897973596,0.058551527088728864,0,0.8528951011875934
HUL,37.0,0.7037267807339981,0.2297936577901353,0.31491082201146214,0.1593329023472042,0.23246400084895974,0.27322077369180386,0.2889320546426741,0.33304716741966456,0.4435467315724395,0.30712689533012527,0.1642615196168705,0.0803209211604307,79.009,0.1776812344366439,0.8423631435340906,-0.012716570007628525,0.003553001298846103,0.9693708260669773,0.027076172634176717,1,0.147914677896234
HUL,38.0,0.6915782461462615,0.23919930669273376,0.33422041818171655,0.1448518558381177,0.1448589607822536,0.16056948470333773,0.2561632442157168,0.29029804545385846,0.4483589204686306,0.2889611912054384,0.15161584587759436,0.0713340698572486,78.602,-0.24146591650950264,0.311442569317026,0.056442150524924684,0.19143982722207725,0.7602455385691083,0.048314634208814475,1,0.6712729811647237
HUL,39.0,0.6876612559066317,0.23658137178597027,0.3268228855801173,0.14631092801995596,0.23599489278642802,0.2996966782846165,0.33212112586492176,0.34448764907500634,0.4371424772730059,0.29340407853455786,0.148086555991505,0.0702634608801384,78.557,-0.37660940129506715,1.542112880996458,-0.10475577355271411,6.099681943215466e-07,0.9395109172976968,0.06048847273410894,1,0.22831876299986115
HUL,40.0,0.676039883164535,0.250300963607029,0.336707408552825,0.1520559284458564,0.20973004475916313,0.27979406067553764,0.24491193171316053,0.3355393048465984,0.4438181862749585,0.30452981836928417,0.15625324261126805,0.1231944008479114,78.692,-0.7775684832118431,0.12914869850752417,-0.008815339130424624,0.5177058555394441,0.3791174629158552,0.10317668154470065,0,0.9428866270012733
HUL,41.0,0.6730485787281085,0.24059791368597086,0.3376629736837436,0.18210824445004745,0.23844774404807476,0.31477534365054255,0.20562550671262644,0.2965658053370464,0.43852630794959085,0.27133108352673263,0.1641724871203923,0.09864448328382786,78.606,-0.8807740775233069,-0.5073703282271288,-0.08486795096493858,0.905017400506822,0.04240463299794379,0.05257796649523406,0,0.37920768191590004
HUL,42.0,0.7000483307502393,0.2647780707813117,0.3313697799994571,0.17504787126940857,0.2542580309773961,0.309749423687096,0.1725505822984818,0.21646292073732215,0.457703196731068,0.23479186467691013,0.15212366516909293,0.08198854964667297,78.838,0.05076783435077835,-1.0432505641388299,0.19073409220751159,0.46833440139043536,0.4875431771860827,0.04412242142348218,1,0.8432019061411857
HUL,43.0,0.6874966895467292,0.25694525206171037,0.33209105330880717,0.14784413818307976,0.24935974988304122,0.2837404783132621,0.20270008636257084,0.2965600221976611,0.4406501403687985,0.28373822757376754,0.16324799545948906,0.10741720363607218,78.991,-0.38228724831411226,-0.5547680162066747,-0.05434513984789816,0.8509372841158012,0.10560530202251321,0.04345741386168565,0,0.5110425783634223
HUL,44.0,0.6832519110746823,0.24176991152280256,0.362772207477215,0.16966887006112238,0.21886066871644422,0.2832503206781512,0.22291760262497973,0.3001728727299896,0.44723833439464344,0.28059228916627454,0.15897754265161987,0.11218569457829686,78.467,-0.5287400398098033,-0.2272036278927576,0.04033756676993364,0.787248267197051,0.17796238240254458,0.03478935040040441,0,0.6123526716207353
HUL,45.0,0.671699883322835,0.25695982211573143,0.30988025494679,0.17228151512683068,0.18215472026443533,0.25596917848364537,0.2399180131887952,0.297327837588776,0.43518647064572047,0.26239586310588786,0.15511250977665034,0.1107635053470993,78.751,-0.9273065899454381,0.0482371836858531,-0.13286666417118703,0.6900599202067698,0.16993022395595248,0.14000985583727793,0,0.8324403576722798
HUL,46.0,0.6970901501967819,0.25888062106459897,0.3308881242783732,0.16224629317023534,0.2310247536548641,0.2973240629669048,0.22477297196848747,0.28899777971436463,0.42251633934752086,0.2689315603673802,0.1676301200692272,0.10218194536258622,78.608,-0.05129492408410428,-0.19714291636843828,-0.31495637188330755,0.7542646920994053,0.1442305347524157,0.10150477314817906,0,0.7241986633959907
HUL,47.0,0.703786742717475,0.24348029060014634,0.30732112854836585,0.16990499880126755,0.24886580667028732,0.31606841320941576,0.18019034889929691,0.21927888260136846,0.47034141012208225,0.24826775207134125,0.1605285793850337,0.0872484874831378,78.857,0.17975003494570255,-0.9194709939395911,0.37236508940958446,0.47886053950413543,0.5079552210833529,0.013184239412511504,1,0.7537475919797536
HUL,48.0,0.6827095228155918,0.24807315135358157,0.3265689822748773,0.1537208762198841,0.25504501460989787,0.28371946543867327,0.2334444871520524,0.277274756647828,0.44199888196781156,0.26304064354094436,0.16175929228708685,0.11426392260229473,78.789,-0.5474534485639673,-0.05664694594398557,-0.03496160247458286,0.7114442118441017,0.2309732150193644,0.057582573136533956,0,0.7450690690037426
HUL,49.0,0.662758640233995,0.26105648427443395,0.3364826639423236,0.15352254883110145,0.26604021383433607,0.29715135394944825,0.20489896409215894,0.28749981091131055,0.39391788994452265,0.28127259307415137,0.1537908192144809,0.11104779814148771,79.036,-1.2357961892084937,-0.5191417785857434,-0.7259610544908022,0.548673769122821,0.0005282710404735113,0.45079795983670534,0,0.6924953655983526
HUL,50.0,0.7006053711142636,0.21950544068966202,0.3592723544466134,0.15901462827743498,0.19854459966642563,0.24739389757314206,0.2528767377218067,0.2852355778701797,0.43922367491497155,0.2674595891745603,0.1592140011474765,0.08167496519483586,80.238,0.06998676811242435,0.25819456024436704,-0.07484569121832463,0.26209087377459744,0.6890113224573188,0.04889780376808361,1,0.755186184059843
HUL,51.0,0.7128002174125556,0.19222027296113395,0.3090659228871618,0.11608742031960513,0.18142800914334448,0.25024614445268706,0.2960870133297327,0.3227469394650653,0.3779351511274225,0.24309389518562483,0.19877904434711313,0.14927097488245222,88.292,0.4907317596371673,0.9582878513625909,-0.955658140586388,0.005644475818364179,0.28611679501599235,0.7082387291656431,2,0.6315796096550121
HUL,52.0,0.7133355095301098,0.242168161267433,0.32612757967738126,0.18703727020835992,0.21788895711859954,0.2849547558050339,0.2000721974800181,0.2187953324535287,0.36006645307895696,0.2390379951091776,0.155269183977826,0.07246281315384207,91.149,0.5092003382444393,-0.5973450965560969,-1.2124594260871602,0.0042443336225144535,0.00025178512063361684,0.9955038812568519,2,0.02975579652600236
HUL,53.0,0.724354876101194,0.2207912119668453,0.3592934230687328,0.19438123937020563,0.22779044379517685,0.27466270436689977,0.29167285990271674,0.28487833588569395,0.2859759476710305,0.22650374173389734,0.15040798016294044,0.07040593757665309,100.881,0.8893890820097614,0.8867696960918217,-2.2772564796022774,2.0137271119098392e-06,2.0747547576241782e-07,0.9999977787974124,2,3.1824969961982504e-05
HUL,56.0,0.6638425527799379,0.22640646092122502,0.3188341737993147,0.16901562030081746,0.20166887426281058,0.27870210487158126,0.35163095985097775,0.31869705449253105,0.26211538517653915,0.19884368485731393,0.14384720709663584,0.05902387367059017,103.79,-1.1983991803572902,1.8582113944241925,-2.620170278063553,3.5263933184775145e-10,9.278301250131542e-11,0.9999999995545776,2,4.189195403945165e-08
HUL,61.0,0.6842754147543388,0.24669702404024213,0.32981899275893345,0.19312926821525345,0.18604620634204186,0.26753145719108173,0.21611443771831482,0.2139839005640726,0.297276427843191,0.19487008014353216,0.15703566026342017,0.06438817013159981,99.565,-0.4934272497598832,-0.3374285695881861,-2.1148508120424068,3.2136321840363474e-05,6.775876150392906e-11,0.9999678636104014,2,0.0003646236739804397
HUL,62.0,0.6730110163678602,0.21869065172658197,0.3366567611067305,0.18031256352777628,0.24222505869427682,0.2833476311385102,0.30997563271906786,0.3267902416015793,0.3047944450723006,0.22985566628482318,0.1702276683826603,0.11953133781753045,98.291,-0.8820700491622888,1.1833113931144166,-2.006805084053955,8.028629421067478e-06,1.6312576048805607e-07,0.9999918082448181,2,0.00010493704084856725
HUL,63.0,0.6916077679034947,0.2293385637049678,0.34618123217441493,0.1945475820344133,0.20079373302482337,0.2516227133726653,0.23161733173572238,0.2904529218906319,0.3120646274001386,0.21044155897000286,0.1747381236063671,0.13966376820392215,97.973,-0.24044736070379366,-0.08625053515525956,-1.9023211332619092,0.00035175825201346595,1.900623702028498e-08,0.9996482227417495,2,0.0031494341364496936
HUL,64.0,0.6838134723569282,0.2379230994637498,0.31844520232729545,0.17402224706263922,0.20704051847452776,0.2649966999654857,0.2696392704639741,0.27456263531916053,0.30833682914660093,0.20619297198542555,0.1818211990574894,0.1423254620518454,97.628,-0.5093651259191475,0.5297812731231062,-1.9558954552969838,0.00031540927544821795,6.489233965498008e-08,0.9996845258322122,2,0.0028592142694419936
HUL,65.0,0.6998282878585934,0.23687860562576457,0.31343723148251784,0.16452151892951222,0.2126734704032582,0.25338213941623544,0.2496868284740425,0.28360530565676756,0.3117688454197623,0.21448860943781936,0.17525208807848572,0.1278461369774944,96.647,0.043175943291552735,0.20651162066075443,-1.9065719853711436,0.0003407031557217077,1.6984332567807633e-07,0.9996591270009526,2,0.0030638064753825143
HUL,66.0,0.6767800007724367,0.2449366688789099,0.3093847783838961,0.17042251429034688,0.20366652177292205,0.26121225364995915,0.28584544395378986,0.33415416741699294,0.32231685304814356,0.22217937198639498,0.18340855133659195,0.12599868338463494,96.301,-0.7520330423340411,0.7923538481713629,-1.7549805313607116,0.00042261313380948716,1.6314732064834669e-06,0.999575755392984,2,0.0037291996521848962
HUL,69.0,0.7038608126947425,0.24145982261447838,0.3153279983364367,0.15073486646297637,0.2454206421081,0.28484426255801293,0.21577562271920517,0.22462666911832788,0.332209829021137,0.200161025014958,0.1788293079304184,0.11507754482296745,95.297,0.18230558761076895,-0.34291805338503056,-1.6128029121294585,0.0008762596959788362,1.5265394032729134e-06,0.9991222137646174,2,0.007066580174095707
HUL,70.0,0.6799194374248325,0.21834891754678323,0.3177309975211971,0.18275555892503512,0.2141063784573894,0.24049266665776742,0.3754742386389855,0.39446388486328426,0.2803087324351166,0.2569867745087431,0.17804351497936785,0.09056484295419007,100.947,-0.6437166096874288,2.2445204212216003,-2.3587032729749615,1.1969022074510524e-11,2.5695371867416223e-07,0.9999997430343123,2,4.176799682364787e-06
HUL,71.0,0.7073427595013196,0.25469433856789697,0.28381945829963534,0.164627308177344,0.22794249666290745,0.27329940704514327,0.281057991243006,0.31279443129237955,0.32720820419925967,0.2200021172609894,0.17913677799177166,0.11368164833479848,93.744,0.3024392607861389,0.7147874943999296,-1.6846841247598867,0.0006523527583285036,6.731324606850163e-05,0.9992803339956029,2,0.006150986980701708
HUL,72.0,0.6387925706186998,0.21017169537230632,0.3331007628383712,0.15414102789679138,0.22186293049225925,0.24277607964079295,0.36500809415555147,0.40132752547472195,0.3402206973121857,0.26294591522330407,0.1627866207501501,0.07614940288946148,92.994,-2.0626703875803964,2.0749478500301746,-1.4976741394825146,3.404992625152916e-11,3.727867323193307e-05,0.9999627212927181,2,0.0004174326903279899
HUL,73.0,0.6952850434961088,0.23478395083490433,0.29363295396002914,0.16175777418340267,0.21415597671082418,0.23566409809470146,0.27663484126883847,0.3440772804809686,0.3576891386891475,0.2632312712153078,0.18684838972673926,0.09636809829591646,93.111,-0.11357447930755506,0.6431235769877381,-1.2466251716656402,0.012623803491530085,0.0027344518558985154,0.9846417446525715,2,0.08657139181110227
HUL,74.0,0.6874980862976516,0.2186831630478297,0.2928590222329483,0.16229028516460153,0.2244962926246647,0.26485060523727205,0.28638563907774667,0.37570565766531216,0.33421460894522986,0.26860506894153163,0.1646679658073462,0.08309782848669788,94.924,-0.38223905779652273,0.8011060946418198,-1.5839910725507267,0.0010363879700031817,4.778370386401238e-05,0.9989158283261328,2,0.008681047843663343
HUL,75.0,0.6690604078237831,0.20633307046220753,0.3092083017519454,0.16953885418018314,0.2260675131538374,0.2675865977816938,0.305772875033505,0.3241122483495768,0.3310308421328779,0.2691633251993616,0.17155967993512647,0.08364110389409239,94.146,-1.018373428289594,1.1152182736315495,-1.629746807407799,6.995257502376348e-05,1.2263365103612192e-05,0.9999177840598727,2,0.0008901824241830739
HUL,76.0,0.6577049798296272,0.22611281380653225,0.3070815220704221,0.14994832702163172,0.2081612710919181,0.25018056693509644,0.19636152516644625,0.2666077319512231,0.41189971819027515,0.2516246673800449,0.18350273885468182,0.08386453286321266,90.26,-1.4101569193066232,-0.6574654442215783,-0.4675339101830003,0.7648494208828345,0.0016973818861045526,0.23345319723106103,0,0.5554866014515849
LEC,2.0,0.655505539646143,0.2542320510174298,0.36031936907686346,0.1653849809648086,0.16550960219504515,0.19278753440140986,0.21189013832412887,0.2983199836739851,0.47224566310725735,0.2891918923331048,0.15806525092736393,0.14080939924565022,80.549,-1.4860417167631383,-0.405870708036428,0.3997321988198665,0.8110170134133327,0.15296365822039346,0.036019328366274125,0,0.5767957847510753
LEC,3.0,0.6908514817956345,0.2464443928411817,0.36120455213000735,0.15304821607691227,0.13278741769639585,0.15984497866282613,0.20910761635801897,0.29771422067823744,0.47562882161116626,0.27961063084010906,0.17262093803046652,0.1255680641564459,80.021,-0.2665406450518277,-0.4509531550575552,0.4483535057835983,0.6862315706795935,0.30604480842356024,0.007723620896846187,0,0.6583216700268432
LEC,4.0,0.6790041667426051,0.24550523807292415,0.38439895860327333,0.1606841868994174,0.12313024163494234,0.1718905104574992,0.23709723538686234,0.3539469113486661,0.4730214255663412,0.3024825562708471,0.17719474435132831,0.1461728204704135,79.468,-0.6752951590202361,0.0025349152535230363,0.41088112507043223,0.40056369000354025,0.5743228226628508,0.025113487333608856,1,0.7774941430282967
LEC,5.0,0.6985617224957844,0.24050058455095588,0.33174930650760376,0.1516365542773395,0.12499473483098078,0.19361253610212506,0.22205750865383642,0.30573826885469463,0.4754169817799563,0.28787801637603344,0.1605410028736488,0.11260804671377696,78.837,-0.0005229291505905211,-0.24113887848898877,0.44530903433820046,0.5454037258427565,0.44741387984222947,0.007182394315013787,0,0.7259348221267161
LEC,6.0,0.7430961045901133,0.26008432595369907,0.3231235985923074,0.1749603736758506,0.1280460060139809,0.14381974747087206,0.2806557792736993,0.3843821623088319,0.46658119343494614,0.3127402652301834,0.1801685779779664,0.14594254503965373,78.829,1.5359964954084873,0.7082708522966924,0.31832486351294,0.00697597919415591,0.9898345747980458,0.003189446007798072,1,0.06308393159119587
LEC,7.0,0.7132951146877633,0.26005645949806233,0.3586582155034157,0.13485288129388573,0.096969504570473,0.1555368632131379,0.21234797047607007,0.28579481276187085,0.46103948418405793,0.2585018718190482,0.16798370492579484,0.1197757896861221,78.645,0.5078066406786806,-0.39845290721190696,0.2386817884752585,0.49919354006145406,0.4916762928121623,0.009130167126383464,0,0.7387553041907534
LEC,8.0,0.6638790555202212,0.24728443663805386,0.354352446744905,0.16636221819602687,0.2512641979645161,0.28531518962650215,0.19996339388062254,0.29502440530083024,0.4506506815037146,0.2952679677998033,0.16190548023035817,0.12306689838014002,79.165,-1.1971397675877098,-0.5991079334951043,0.089378359882422,0.9181543697029642,0.044130512116860046,0.03771511818017599,0,0.3397334385195735
LEC,9.0,0.659236126401052,0.2378825938161543,0.4012154125936889,0.18238700817384867,0.10190041930508888,0.16419849934709765,0.3159348629628386,0.3848518189668435,0.443035312919885,0.31958409406164534,0.17334295104518516,0.08544140775987173,78.809,-1.357329500620132,1.2798628974775932,-0.02006646013666037,6.033744997062566e-06,0.7150393278812143,0.28495463837378865,1,0.5976486405612476
LEC,10.0,0.6957787390848215,0.247981254275289,0.40012442659145964,0.16493286554446995,0.14119402597926503,0.1756790184211765,0.19289167870380425,0.2896274547850429,0.4936392065057644,0.26486044599750663,0.16862063368829888,0.12021424508339196,78.219,-0.09654105869627413,-0.713683929189084,0.7071910540342766,0.628048409494121,0.36811166371326975,0.0038399267926091814,0,0.6813674004091779
LEC,11.0,0.706731084770914,0.24702193798893393,0.3597406431603114,0.1624455539132222,0.10708637870952488,0.13991757318146902,0.2847919733914766,0.3307466968462713,0.44748659545095804,0.2836516307196988,0.1664384972080082,0.12356985100368957,78.162,0.2813353392634474,0.775285508229306,0.04390546848434207,0.005789284871707848,0.9738209056247262,0.02038980950356616,1,0.13503013994830743
LEC,13.0,0.7032257294666223,0.2554114325643562,0.3503541712262884,0.15170848657035668,0.22347624881909026,0.25029133758203714,0.2093874705954074,0.2884712289334851,0.5018916366510879,0.26520795202588016,0.1644976832829756,0.11286965463733142,78.018,0.16039402916247797,-0.446418954075724,0.8257914503293156,0.5778869430386694,0.41938953765823717,0.002723519303093433,0,0.6974152488480058
LEC,15.0,0.678333408381313,0.25415001299809925,0.3569583301781731,0.16648709106633247,0.16254774033971367,0.23288396113151397,0.19690216117478102,0.2926453007635424,0.5056721668795545,0.2757008309671865,0.1670882648166296,0.12439257833516915,78.312,-0.6984375762458264,-0.6487060545382901,0.8801236137533944,0.6714004349351692,0.3236180144847873,0.004981550580043418,0,0.6589942355304219
LEC,16.0,0.6792103319520355,0.23333031194679038,0.34511742268355505,0.14880115893856374,0.1410809477668349,0.19828587407368684,0.27041850440076315,0.2970126153401812,0.4531204383482595,0.277263871849221,0.14000993095581551,0.06576847242816261,78.316,-0.6681820739371844,0.5424064286835019,0.12487264888060214,0.03476030588471821,0.8875467582129642,0.07769293590231774,1,0.4211533875919581
LEC,17.0,0.6961029003816375,0.22372108888178174,0.34319705139472506,0.14505586603507264,0.12380072887302686,0.16690395449541656,0.20645358714523093,0.2922110847395475,0.5069707339064561,0.26931665266914445,0.1571282487895339,0.08068346866609422,78.234,-0.08535688804374184,-0.49395376128289165,0.8987860636371381,0.6082142333808523,0.38880940276706294,0.0029763638520845363,0,0.6870299066636479
LEC,18.0,0.731255981660982,0.2503699882034522,0.3498440023658628,0.15089747140749804,0.13172348774330486,0.18006187656566558,0.2187231760784111,0.34387251492954224,0.4920419579824816,0.3032124375916891,0.1777257031260097,0.12988075346916017,78.361,1.1274901231578613,-0.29516176618341544,0.6842360814374647,0.3803271850345515,0.6175939035113606,0.0020789114540879314,1,0.6781437729420695
LEC,19.0,0.7599328265542943,0.2801734729221889,0.3144294529813472,0.1424468126588121,0.15449902979251348,0.20639019865095787,0.1991864948659763,0.29709028963497724,0.4867085538261521,0.26073597807607185,0.18897050504106247,0.14478209641981452,78.19,2.1168948738584,-0.6116952586250188,0.6075866781219161,0.09001712904909832,0.9079359174016807,0.0020469535492212403,1,0.3171025267908183
LEC,20.0,0.6591560151653598,0.25549360453466796,0.3017612939456436,0.16560954007246842,0.15578583405101742,0.21096466236743533,0.18978174011914187,0.2934502850737957,0.472819010958269,0.25701069791301967,0.15371256324976593,0.1077321474179659,78.365,-1.3600934879929834,-0.7640711833382444,0.40797210890058677,0.8861908777798065,0.09266254596029666,0.021146576259896844,0,0.4090440486381111
LEC,21.0,0.6972122408125847,0.22676687976853743,0.34786495330894646,0.1575756812933862,0.21339845221464473,0.26115192806766496,0.27266311139490035,0.33774892869242623,0.4742562045537954,0.30586268980626274,0.1607846000567981,0.07665070531509452,78.127,-0.04708256963086272,0.5787735722780281,0.4286268405348455,0.014608086664546079,0.9705521483732469,0.014839764962207024,1,0.15322836019647204
LEC,22.0,0.6790533422383909,0.24730181188588415,0.33937371796787424,0.15346377071638265,0.10096611583196127,0.1105585325443285,0.25139121994767066,0.39408942488613297,0.4948292392443967,0.33276219918923255,0.15885452306839906,0.1168101438193171,77.886,-0.6735985124982949,0.23412618731969304,0.7242936955496172,0.07668525226170313,0.9019210331096992,0.021393714628597633,1,0.37228654685691337
LEC,23.0,0.7154268593473794,0.2549399541533377,0.3511472870067315,0.14804958558731227,0.14350236628563082,0.19406598424956362,0.18734716300781903,0.29425935240926215,0.49951506920249256,0.2787735629375066,0.16954298369704507,0.10268888446240054,77.922,0.5813558160273441,-0.8035162245551178,0.7916364394704806,0.4466766842369049,0.5508500008575401,0.0024733149055549933,1,0.7032989597163745
LEC,24.0,0.6961772328167402,0.2439492633932897,0.3505705482157666,0.13962747610096182,0.13846348769613864,0.20548477531495588,0.2308507204777232,0.295642453644025,0.49812742681178795,0.2724716895672628,0.1466595860328263,0.07162244331942341,77.586,-0.08279228009278525,-0.09867117795538279,0.7716938365577347,0.37996766349810684,0.6140989686150133,0.005933367886879993,1,0.6975384746073421
LEC,25.0,0.7175815849669432,0.24522041107397058,0.3618996316553144,0.15149521767125007,0.10786390228968475,0.16749194185414515,0.2348719427171228,0.3007514497055124,0.48079279668484903,0.28046031237553,0.15000314258580214,0.07323947713919525,77.619,0.6556978774495139,-0.033519297475762155,0.52256794679205,0.30622626906838324,0.6896299830624699,0.004143747869146904,1,0.6413974620794454
LEC,26.0,0.6719606287594668,0.2511894883728169,0.3538799923533074,0.1312962539775039,0.11221703922960924,0.17881775936931016,0.2896034932198436,0.33111172284945317,0.4551029292807435,0.281617551033394,0.1564685378824424,0.09944616813728888,77.879,-0.9183103850042472,0.853241797665797,0.1533641606054438,0.0012765264955124551,0.8999864054688901,0.09873706803559747,1,0.3319483283657537
LEC,27.0,0.6574489419766075,0.23403704666036027,0.32688904281902254,0.13456482162144845,0.2316257632421469,0.2893206583638988,0.19072892647599474,0.2950769346713712,0.49021284327480585,0.2539364205196659,0.15266150827635666,0.08981723261240508,77.602,-1.4189907038139236,-0.7487248610910017,0.6579488272130393,0.8077869582720705,0.17719558885239386,0.015017452875535652,0,0.5421162943715266
LEC,28.0,0.7005994827050558,0.24900477396578136,0.3147945446104622,0.16357225080783683,0.24378882532636,0.2679781400282234,0.19079026047841546,0.2883490678525041,0.5032000157640321,0.26056192618006624,0.16691090934361263,0.12204548999838996,77.48,0.06978360698832128,-0.7477311270078916,0.8445949153168089,0.5918364950884868,0.40547253026776625,0.0026909746437466147,0,0.6923786767046575
LEC,29.0,0.7306233824504741,0.26013937568646894,0.3174954620725545,0.15165528785690702,0.24262276090104448,0.28511067113610644,0.1869151530971321,0.29369163710350293,0.48521525269626486,0.2671583150522715,0.17464270505111062,0.1263376162573415,77.065,1.1056642679602435,-0.8105156531843818,0.5861255930023026,0.2215300247335472,0.775036574137499,0.003433401128953666,1,0.5508854803100488
LEC,30.0,0.663417767806227,0.2525656217975514,0.3731520458570204,0.1698031611636359,0.1132067524393095,0.1482795949681499,0.2578727872415172,0.39265852918683836,0.495692863814475,0.30544384708540795,0.15749347784690984,0.07350050191770897,77.559,-1.2130550559453952,0.3391406014726291,0.7367053384787567,0.020704214954605327,0.9283671376260629,0.05092864741933184,1,0.300913944092043
LEC,31.0,0.7297452787299212,0.2555544264592343,0.33332260254363444,0.16070674151379818,0.23625000792713644,0.2929853659022856,0.15431266199021298,0.21956132999459352,0.5280140178717347,0.2540180412419108,0.16363019110578705,0.1072039480311515,77.876,1.075368048276556,-1.3387415202165494,1.2012111400911782,0.10643653008798303,0.891635660459304,0.0019278094527127477,1,0.3527597950293539
LEC,32.0,0.7085197428635589,0.25230432639799105,0.30794057711519257,0.14873846830345155,0.186259588861887,0.1813942104943904,0.2041520029119395,0.29448029005611787,0.5227651284627893,0.2928531478986539,0.16109212024449648,0.11348272989346678,77.282,0.3430473867646908,-0.5312440506411769,1.1257763465761397,0.6417731534749657,0.35644030052118414,0.0017865460038501977,0,0.6636435115844342
LEC,33.0,0.6957885607417462,0.22099038601764653,0.3227547730232911,0.150634541090917,0.10642009884073332,0.11740016075513861,0.21105352413822298,0.2867932136448767,0.5045995139212444,0.2600313402287064,0.15528213023538887,0.09829014478600566,77.163,-0.09620219317402931,-0.4194255389317813,0.8647079042348204,0.5852367980703531,0.4113985337436255,0.003364668186021268,0,0.6980951157582972
LEC,34.0,0.6736085961679168,0.2375155892656291,0.3156436770031506,0.12304688393087315,0.11392289223686543,0.16903987130880305,0.1812307076854097,0.29604473410558063,0.5060283824789088,0.25586773491799025,0.15189861862620258,0.0907512289266579,77.461,-0.8614524290824538,-0.902615091118646,0.8852429919857364,0.6843698485405108,0.3099406053208951,0.005689546138594234,0,0.6520184394122391
LEC,35.0,0.7159016157472681,0.26323644860645684,0.31719771253998585,0.14770936939004667,0.18650736250449096,0.20801550077510378,0.20764379180687323,0.2874077860344537,0.4901420733004168,0.26486247110413863,0.17185631372380217,0.13089194942524818,77.467,0.5977357992236444,-0.47467005417965424,0.6569317514110603,0.4946034295503308,0.5026926207024167,0.002703949747252306,1,0.7099289972444547
LEC,36.0,0.7032870430156895,0.24349857931918895,0.3349851922389747,0.15185058784429387,0.17467808896174253,0.2027841879121917,0.19897209089615553,0.2916162945192495,0.5143342796176578,0.2797385000340466,0.16162592373810958,0.11289605530856323,77.491,0.16250946121070442,-0.61516903375718,1.0046117930412273,0.619551652302595,0.3784038881674788,0.002044459529925967,0,0.6770069332895556
LEC,37.0,0.7208104987660526,0.23431987031782175,0.3319034570426104,0.1545319507084089,0.13853634619655567,0.18213438485692102,0.17806534149104886,0.2985500953869864,0.5296296342513657,0.2821964115570571,0.16712025829394186,0.11558137058381136,77.361,0.7671014389056905,-0.9539003839205729,1.2244300876630723,0.5161775116349928,0.48234102234499143,0.0014814660200158682,0,0.7026786025100542
LEC,38.0,0.6911835255773401,0.2643227761977972,0.35260329266878304,0.16204969320597376,0.14083663242601274,0.2043921855580601,0.16115611997573165,0.29980003418614964,0.525183921840289,0.24962974990714185,0.17703282324438363,0.12615869227982282,77.483,-0.25508451393690496,-1.2278637496792044,1.1605382104241886,0.4101650854011392,0.586659355414146,0.003175559184715028,1,0.6966758323352009
LEC,39.0,0.7109971437804977,0.25277390293641805,0.3243375303163006,0.14922506369055638,0.1537527089031875,0.17339520362856842,0.2038989423221921,0.2892279033368619,0.4929471215638244,0.2731759931687103,0.1572665260626918,0.08302129757577488,77.213,0.4285223490810918,-0.5353441406923515,0.6972447052693097,0.5366461435756534,0.4606230308323809,0.002730825591965649,0,0.7072014037299729
LEC,40.0,0.6858561257367813,0.2656112066138495,0.32304972747613947,0.1337575855043574,0.15239220374828574,0.17261806052000633,0.190894837784606,0.2875911074886177,0.5091872707270156,0.2634347575359249,0.15983405430776737,0.11384088388704164,77.237,-0.43888976624900156,-0.7460367645110741,0.9306411827586104,0.6542123337165064,0.3423249726193694,0.003462693664124038,0,0.6641867403064139
LEC,41.0,0.6848595340819943,0.24820361434960453,0.2761078322075538,0.12887380510946103,0.17777681931701714,0.1946313331531817,0.22110468859510843,0.2986926643544529,0.49650335482811886,0.26007640564594037,0.15544262777483658,0.09236175609629169,78.328,-0.47327404113779076,-0.25657647802690925,0.7483533686612598,0.5130512588837982,0.47960469738293704,0.007344043733264743,0,0.7308977506364318
LEC,42.0,0.6862872046099243,0.2615099726100985,0.33855964011704304,0.1321901407574353,0.11781436506406315,0.18575561369647686,0.18841264060899474,0.2911805733860181,0.5155109218301038,0.27280173142969216,0.1602974102189462,0.11834568321698893,77.801,-0.42401673936612566,-0.7862533464566727,1.0215219916416547,0.6444992726053819,0.35240761098094353,0.0030931164136744843,0,0.6685399048236383
LEC,43.0,0.6651895605486878,0.2636792885613644,0.31597889224811976,0.13893239629853812,0.13682878517519334,0.18065011014256005,0.1728088598945422,0.29624103300186905,0.5191769087672078,0.2614156833021141,0.1634937993652735,0.1243477317061033,78.451,-1.1519248945496992,-1.0390659481023876,1.0742079878750614,0.6268083700944904,0.36656351943285015,0.006628110472659118,0,0.693917798605327
LEC,46.0,0.6919594567308323,0.23559656959414835,0.3163106321756736,0.15078499319844083,0.14949715423984017,0.17919931441886724,0.27400535132676285,0.34007358292048456,0.5122904684953161,0.3091477057121674,0.15598367189517692,0.07568939302362694,75.773,-0.22831343879464822,0.6005205562568933,0.9752390137758022,0.005116145812954903,0.9754764455569135,0.019407408630131684,1,0.12771579641008662
LEC,47.0,0.7033448870545091,0.24433667113268687,0.3585505367279024,0.1448768770328445,0.09699487868635143,0.1187729699396522,0.16152664504836126,0.21255433134040017,0.5274088044127507,0.23867461328305128,0.15228630279537556,0.10132089074643938,76.358,0.16450518867029196,-1.221860498973451,1.1925132711223303,0.35357393394068753,0.6440136888173934,0.002412377241919118,1,0.6655261158123896
LEC,48.0,0.7095274550224169,0.2656455831376611,0.3468040998287515,0.16746928784014647,0.18458582041810015,0.28510261307596213,0.17114007883241023,0.2997223356567341,0.5036597856296333,0.28389840889745516,0.17195408623885622,0.12725279412088714,76.971,0.377815339830033,-1.0661035545399045,0.851202531171119,0.3382627021837718,0.6585048191285755,0.0032324786876527013,1,0.6603029997115376
LEC,49.0,0.7045469014091542,0.25424865593639684,0.3469390778657199,0.16093604774323866,0.23440924147773093,0.26209650774919924,0.27659355648302936,0.38339617256993996,0.48990668053539527,0.32883125897167503,0.16283023675353675,0.07857114116004985,76.283,0.2059769306740095,0.6424546805004194,0.6535487872750524,0.007691933984647788,0.9825084371378484,0.009799628877503594,1,0.10010612190450494
LEC,50.0,0.713104006307201,0.24424685365842908,0.2844638548528089,0.16561972625457277,0.28155465922113904,0.30583454836814034,0.21409061625855264,0.2861553744880684,0.5055614197712801,0.2655684071266217,0.15618688489342414,0.10391596509440748,75.956,0.5012130443353441,-0.3702185438817243,0.8785320036823515,0.539751825884758,0.45808530794841007,0.0021628661668317765,0,0.7037348833613063
LEC,51.0,0.6539595493923778,0.2575727030423978,0.3493597041166028,0.14808431910194864,0.18018546158409482,0.22594992813867681,0.12318592885182983,0.21975802864953684,0.5202277558681859,0.23675136665170574,0.14254142250457974,0.0704518875910745,77.017,-1.5393812702357301,-1.8430571427860136,1.0893103129389246,0.0943593784993949,0.8812147127804907,0.02442590872011372,1,0.4248537367894867
LEC,52.0,0.6626328784340776,0.23958186544504403,0.3887545792512989,0.17376898912937838,0.11199836932789063,0.1531675611524864,0.2541255183281251,0.3474517486999345,0.42797622093063586,0.2799728278925046,0.1544686512180935,0.07772324854892515,83.243,-1.2401352063757538,0.2784273153532395,-0.23648928908729325,0.3779640780321281,0.1886485624785869,0.43338735948928503,2,1.0447489308936806
LEC,53.0,0.6998127855867573,0.22225199314697094,0.34936424742395505,0.21295128496172497,0.16655200040879606,0.27749957041217743,0.21655788171172968,0.2884341109887196,0.3939846806568541,0.23810100790766556,0.1671649214414673,0.12001583858198242,93.259,0.04264108593683463,-0.33024388584320497,-0.7250011669410933,0.4442282165002127,0.023075933147806503,0.5326958503519809,2,0.7829209709589199
LEC,54.0,0.7215949049153432,0.22988056783557248,0.307219232614201,0.16113177200633969,0.20236989573305036,0.2646453394139524,0.18425936275509117,0.29248559342804686,0.3821029763628955,0.23017706546343228,0.17031128666920006,0.13473177802748637,95.725,0.7941649172441939,-0.8535447932424097,-0.8957599389765659,0.006545515562880736,0.007277268462583897,0.9861772159745352,2,0.08247003139218641
LEC,57.0,0.7140401164923917,0.22838412938667807,0.30386027046511815,0.16249788248661617,0.2154462700225012,0.26894287963356517,0.28782106067062513,0.29131328030271764,0.3232784868269224,0.22583059297165994,0.16067658367059667,0.07944034281420087,103.373,0.5335105954729459,0.8243628087673857,-1.7411603420049138,0.0002488507909282305,9.523874793848918e-05,0.9996559104611332,2,0.003290985056418794
LEC,62.0,0.6959670379570464,0.21091526271634212,0.30914071504588214,0.16437995639144845,0.19336900987614042,0.27582102217384713,0.24286649631395923,0.28059245695269824,0.3201500251327281,0.19281419760867977,0.1557029129590457,0.09348459275639838,101.144,-0.09004439564202188,0.09600853496425152,-1.786121255359091,0.0010197224105940176,4.083621476522219e-07,0.998979869227258,2,0.00804969495704539
LEC,63.0,0.6798146578369411,0.21561549547271205,0.30836522510704356,0.1547725272201016,0.23676619968355928,0.30378335632808334,0.225544726070444,0.2844377337308106,0.3517009579563135,0.2068907323122977,0.14845946555348422,0.0697038845159545,100.396,-0.6473317013204847,-0.18463894916222964,-1.3326847438757585,0.039107261646152525,1.2764840154613247e-05,0.9608799735136926,2,0.16525262516802464
LEC,64.0,0.6715582067310956,0.22306220088837325,0.30400541163618966,0.16326347971466912,0.19941881632947214,0.21351265122362467,0.24984254272901274,0.28273306851483754,0.32070879602225194,0.19652872951365657,0.1516051428296448,0.09583545642122743,99.223,-0.9321946971780014,0.20903450448184588,-1.7780908391339731,0.0025039926119860335,5.490463559932251e-08,0.9974959524833777,2,0.017500414809449586
LEC,65.0,0.6717040093563313,0.2374348764049243,0.318660890868399,0.15919978634504897,0.22706968358485222,0.26689282658458546,0.2422924540866705,0.3368520493824407,0.3409650071310069,0.2300506541806405,0.16271928596350835,0.14590116273992315,98.481,-0.9271642340775599,0.08670789740780666,-1.4869772371247878,0.018433528834920377,2.0871865862426795e-06,0.981564383978493,2,0.09190777258932711
LEC,66.0,0.699568033219625,0.2578261579681819,0.3161628764201414,0.1682841166274961,0.20749149852451626,0.28372257355295366,0.1816258523554717,0.22828507756635516,0.37896389944352,0.21152581569974693,0.16646387794846942,0.10463910338664456,95.05,0.03419667178713303,-0.8962129534641293,-0.9408734098066722,0.017345604357024584,0.0007398319645632812,0.9819145636784122,2,0.09358071178431826
LEC,67.0,0.673210345865313,0.22189229989279108,0.30991371624346625,0.16618924932433107,0.24830166889259941,0.2602464148289129,0.2307022560667054,0.28236680513861867,0.37744754487580573,0.23277522650810567,0.1479606614540732,0.07036910984873523,94.515,-0.8751928089195671,-0.10107659973668492,-0.9626658090742524,0.289925060450762,0.0005694168744905662,0.7095055226747475,2,0.6067128533622481
LEC,70.0,0.6696816097038273,0.24490454628128522,0.29473305755078966,0.20808975439551208,0.22529911457783697,0.2867436285291602,0.20877171745772216,0.2890994277357293,0.3803442330745326,0.22483818720587725,0.16096925599876905,0.12175017851036297,92.309,-0.9969408022965164,-0.45639539219405356,-0.9210358452620959,0.30636267471954126,0.000212122895430986,0.6934252023850279,2,0.6180880803363644
LEC,71.0,0.6863764719058137,0.23427080941324313,0.3350709886995801,0.16633007172389172,0.23547577540663084,0.3029814604027214,0.213658392521082,0.28170338323684596,0.3862878669793212,0.23123449528419704,0.15631835003251615,0.09013172598993151,90.198,-0.4209368508022416,-0.37722143693454535,-0.8356164810109455,0.36810070816745877,0.002750347459708277,0.6291489443728331,2,0.6756351025452851
LEC,72.0,0.6985768790413044,0.2424432585301228,0.3489964555978178,0.16077723850012718,0.08647794179582309,0.12402188875384915,0.22061927156916428,0.30571529365141437,0.40310472293147714,0.2525107372402231,0.18110185426103226,0.12173804416973012,88.677,0.0,-0.2644412092390315,-0.593931820221358,0.6278911085889219,0.04953182009205968,0.32257707131901847,0,0.8060313212577874
LEC,73.0,0.7151405546027453,0.25399132056538287,0.3399505261826624,0.1744466753380045,0.19284896797856566,0.24933239656761025,0.19888320067613294,0.2901035032504652,0.42591728711909355,0.2534321986251193,0.15656396155120417,0.06915398471885918,89.177,0.5714777671853972,-0.6166092339366119,-0.2660794051735896,0.4752966509861978,0.3816414534376593,0.14306189557614293,0,0.9993391967023222
LEC,74.0,0.7021333017681959,0.24084679548035615,0.3423648633115353,0.17359906321355376,0.2336764107245536,0.28480893592684847,0.21356759002711717,0.2859785252365548,0.42934283365366105,0.24372649678567115,0.17315962670250323,0.13865713571264587,87.848,0.1227032316343288,-0.37869261979434476,-0.21684891556356495,0.7340503482789177,0.19510368962377733,0.0708459620973052,0,0.7333419056367148
LEC,75.0,0.6875266970740392,0.2347704102513925,0.34410082875127784,0.17823385522429103,0.10948124424364568,0.10445979456925679,0.1985890418730008,0.2872490208472517,0.4665356079550787,0.24807791511753077,0.16379701048619932,0.0784456460343209,86.923,-0.3812519325327623,-0.6213751976269337,0.31766972849423986,0.7720524170811031,0.21567166743470187,0.012275915484195168,0,0.5845875254019147
LEC,76.0,0.6667952326345815,0.23742801786035117,0.33491922635429244,0.1561142493918092,0.13953508778897566,0.18675285562018187,0.19252080824290088,0.2972246747269756,0.4550837573957727,0.26128193828480534,0.16137073449161565,0.07327512212361409,86.435,-1.0965262063132206,-0.7196927758788918,0.15308863047489893,0.9109891879241963,0.05758534433032967,0.031425467745473876,0,0.358039323603059
LEC,77.0,0.6912600811829724,0.245311653913201,0.32754789801153106,0.17049188396921783,0.1366127626111996,0.2326817648560449,0.20462694387514666,0.294518148677515,0.44469269036952525,0.2596417295898318,0.16182752660673022,0.08059556355313857,85.965,-0.2524432024471924,-0.5235490526958834,0.003752659671240352,0.8152527364022251,0.1518738556225317,0.03287340797524341,0,0.5650242679354751
LEC,78.0,0.6562640853414201,0.23248959350733656,0.32719773513945366,0.14937876162266273,0.2237418242296332,0.28142021257322714,0.22575072835939836,0.28560870192016374,0.4553529895422631,0.2380158565539053,0.1630050151931617,0.07235711148214814,86.939,-1.459870472425668,-0.18130129814235327,0.15695791972749784,0.7796335020174963,0.13589536184496115,0.0844711361375426,0,0.6740620519198477
MAG,2.0,0.7022693127250302,0.22417809196964977,0.3511253207968439,0.17907520476853908,0.1998589931451445,0.286738274792901,0.2278075056487615,0.2828285547654685,0.4228425745348646,0.25050764584933133,0.15399223284758032,0.09644593734770796,80.175,0.12739586387263402,-0.14797737318818463,-0.3102678593090712,0.6873922645922352,0.21589993223132758,0.0967078031764374,0,0.8145461482459465
MAG,3.0,0.6990323494620555,0.2339879033399019,0.33441375003949664,0.17185443362530048,0.23927157225676257,0.26308585380222,0.2648743143260029,0.2828214292795682,0.43130159458941847,0.2625330934440246,0.15552412595081674,0.06466370298233207,79.929,0.015714580867291328,0.45257940903561217,-0.18869844120181384,0.1267391668409695,0.7881464563158536,0.08511437684317687,1,0.6591319069062855
MAG,4.0,0.6994319154004143,0.2393805984936002,0.33452363977508387,0.17019275308443113,0.256013303231209,0.27876889134202115,0.31833828864534114,0.32372444868849876,0.3752063587911982,0.25899202600920535,0.16630382486526502,0.10644013466699748,80.407,0.029500352597098392,1.3188032229522264,-0.9948751768755671,0.0001818509639461649,0.19870740838350504,0.801110740652549,2,0.5003129856736714
MAG,5.0,0.7172568241382227,0.23967258068119687,0.3084008539843911,0.1894193552740338,0.2326383095043403,0.30806621659217265,0.28011550862731166,0.28424690903529626,0.3961908216720658,0.27783173536076766,0.1521657495126497,0.0993693223583628,80.224,0.6444930218256474,0.6995173822111025,-0.6932954518875559,0.034362256819226486,0.6594486527661777,0.3061890904145958,1,0.752781232279915
MAG,6.0,0.7062485470627219,0.2320257667944973,0.32092189409315824,0.18362994867255691,0.23051370040666672,0.26724199686793154,0.27841394327734564,0.3379630258737868,0.42195124884948754,0.2927325298039989,0.15405578821485008,0.10565974498993065,79.352,0.26468688638609755,0.6719486044342736,-0.3230776108188825,0.03168698502927776,0.8768771506390238,0.09143586433169816,1,0.443315489996714
MAG,7.0,0.6801953386527385,0.23178697953331534,0.3376864851799708,0.17769733435913013,0.24213403536195569,0.2858069759658939,0.23135821783758131,0.27495063449317003,0.40170541988922287,0.26550794127609517,0.14160850239012612,0.09161625537503727,79.512,-0.6341975016185365,-0.09044870096586544,-0.614042005030648,0.6555954510885628,0.01587207703811134,0.32853247187332574,0,0.7082568790791199
MAG,8.0,0.7025238286425667,0.23424489156538109,0.3160609618677964,0.1811200348730677,0.2654337155963465,0.31971953879634035,0.27257746698254687,0.2785679220395019,0.4273042549581227,0.25885290698684776,0.1504056221433023,0.09704856721743757,79.052,0.13617713876100898,0.5773859607049272,-0.24614649662900218,0.058632300566445486,0.8558662470195654,0.08550145241398896,1,0.5097838024424529
MAG,9.0,0.7222224638883648,0.247778568178267,0.32249362286771827,0.17371989620252182,0.2835803702769775,0.29583451658799675,0.25633369883532076,0.28829622399732585,0.4139349061573642,0.2742098918709884,0.16300951964615976,0.09786410927683815,78.914,0.8158168748274741,0.3142042766643162,-0.438285059216544,0.15691793144162625,0.7410856568387274,0.10199641171964653,1,0.7455145048349898
MAG,10.0,0.723662675927085,0.25364900076702546,0.313139477224512,0.1751253313592812,0.2428972908247454,0.28014881490842425,0.28505840894623374,0.33626518006840694,0.41711583463601404,0.2951734301552919,0.16942337605257302,0.11466250650396329,79.929,0.8655068821636102,0.7796022995891514,-0.39257011567741823,0.009039259087556014,0.9462156560393374,0.044745084873106425,1,0.2338645292820534
MAG,13.0,0.7420415066091368,0.26108548638242185,0.35739325112107995,0.1710877212909451,0.21044452105300962,0.2583502706953524,0.2436065009677003,0.297398471034938,0.43450664398701583,0.27511014289282326,0.16909401867716584,0.12167482993207744,80.886,1.499610893842511,0.10799809731236493,-0.14263684213264397,0.08499989219960617,0.90072282050736,0.014277287293033864,1,0.36437660575638287
MAG,15.0,0.7173910098322178,0.2605625082181221,0.3446373921123662,0.19930045143499167,0.1956171213516539,0.24660288762534302,0.2678568980527542,0.38606068366332263,0.4436526479534136,0.32868111481485646,0.18953084018476615,0.13404925752937155,80.287,0.6491226790842746,0.5009032585811116,-0.011194385083133352,0.043824171401221385,0.939301915354016,0.0168739132447626,1,0.2647597487535752
MAG,16.0,0.6990612397682519,0.21614008190410372,0.34805663969334727,0.16334551914181883,0.22299563373089257,0.27481237801368963,0.2828579766526989,0.28613897688177675,0.45296843092532046,0.2878762533960429,0.15415156384370393,0.07203638905468962,80.464,0.016711350431941996,0.7439508749085587,0.12268806321518183,0.006485514881023839,0.9689416067692193,0.024572878349757177,1,0.15431606489855626
MAG,17.0,0.6890455423362526,0.232403183193426,0.3338173207683397,0.17729393320608813,0.17571484428850329,0.24936480668317576,0.18801289009427158,0.2425742229288123,0.49432094204251953,0.25898924538513807,0.15347914033625645,0.077634616551124,79.206,-0.32884893200729803,-0.7927301080496352,0.7169886655746038,0.6590830825412528,0.33630324444307724,0.004613673015670265,0,0.666074960432037
MAG,18.0,0.7004616368924734,0.2584837499766845,0.3380896696679302,0.16669421956367778,0.2092394167829091,0.285784112878088,0.20850286617010205,0.29673428573314725,0.4349356532073901,0.29455037375410076,0.1643328941890531,0.1079527146244698,78.727,0.06502766879705361,-0.4607513232804271,-0.13647130511450326,0.7480915905403895,0.19802496188454918,0.053883447575061215,0,0.6951825369497091
MAG,19.0,0.654331790949651,0.2424575928473259,0.36499591666660214,0.16552850261876267,0.22880451100132837,0.2693110876163503,0.1975578813599693,0.2844218108352801,0.4432233858108287,0.27628787310726993,0.1541275727449952,0.10835859923837395,78.445,-1.5265382407272718,-0.6380820699410499,-0.017363556991104447,0.9215852929068554,0.01623364449120951,0.06218106260193506,0,0.31487072329550003
MAG,20.0,0.6974087767784792,0.2369108942491515,0.3461047500591516,0.17163726777525434,0.26121702271715297,0.29785259216537574,0.2251523731018116,0.29549211935303327,0.44035997725532666,0.26743846732456755,0.15813483183009674,0.09695838972484375,78.354,-0.04030171144848595,-0.1909958556439713,-0.05851524000530035,0.6959632784223619,0.2675896782483411,0.03644704332929699,0,0.7257301142426982
MAG,21.0,0.6688666464378292,0.2530955191278946,0.32143388369045084,0.16955290417282207,0.25889778327138446,0.28099917093083343,0.2280204182988572,0.2858624339022519,0.4504406180152297,0.26352034661397145,0.15854116613703792,0.10302059883899821,78.8,-1.0250585582778569,-0.14452776043221213,0.08635941727488648,0.7762758377610427,0.16470427364804305,0.059019888590914234,0,0.6606702930156604
MAG,22.0,0.6760018216245329,0.2558691939020059,0.33449691732877784,0.15230634105384674,0.230545275668262,0.2879171487259668,0.21550633325572702,0.3005404865805419,0.4721403676323511,0.2877840443537803,0.16020012131594433,0.12973043899389042,78.767,-0.7788816774853811,-0.34728108380077033,0.3982189372918026,0.7373771307758102,0.2469642106500555,0.015658658574134253,0,0.6351174351550768
MAG,23.0,0.6807591609079606,0.23579628652063178,0.35397321769518525,0.17333867474361256,0.21871605996745633,0.2753379733086253,0.23007026415476486,0.2880775818528506,0.4594949016692769,0.2868698651908355,0.1573281457398313,0.08210434220208707,78.926,-0.6147445799340612,-0.11131613862797121,0.21648370922617513,0.6390156119234817,0.33235359538048115,0.028630792696037244,0,0.7540071049564958
MAG,24.0,0.689252040913674,0.249143383706158,0.3642846149871948,0.1670990356809365,0.22532963941209214,0.30720535370382673,0.22627834753785467,0.3016867693996457,0.4897194254194095,0.2883995871675471,0.16148085272401966,0.08060910552668767,78.497,-0.3217243451054359,-0.17275280725897604,0.6508576368414105,0.47023813866558534,0.5219618815062934,0.007799979828121413,1,0.7320195755066602
MAG,25.0,0.6994892589996788,0.23090499210301013,0.34508929236492003,0.15848813293565103,0.1656303101254674,0.21202668472361821,0.23373212076390693,0.28724870223759413,0.46606501341063294,0.2951857888859562,0.16189814292425336,0.08483441558204477,78.694,0.031478813956627695,-0.05198670346401128,0.31090654498553993,0.43536413684732067,0.5529592664794095,0.011676596673269942,1,0.7416119658551523
MAG,26.0,0.6895050460280722,0.24765861317436164,0.3267394001743274,0.1556223984996654,0.2644258205879493,0.2934536577603823,0.22974377742033916,0.2949044842247124,0.455290872905576,0.29085094564433217,0.15854677524016775,0.09331084887525665,79.023,-0.312995195749278,-0.11660587976465131,0.15606520599374038,0.6246467388999605,0.35157552632933775,0.02377773477070166,0,0.7503571790116185
MAG,27.0,0.7125630224941921,0.24178822370320907,0.34631864394935347,0.15694938659917135,0.22255747059259615,0.2671079400755655,0.2901808339536059,0.3747241974618246,0.4437225896493439,0.3092094908688581,0.17609085568585156,0.09674381067575878,79.849,0.48254809159614104,0.8625958776550976,-0.010189212944889314,0.0028204087918815746,0.9801779190676625,0.017001672140456177,1,0.10545492935250153
MAG,28.0,0.6537564818730895,0.24710987513963614,0.33649973304501274,0.1543592504688608,0.21203361119177955,0.28264907896733293,0.28606798804957817,0.33250787781255575,0.4007935411675947,0.2707312412112439,0.15263041185447923,0.11560940802519622,79.768,-1.5463874792187693,0.7959595097008809,-0.6271471359864551,0.005932206633345726,0.027659580120138853,0.9664082132465153,2,0.16267428506530035
MAG,29.0,0.6919960369714818,0.24430284987988385,0.35764623198545625,0.15777775851123524,0.11403268783386389,0.14772769651909676,0.292487936184705,0.32941342296508225,0.41535109143507626,0.28329122376652444,0.1709511881381063,0.13084102258839095,79.91,-0.2270513521175714,0.8999755696656732,-0.4179322501401743,0.00689678143600819,0.7524296447433604,0.24067357382063118,1,0.5911448342156183
MAG,30.0,0.64473223110463,0.23574146687294092,0.3395803620667006,0.17399540950033218,0.2022852308164684,0.24498724371307035,0.2957969302281375,0.36996840620810245,0.4466053746352257,0.31157362823223506,0.154989273851212,0.08996795725469736,79.753,-1.857740998584115,0.9535879222268393,0.03124093983898086,0.0001717583350511167,0.45580564856514294,0.5440225930998057,2,0.6907920674299182
MAG,31.0,0.6844708758728123,0.2351140612886675,0.3323619723858599,0.17424742056701237,0.24912047856273176,0.2900382287405993,0.23317375917372046,0.29957667992597586,0.44188625923314284,0.27999007223771055,0.15646923197214696,0.10406263687209232,79.276,-0.4866834758226052,-0.061033283190893246,-0.03658016824591636,0.7056603258326835,0.2401389884567959,0.05420068571052045,0,0.7465738009783516
MAG,32.0,0.7113709733321225,0.23089318774381165,0.30823138539154854,0.14941783173401849,0.28985770768601626,0.2952135616184721,0.2845378434131509,0.37903359915953877,0.4448701972627548,0.3395547873201096,0.16446721369928086,0.0905410963199484,81.543,0.4414201673629099,0.7711680919343449,0.006303712816967926,0.0062734359549974405,0.9755992701192868,0.01812729392571578,1,0.1286124277197193
MAG,33.0,0.6719411155251227,0.2614626460574217,0.3608468503813033,0.17915226091624445,0.19740171974465223,0.28539577051346476,0.19852875752737004,0.2157569211128025,0.4536140421956579,0.2538361209951698,0.14801075425178545,0.06260636416213705,80.882,-0.9189836280626603,-0.6223519251608773,0.13196651224973088,0.898019683925811,0.07345266001805147,0.02852765605613737,0,0.38985671915867265
MAG,34.0,0.6808390294166261,0.2359797815570493,0.32515337264757166,0.1523950817838129,0.2533592711371824,0.28494574406320644,0.290045777818656,0.33763613603338377,0.43942659101753034,0.3125358840784678,0.17798560093337257,0.14224398973886707,78.747,-0.6119889670973288,0.860407696888543,-0.07192946778421834,0.0032481131237086917,0.8782832265865571,0.11846866028973406,1,0.3853059634901851
MAG,35.0,0.6896530977781518,0.23844098470589215,0.31977229006192137,0.16420138210937785,0.22822581257969496,0.261599160607561,0.23549791182357682,0.2995824237322656,0.5043946356041172,0.3075278498333706,0.16231162231684457,0.08347536995800837,79.274,-0.3078871336377296,-0.023377340135519207,0.8617634806922222,0.2805164756589772,0.7108212177428003,0.00866230659822267,1,0.6403339177372882
MAG,36.0,0.6920794064014346,0.25626759179906883,0.33734204375971555,0.16859307487380196,0.21225129678223495,0.2781210432600974,0.23039015719737227,0.293480534929619,0.4383907154195085,0.2765313331491822,0.15648562858789045,0.11119404904406287,80.942,-0.22417495095261172,-0.10613322854804197,-0.0868166288112484,0.7053982726240504,0.2462495855169034,0.04835214185904625,0,0.7377458804459107
MAG,37.0,0.6905983719640127,0.23946872164448932,0.3377762674692837,0.18734847562569518,0.244675017054878,0.2753901729713884,0.22062283882592926,0.2916736821787259,0.4862885991170349,0.28884788600688577,0.16383670882654808,0.09347564107095128,78.849,-0.27527340734793265,-0.26438341251143094,0.6015512686667405,0.5540669481418199,0.4390843577011303,0.006848694157049689,0,0.7226860005882308
MAG,38.0,0.6846940403155732,0.241947741185974,0.3099940843609695,0.13664985245715916,0.22729589049661802,0.2969550244642694,0.1944761720025242,0.2375715424938282,0.461142746370964,0.26563624937866526,0.1545501564165582,0.09497489031084351,78.498,-0.4789838854152029,-0.6880119538857802,0.2401658284578676,0.8129569863927663,0.1694515543684143,0.017591459238819527,0,0.5402286659709156
MAG,39.0,0.6924175984561655,0.2487589525288579,0.34379433508279406,0.15254486354033234,0.24930424763617873,0.2735668823732948,0.2778963357391311,0.33462249166756386,0.45005975456106784,0.3117663239983049,0.1707613729966131,0.10830321808831606,78.634,-0.21250669292615393,0.6635623222400965,0.08088581061570208,0.014592052838359917,0.944650117250513,0.040757829911127225,1,0.24590310390057524
MAG,40.0,0.6926737102087103,0.2520029900059991,0.3044612193067924,0.16096432209966152,0.2535291878957821,0.2995238313485602,0.22042281027767394,0.2987595969403228,0.4854615936526455,0.29881985852463583,0.16038766709839639,0.11912495021131447,78.508,-0.2036703587471045,-0.2676242769284119,0.5896658998617311,0.553065164425865,0.4405069931266115,0.0064278424475234545,0,0.7211515873576887
MAG,41.0,0.6894199044920867,0.24321638139539928,0.31809391379493146,0.16492236812722125,0.228658408701423,0.3082388142781776,0.21976414899252453,0.22204564704845356,0.466351433885514,0.25979079624572904,0.15194142004618982,0.08850696311433075,78.351,-0.315932737884732,-0.27829591325483755,0.3150228575419272,0.6673913791838052,0.3198617076443787,0.012746913171816272,0,0.6900864465811378
MAG,42.0,0.6524607549002454,0.2518097138263538,0.31231379036203827,0.1758394908394887,0.25268694388610846,0.3130034081269457,0.2054931388786167,0.28505270074539674,0.4721907295295385,0.27641371158816297,0.15248629517884124,0.100798663847175,78.63,-1.591092481715116,-0.5095149531166094,0.39894271693724165,0.8547364064491375,0.11080545580910742,0.03445813774175519,0,0.49398632849242313
MAG,43.0,0.7209449400835387,0.24584264148830873,0.34034338107340967,0.16243639282429642,0.26131430472470174,0.30218575598676206,0.23378284896102666,0.2888677749841905,0.4719526301482367,0.2900179291446726,0.17628134929271055,0.1273821996309009,78.522,0.7717399156525584,-0.051164804737969916,0.3955208544697355,0.2948198330389131,0.7004090165361258,0.00477115042496091,1,0.6350020553362303
MAG,44.0,0.6783655515529238,0.2316724162318374,0.327294505202288,0.14811043697189796,0.2174647056041811,0.28000959078682114,0.3380002422076707,0.3275923126809305,0.4618742983094847,0.29218128293734136,0.15795737396823525,0.07591152019613644,78.447,-0.6973285767442199,1.6373663791830575,0.25067938001675305,2.0082855239406446e-08,0.9430955323829627,0.056904447534181724,1,0.21836402040531533
MAG,45.0,0.6969356697561091,0.2538899939432105,0.3454797814083931,0.17770773482033686,0.2407674014335281,0.2952938177142649,0.2602238598841705,0.295435310722394,0.44980763370069926,0.26702378342180133,0.16401761702332088,0.12577982255361472,78.92,-0.056624788037429714,0.37723270250406227,0.07726243744835645,0.11869394053445623,0.8465637436704622,0.03474231579508187,1,0.510700418187549
MAG,46.0,0.694991062581821,0.23198393615096774,0.35197475494142516,0.1555349423484677,0.2281121099311089,0.30704703627927205,0.2672724677705318,0.3056229175286423,0.46041746412771467,0.2998084428363724,0.14973174820623725,0.07949685478241765,78.384,-0.12371737035061588,0.4914343136610943,0.2297423822777303,0.04126341581784459,0.9343661038864072,0.024370480295748367,1,0.2854911991408877
MAG,47.0,0.6820785772043081,0.24307490857926572,0.35058305001410245,0.17059552102712897,0.22691448631044003,0.28682064107015226,0.3036346402712215,0.33202794611940817,0.4286810567187339,0.26687023244072533,0.15116914519535202,0.07252999690438693,78.685,-0.5692222514974926,1.0805745739362889,-0.22635969061517225,0.00047613762456686195,0.8346469839339227,0.16487687844151044,1,0.4517016631618272
MAG,48.0,0.7013891157433947,0.2624130425992361,0.3011768722865299,0.14788158371532606,0.2446644757500611,0.29955269752754454,0.15388802479693928,0.22317705833326146,0.48386679067879534,0.24804753590337072,0.16952510984800687,0.10996849923344068,78.745,0.09702742276893417,-1.345621496009059,0.5667460736553473,0.15790702756621589,0.8272418144531264,0.014851157980657797,1,0.5108685155073074
MAG,49.0,0.6832437249974127,0.2291279899708498,0.32504773639353374,0.18373884537976004,0.2365369064108988,0.30082004096511683,0.2282589230340434,0.2815940508718837,0.4784700571699521,0.28530055105875424,0.15264092689735756,0.0876648678810761,78.854,-0.5290224747767698,-0.14066350447330841,0.48918652797288803,0.5120432133894979,0.47425124326488355,0.013705543345618623,0,0.7553303579251494
MAG,50.0,0.6790720466256984,0.2578720016035167,0.3386342999678006,0.17045218856201996,0.19949285831211022,0.26418852404525417,0.2307320959057882,0.33707781824242633,0.40741333891906784,0.29621220284767463,0.1679038413924234,0.1341785291609192,80.301,-0.6729531761745157,-0.10059313438368751,-0.5320102341415326,0.7199617378136919,0.02262491070432542,0.2574133514819826,0,0.6715961850452258
MAG,51.0,0.6782850891093816,0.22586812276877524,0.347615664238065,0.18523937138839142,0.19440974632056676,0.2818534328214903,0.2658418688588096,0.340262125986963,0.44843299636786654,0.31719826123645706,0.14829446345308067,0.07535309339174386,85.595,-0.7001046814443641,0.46825573666090425,0.05750673766478384,0.07697919042580312,0.8193946947175247,0.10362611485667199,1,0.5955231886809386
MAG,52.0,0.7114273943997015,0.2309594042249824,0.31664994101001515,0.18556392682859504,0.2270694007522249,0.30067985813626147,0.26096120056506417,0.2379060337470759,0.40031046655288105,0.2516348728895508,0.16202587502365,0.08476399455341874,90.696,0.44336679965491804,0.38917910313908854,-0.634089677727033,0.2074320900646957,0.42885924537683706,0.3637086645584671,1,1.0572198855682793
MAG,53.0,0.7059849062067862,0.23253923284124958,0.3636871927533881,0.189731344768848,0.18372359975316818,0.27884290271669426,0.2564266135269754,0.22470461703773528,0.3043350549416514,0.21032585066480783,0.15533099337173292,0.08623968573203059,98.955,0.2555907840668938,0.3157096813709177,-2.0134072425199547,0.00010369080481840062,1.072373728543207e-07,0.9998962019578087,2,0.001056783137660733
MAG,60.0,0.666632065106275,0.23446878903698937,0.35265886559424964,0.1848084317514971,0.1771722772373107,0.2592114089267191,0.22883793475535735,0.2865910987900073,0.2848130162698929,0.20777773121546717,0.17006073132628569,0.12411381137539056,100.559,-1.1021557910275468,-0.13128235112800665,-2.2939696322870082,3.701529635011204e-05,9.583357231919087e-13,0.9999629847026917,2,0.0004147460568866792
MAG,61.0,0.6802586522315939,0.2448088054452808,0.3445102330643452,0.15318978935564442,0.19317443577014687,0.26023479384824005,0.2532335367475009,0.21652088263653294,0.30440049984382717,0.20194133042388573,0.16281718957217842,0.0973560015135583,101.219,-0.6320130648042216,0.26397542140879343,-2.0124666963781697,0.00034096526079779816,5.154161980928081e-09,0.9996590295850402,2,0.0030631852052651013
MAG,62.0,0.7079999204108121,0.23542518754416014,0.30202715976543615,0.17479183615324007,0.19759767414004065,0.23084289178639825,0.26791340028412236,0.28222742627145686,0.3004263201239048,0.2201113818249226,0.17899748373648905,0.13359827178928738,99.789,0.3251125405086971,0.5018187082642607,-2.0695819074651243,5.510582539720572e-05,1.3794919400846273e-07,0.9999447562254087,2,0.0005978031291928142
MAG,63.0,0.6967522449287354,0.23085114772796947,0.32738546559796067,0.17732680818082466,0.22930052719699281,0.28095952895925014,0.25740397711040897,0.2753619339150636,0.2997922103409459,0.21679443599976858,0.17461884059647068,0.13239888331368474,100.016,-0.06295328743389736,0.33154493532656737,-2.0786950620425197,9.709923566246311e-05,1.5911549313003988e-08,0.9999028848527883,2,0.000994571432342035
MAG,64.0,0.6900167786099896,0.2373343335561102,0.3135976551824214,0.1867209623325351,0.21288310519373854,0.2601477497703849,0.2519706622146864,0.2837806050110219,0.28714600828486075,0.21148415168506596,0.16834018971810377,0.13529284200425587,99.995,-0.2953394651582395,0.2435143163704977,-2.260440868922056,2.719184884380392e-05,2.3992574174273675e-10,0.9999728079112302,2,0.0003130692904179719
MAG,65.0,0.7106575667939992,0.1993485391494692,0.30260953344391434,0.18197245843258375,0.23444476272154316,0.27704877756617613,0.3750028045242643,0.37158816848179843,0.2838418572168986,0.24670599852371108,0.16581424741784842,0.08319619450947288,100.703,0.4168063083199759,2.2368822412684044,-2.307926714809653,4.645845057194336e-11,1.6747320415222997e-05,0.999983252633126,2,0.00020094279259744857
MAG,67.0,0.7417711605640083,0.2513487773780405,0.3093998678056771,0.16691614024247534,0.2079966119047349,0.25076223113614704,0.25965703488416036,0.33061638782728797,0.3158237147491887,0.23067654392993922,0.1881414794100565,0.1465962769564914,100.088,1.4902834499630184,0.36804899853175055,-1.848297137729193,4.100697183198621e-05,3.836006032568304e-05,0.9999206329678423,2,0.0008836708503549541
MAG,68.0,0.7054959917450544,0.2256579792413688,0.3212686958475107,0.174600266812656,0.20902376510572446,0.2490207583388663,0.26701601951601156,0.2768276282934857,0.25630803246734096,0.20665061465577292,0.1661286650801239,0.12232984098121132,103.925,0.23872232127318951,0.48727933663346157,-2.7036310672622688,1.6025490847368064e-07,2.156422267462408e-12,0.999999839742935,2,2.68840876125156e-06
MAG,69.0,0.7046250828360383,0.23681986662476623,0.33227310959677836,0.18395840334273422,0.20120114307324066,0.26838987760721345,0.25371842255893706,0.2966348403807058,0.3226275388960845,0.23483288457658574,0.17357209770522422,0.10200235866548092,99.407,0.20867433603584234,0.27183154587846986,-1.750515487241564,0.0009731834418549213,3.483306632541894e-06,0.9990233332515125,2,0.007768933003919172
MAG,70.0,0.6957126861590147,0.20631817536457392,0.2956897572550016,0.17294866683554216,0.23680732247656264,0.27054447762107897,0.2831474883772402,0.2695495489417418,0.3019325344109834,0.21035489613388217,0.16452582209655084,0.08609531138254457,101.853,-0.09882000810071533,0.7486415465879183,-2.0479352399736097,6.348940165167079e-05,1.6714031404760415e-07,0.9999363434580344,2,0.0006798647019825581
NOR,2.0,0.6872544806255536,0.22754521687899482,0.2867441071088751,0.15028185653568163,0.27889970510000295,0.30816549742993554,0.25728578555609816,0.28129906786749864,0.4028460994856892,0.2574898428716269,0.14373145441828153,0.07809346675960505,81.61,-0.39064390882417505,0.3296299946538757,-0.5976486457650456,0.35850333470219004,0.1264608357142804,0.5150358295835296,2,0.9709934654605883
NOR,3.0,0.72308030187213,0.2441517289258809,0.26187013804552767,0.17151276438974397,0.26182263142787754,0.2962575579726718,0.21662589884435582,0.3408612207301095,0.44162535527608193,0.3093641034802961,0.16696398669984244,0.10746380339365018,80.396,0.8454138887118943,-0.3291418716217562,-0.0403297683221924,0.37237940615208354,0.6039918720480688,0.023628721799847364,1,0.7608779028027327
NOR,4.0,0.7564756433723501,0.2445088392271127,0.24913171716421875,0.15672119723026218,0.2568699284816218,0.29302823997057625,0.2596247016378676,0.294573213208332,0.41288870820912366,0.2685795281775976,0.1666073235766204,0.10805587727283568,80.209,1.9976155920202745,0.3675251349717254,-0.4533205686458121,0.014069694708695355,0.9601901181994172,0.025740187091887228,1,0.1931975570191991
NOR,5.0,0.7065071478799589,0.23307677421033077,0.27437130622410494,0.16195019113865192,0.23505184842630494,0.2707550336699902,0.2628175982343915,0.3407577733366634,0.4504956712808764,0.30783697268249316,0.14400239086443942,0.06979214022914802,79.502,0.27360909794951305,0.41925647560799206,0.08715061926121707,0.07862494464094795,0.9004633150420561,0.020911740316996007,1,0.37523328538234424
NOR,6.0,0.696746121019726,0.22936963753150844,0.2673568225324641,0.16639371292960858,0.25028486351623624,0.2777311468220962,0.24147254672830593,0.28398888252312426,0.44570938370384267,0.2752662369565117,0.15040634575654235,0.0942135823296217,79.045,-0.06316457374134671,0.07342375068914492,0.018364141409004716,0.4529190427886861,0.5114296358770948,0.035651321334219006,1,0.8205279759721391
NOR,7.0,0.6806547968101251,0.24099413501187286,0.2700263857964316,0.16271417138994013,0.29237974509120923,0.3221738210971502,0.21609142384857719,0.28014771142930006,0.4771071632434677,0.2740988127518034,0.15115507656538027,0.085862383435259,78.652,-0.6183453363835666,-0.3378014405217617,0.469599599402429,0.6831355905859292,0.30537151784330124,0.011492891570769619,0,0.6738841973831304
NOR,8.0,0.6979090085273646,0.20805160050604435,0.26117803740950074,0.16876874748913043,0.27477976057528214,0.3071569549365547,0.35212901746447256,0.32671432189272404,0.4173102001462058,0.28595604310552836,0.13677703103151612,0.05992881252001806,78.651,-0.023042781094057798,1.8662809285544981,-0.38977677769952673,1.4721551942638575e-08,0.9383848218528084,0.06161516342563955,1,0.23138904542667088
NOR,9.0,0.6977891709962741,0.2306697050668142,0.30078143026903836,0.1823759945105626,0.23962404480718474,0.2811132291307034,0.25053330384657085,0.2761030043389286,0.4443029986458994,0.2658985313078872,0.1496930627809929,0.08317029528883219,79.065,-0.027177399913326055,0.2202262225943556,-0.0018478231006269592,0.2888663331521665,0.6695914097132956,0.041542257134537915,1,0.7594242312861208
NOR,10.0,0.706878472476208,0.21532766656597732,0.26618264392370694,0.16910837623176994,0.24690131426187137,0.27301089714607574,0.25171763844389794,0.2826833179207322,0.4832771605625143,0.28352117285136896,0.15113988559180558,0.07413152262908917,79.053,0.2864204905886841,0.23941482286044152,0.5582721618224735,0.12858965486051313,0.8641223000090749,0.007288045130412126,1,0.4258194768071323
NOR,11.0,0.705281053029932,0.2355856462060933,0.28280612782026593,0.16415410268850253,0.25305449036052785,0.28895260360535835,0.2546658247377491,0.2796797239995117,0.4335437375053236,0.2682602962327684,0.1506169207660954,0.07953468659097968,79.148,0.23130653384459707,0.28718136487512186,-0.15647532223034893,0.23410183886328395,0.7104248123599832,0.055473348776732774,1,0.7432250681046562
NOR,13.0,0.7268058770877924,0.23180420268559304,0.2783824263287254,0.18411339362070278,0.21659660040768905,0.26961924092118855,0.2687721522082219,0.2812093747281487,0.4440151946095926,0.2700774859746035,0.15064611855536972,0.0669574734734871,78.978,0.9739531973834774,0.515732215001688,-0.005984019610044296,0.031095408806379354,0.9579610300449315,0.010943561148689015,1,0.19847558849128044
NOR,15.0,0.7062076196145369,0.2350839349278289,0.2661875517927711,0.1491991334715828,0.25572684764291814,0.307557346315934,0.2474214835946355,0.29355016955019514,0.43648839495806147,0.2638164856778168,0.15102799618121712,0.09108500610927095,78.855,0.2632748129233823,0.16980848165437076,-0.11415596481709571,0.3283612003947568,0.628015081619683,0.043623717985560286,1,0.7944597542020695
NOR,16.0,0.7025342962485551,0.24304846661744647,0.2809559801865462,0.1789056463257796,0.26416726433266213,0.3087960648416577,0.25926511806338404,0.28716628867150457,0.4362321430692449,0.2769512929718264,0.1439255667804446,0.06359424545448099,78.988,0.1365382907333391,0.3616991585216683,-0.1178387073583602,0.16767545901214184,0.778387583439565,0.05393695754829308,1,0.6519248838047051
NOR,17.0,0.7475566882835751,0.24212270552605775,0.2563365011638426,0.16387730074620568,0.2763778560340363,0.29893292806089766,0.26557609957569034,0.2846843763325015,0.4387404432970655,0.2729960225389534,0.17106733718760223,0.11267220379336919,78.937,1.6898949704195128,0.4639497402403913,-0.08179048934162962,0.019279731102642028,0.9740428803782311,0.006677388519127089,1,0.13519440068222985
NOR,18.0,0.7353688137637284,0.24215931098307422,0.2719502031640332,0.18057950477101986,0.21469445088882672,0.2547996512638301,0.24681526420051053,0.27913178287219953,0.45755218833423,0.29398125562669025,0.17608086097332437,0.1326290955392933,79.01,1.2693905182825687,0.1599865093387209,0.18856386411790865,0.11326709025954174,0.8813699948446357,0.0053629148958224526,1,0.3860325566259504
NOR,19.0,0.6962737151347397,0.2522695592739421,0.2542530205044754,0.16964051051403206,0.22918194446570764,0.2804996005579556,0.266992381986244,0.3371495635873065,0.4311076686283477,0.29155862949385264,0.16408235235233226,0.1235901783889289,79.504,-0.07946345978000419,0.4868963611542249,-0.19148546216774376,0.1093805491772341,0.792074116568984,0.09854533425378213,1,0.6550364191233844
NOR,20.0,0.6726942539750206,0.24060079852989627,0.2588049229796819,0.1607697161815007,0.2511047061622434,0.282231229275818,0.21151428059470176,0.287723733624629,0.442374807458253,0.2792090492336273,0.1519465598851432,0.09716424768654534,78.985,-0.8929989437978308,-0.411960358497685,-0.02955896211790805,0.8944778595518988,0.05994384289869527,0.045578297549405955,0,0.4092111261913871
NOR,21.0,0.7053419880307854,0.24441237402107316,0.30291490446654784,0.16302655817087452,0.24126985901729475,0.29667863528301186,0.2282513292269454,0.29470622375748756,0.43937956695626496,0.28444933082217055,0.151814828002707,0.07287677328338595,79.074,0.23340890527187752,-0.1407865394072115,-0.07260527747945553,0.5834036411663979,0.3830198813812654,0.033576477452336856,0,0.7959104771348902
NOR,22.0,0.7014086966401366,0.26224696666929537,0.2705421933128293,0.16149358461613086,0.23213912568369693,0.28704806951842393,0.2038595365820757,0.2923254837515375,0.4580782287440101,0.2903605120084974,0.1654110407619309,0.11555515465479638,78.882,0.0977030003065437,-0.5359825928637137,0.19612389188772616,0.6659259317586497,0.3198130417325915,0.014261026508758734,0,0.695955470456712
NOR,23.0,0.6795577671304345,0.23194600285210545,0.22497242069371706,0.14140421196209593,0.3440042733356871,0.32766188936846774,0.23106072060120783,0.2830339613657581,0.44869482741557537,0.2884511903054941,0.12863132036217664,0.055978787625485464,78.657,-0.6561949108672123,-0.09526875398290949,0.061269661491313826,0.7140480256903287,0.24013929009718996,0.04581268421248151,0,0.724311769161799
NOR,24.0,0.7087327270083986,0.23711730445820461,0.28205011574458705,0.1608425716871131,0.25124402981325905,0.2927346132277455,0.24783592324402146,0.2888190722034887,0.407392107548701,0.26033940545527035,0.1607022670647463,0.0998710848044026,78.681,0.35039573786510975,0.17652323674506198,-0.5323153623153012,0.4138550120391246,0.3346982149696911,0.25144677299118423,0,1.0785834636267775
NOR,25.0,0.6893050667364102,0.24820188923579248,0.2868302148169868,0.1523339262928472,0.24184913627966018,0.283723213532625,0.22870100916455613,0.28628146045286734,0.4551723568954693,0.2799094557416887,0.15658782988070033,0.09888961964851943,78.78,-0.3198948551067894,-0.13350082083581735,0.15436194458850117,0.6405064733527948,0.33598088454273073,0.02351264210447469,0,0.7399753063371596
NOR,26.0,0.7211235373834834,0.2306134911595463,0.28675372018186307,0.18138575112789299,0.25162936953978526,0.28972270918354864,0.23988120020791193,0.20650370913293373,0.45361083696554105,0.24760050718170645,0.1578172226340214,0.09995116456379793,79.067,0.7779018563292618,0.04764073942393067,0.13192044805344233,0.24347261210132312,0.7464695730967962,0.010057814801880574,1,0.6084941177132832
NOR,27.0,0.7325445202776139,0.24910981995738432,0.24013985051113965,0.15463204360012328,0.28907460468581075,0.3150422977369405,0.22277659064665145,0.21630058527117438,0.45389917148702497,0.2502534690166898,0.15812953773382327,0.0899603825443752,79.109,1.1719471139286253,-0.22948830528965036,0.13606426846892455,0.23738887289375854,0.754426030639846,0.008185096466395612,1,0.5933071857557422
NOR,28.0,0.7086560215967108,0.22850225823589412,0.23203131491738616,0.1692664191678259,0.2865581934999489,0.3105124497306427,0.30517590033922204,0.3278443847777044,0.44004190938663723,0.30385083258424206,0.16144008551999106,0.07884601474995998,78.771,0.3477492577864713,1.1055460840295424,-0.06308637536918608,0.00026227668999573295,0.978957493237203,0.020780230072801522,1,0.1034797895452821
NOR,29.0,0.7115872939248674,0.24771043300788953,0.2478066923375947,0.1370480986176434,0.2952220415842251,0.3198129866587438,0.3526193333772766,0.3251688910482181,0.418631636858905,0.2733815610384772,0.1527192140653097,0.07842754435591758,78.906,0.4488836321524438,1.8742250315775215,-0.3707856544733884,1.6876719712177046e-08,0.974308257750407,0.025691725372872905,1,0.1194316181147119
NOR,30.0,0.7184564616398745,0.2346731875334551,0.26381143300744714,0.15162609372457383,0.26631110047219253,0.29675970236200044,0.24470368251119928,0.34835584417561016,0.49635401839682847,0.33309680137931946,0.16730977458308074,0.08335472988894874,78.568,0.6858827579583585,0.12577464298201277,0.7462071693453693,0.2132873395511137,0.7827728608699606,0.00393979957892572,1,0.5430776896898842
NOR,31.0,0.7007413192384707,0.2475851447176778,0.27248214134244003,0.16205583282225755,0.2901643045507347,0.29826906827492533,0.2129775937178395,0.28837497142307505,0.48308023957368873,0.3010137964663287,0.1623843667354148,0.08810868417340854,78.454,0.07467723250764592,-0.3882517455369735,0.5554420975986936,0.5806937485039991,0.414564922985317,0.004741328510683894,0,0.7060334909264324
NOR,32.0,0.677401070761701,0.22662916251198956,0.2779439556030381,0.14652231469421143,0.2501397504037376,0.2648836857978622,0.27192535845252036,0.28496952806091935,0.482612134064536,0.2873125160987211,0.14486443606938562,0.07333711618288502,77.914,-0.7306049668193985,0.5668204921785293,0.5487146854406078,0.007832143252569933,0.9589172850439449,0.033250571703485166,1,0.19138356470878454
NOR,33.0,0.6982455886009784,0.21279749236005635,0.25943501339964953,0.16301886760921996,0.25373715314862794,0.27672037160805296,0.32826516301880937,0.3288079213661722,0.4629083403028255,0.3231664158572772,0.15849153995383855,0.08121589248576122,78.042,-0.011430139429203456,1.4796385347585632,0.26554018926158285,7.074147492629935e-07,0.9808862607003306,0.01911303188492,1,0.09457753824465495
NOR,34.0,0.7156273154623397,0.24170904167782076,0.264949586653824,0.14401127720264698,0.2692349965971842,0.29736756281598775,0.23884762807031407,0.28805572795931156,0.4813064073109448,0.29220639404372917,0.16544387689654788,0.10309991211017591,78.026,0.5882719266799139,0.030894793945946835,0.5299493390272598,0.26884690154718693,0.726561206861096,0.0045918915917167276,1,0.6099684178079727
NOR,35.0,0.6728632989330641,0.24701413062221378,0.26444543867098314,0.15206525599485318,0.2549566614819848,0.28633948819328975,0.2125370723833407,0.288992963671464,0.4460205369596912,0.2725160529834506,0.153840408488322,0.104751030395276,78.192,-0.887166576771666,-0.39538907633475434,0.022835902914679258,0.8852964446665683,0.07504561251776184,0.03965794281566998,0,0.43019522118271025
NOR,36.0,0.7111023232954824,0.23829844977289108,0.2740138573142557,0.17080144099722427,0.28550397280250356,0.31641371812173275,0.30025148528120416,0.2805636433700439,0.465308971111628,0.2688638864619896,0.1406512912936101,0.0642578817794673,78.05,0.43215123894639523,1.0257606650222288,0.30004102844086356,0.00032899344428451394,0.9899465650527727,0.00972444150294269,1,0.05769551751279062
NOR,37.0,0.7126551952344785,0.2152610916216282,0.24369362988653068,0.15248854663883582,0.27106980949446957,0.2960307577214713,0.24498514271946797,0.29409274923767575,0.47936367705057314,0.28184453671986603,0.16347031374805557,0.0815923802780335,78.303,0.4857282234224881,0.13033486391912488,0.5020292506754653,0.20334404823056512,0.7909009037568391,0.0057550480125958025,1,0.5391120434187724
NOR,38.0,0.701897861829179,0.25083667796843784,0.2789386034981654,0.15141456640378498,0.2427954807477935,0.27295021539994235,0.20573327165788458,0.2889891191612784,0.46105325944032854,0.27974650304818216,0.1773746801184426,0.10855316011220775,78.214,0.1145801136611148,-0.5056243195722083,0.23887976056638682,0.6496987784618176,0.33854779230666193,0.011753429231520663,0,0.6990856755982322
NOR,39.0,0.6981805897926119,0.2285483328812676,0.24732609172772946,0.16380774440886844,0.2768030159479744,0.305137338794929,0.32078835374030884,0.3264937458636647,0.4629323208711767,0.29418051613269675,0.1444373742884943,0.06748433575327502,78.151,-0.013672719811632828,1.358499200625537,0.2658848277328872,3.919663592589557e-06,0.9813185913891307,0.01867748894727677,1,0.09289916670548429
NOR,40.0,0.6961276573215975,0.24013932847141764,0.26200334116833135,0.15766181122111383,0.25256559855525484,0.28038290894024526,0.2272133298859662,0.2812733222675295,0.4683676426477535,0.27768141658937584,0.15741700376284432,0.10343158553567079,78.529,-0.08450272734020459,-0.15760421447594863,0.34399894749412663,0.5329340040344606,0.4562700310562672,0.010795964909272081,0,0.7423181513056398
NOR,41.0,0.6861683816424784,0.24640145222093998,0.26030634803564784,0.1357975807968072,0.3049478693477613,0.30423472192976814,0.24219995463176672,0.2817416518368062,0.47872628300944803,0.2925272211069448,0.15862455033401995,0.09739985819259624,78.409,-0.4281163538432659,0.08520922037094118,0.4928688961444581,0.2640797902844082,0.7189524751901389,0.016967734525453054,1,0.6580168484536428
NOR,42.0,0.7048629056837884,0.23467763188483842,0.27064882115413946,0.14612935788586937,0.2836136737748112,0.29630448620417005,0.2508057599903485,0.29089221657910863,0.48679810864420103,0.3026578678751494,0.15333966174933156,0.07318211724109444,78.149,0.21687966881441265,0.2246405595940408,0.608873721662267,0.13375867808595654,0.8588174097239117,0.007423912190131745,1,0.43619564838986197
NOR,43.0,0.700590792823519,0.25545685097243664,0.2487422160426902,0.15902213724411726,0.28166168168748135,0.2940689040558586,0.2541184657679412,0.2768207734637127,0.4483254837252787,0.26831057120717833,0.16693742264544137,0.1114014292017738,78.045,0.06948378983244113,0.27831304970692144,0.055961611951133125,0.19523996411916567,0.7741798301495335,0.030580205731300786,1,0.6237271920836261
NOR,44.0,0.6977185506699536,0.2412153536176072,0.25972627963980083,0.1434088728873525,0.2984018726337568,0.3066829411991341,0.24363837113154857,0.28109425055522286,0.46182737136455176,0.268594273067267,0.16076654302460666,0.10146274581185546,77.991,-0.029613933172738662,0.10851445800627614,0.25000496603590733,0.30744982287763795,0.6752208548001997,0.017329322322162673,1,0.6980658792733053
NOR,45.0,0.685505658480449,0.23336931137468575,0.2579104917192207,0.1502888492495435,0.27230451368414105,0.2992448492892575,0.289471411742202,0.2822709309200704,0.4451031523412612,0.2728763903601365,0.1456296124443558,0.07786705184665103,77.862,-0.4509815416751431,0.8511018123248818,0.009651643565034645,0.0028411280741546413,0.928393688541422,0.0687651833844235,1,0.26972656967485414
NOR,46.0,0.7161117768459249,0.24655218537654355,0.24535254307388543,0.15096421106785926,0.2917691253474221,0.31844882496246774,0.26423561862558165,0.28342097562145147,0.4809468151704311,0.2732859430975974,0.1484959911742155,0.06927171420866386,77.844,0.6049867499540006,0.44223125530041707,0.5247814345895983,0.04379752895083193,0.9501537744200217,0.006048696629146363,1,0.21648540455447374
NOR,47.0,0.7177166397616292,0.24286813770297735,0.2664907437033981,0.1645490824147793,0.27807420807536737,0.3075691040943646,0.28267892327663197,0.2861282148240746,0.4296914086605838,0.2809738512155976,0.1600611597086247,0.09597731749198922,78.234,0.6603575203064721,0.7410498504283182,-0.21183934465759222,0.010716727911650459,0.960404005533872,0.02887926655447784,1,0.18977840601016327
NOR,48.0,0.6751215762782228,0.24127627027835555,0.22762413405395693,0.15603712170233278,0.2774035993913924,0.3249405079551646,0.23651647741743295,0.283976907795497,0.47388010929031904,0.2859576085714833,0.14760980549649078,0.09494537375968622,78.297,-0.8092517872607563,-0.006874530820141344,0.42322176027272884,0.4072582808644249,0.563129998027746,0.02961172110782931,1,0.7934386777134609
NOR,49.0,0.7260495319872023,0.24102763686782497,0.2537705821186596,0.15832288516872228,0.267423553380562,0.3148311957556123,0.27364449716707007,0.31807524258345554,0.4697212709962555,0.30598898560256466,0.15724230493457056,0.07709294498072966,78.152,0.9478578776759937,0.5946739937733464,0.36345271514092237,0.01667428433384058,0.9782114874245108,0.0051142282416488305,1,0.11679332699394561
NOR,52.0,0.6996078666926074,0.23005247768880968,0.29481729564594406,0.1439495435775469,0.22719994915075373,0.29316195795416056,0.2521949010867661,0.28012990112192343,0.3904917745677615,0.2683735240671624,0.16566234865245869,0.09902041659948006,88.675,0.03557100106053574,0.24714743668140216,-0.7751997192575267,0.3075605978846522,0.07454877901816821,0.6178906230971795,2,0.8536702558700797
NOR,53.0,0.709865133232538,0.23431573786448084,0.24304584880510047,0.1548162522202235,0.2665767119668377,0.3041718624014917,0.24964932053998845,0.27548520467512844,0.3177202838206726,0.26063844030887046,0.1586860497109746,0.08615632466068306,92.162,0.3894658692569918,0.2059039167610337,-1.821040458239895,0.00040332552854902443,1.6026556731376104e-06,0.9995950718157778,2,0.0035785299626490763
NOR,56.0,0.7003179121195442,0.2322712904975275,0.23005299525073364,0.16493116650830641,0.29754255937201424,0.3131548725119472,0.17965914285843793,0.23567100193727727,0.3271614343266318,0.18448145169521288,0.1618301824165707,0.08437517551159296,100.384,0.06006889548504599,-0.928077599201295,-1.6853562813647478,1.2490998089098505e-05,2.3730949897420528e-08,0.9999874852709613,2,0.00015396092579117362
NOR,61.0,0.6692768734596072,0.22739327898737977,0.24958499760310993,0.15948894839494854,0.28632488460375544,0.3016086040690945,0.24226823984960566,0.2829103120718635,0.30577677225145194,0.20285979850132635,0.15196735834221103,0.0783300580772928,99.545,-1.010904959242717,0.08631557811152503,-1.9926874979990448,0.0005845694429297655,8.188673742554858e-10,0.9994154297382024,2,0.00493632621171062
NOR,62.0,0.7124885534699741,0.2443576043517676,0.2349226104489398,0.1843328311268526,0.25103509808402813,0.2843219117204828,0.25570693537226613,0.28876058038069163,0.319655454093425,0.20994482597532893,0.17195353123824997,0.11746657812792678,98.893,0.4799787710653966,0.3040494491509717,-1.7932290187965845,0.00046378649206090845,4.699730582331615e-06,0.9995315137773566,2,0.004086097904253071
NOR,63.0,0.6986672241298231,0.23915453974780843,0.22347892211147555,0.17957994192312896,0.2544108732366973,0.3111496803421229,0.2859037929528229,0.2840472099190236,0.32720808773475696,0.2161473725424321,0.15896377195171288,0.0781599508571226,98.511,0.0031170744241704558,0.7932992192015588,-1.6846857985379051,0.0005658573946868324,3.996061117546144e-05,0.9993941819941375,2,0.005241351265424064
NOR,64.0,0.6983433511508161,0.22613224712408206,0.3189286496882282,0.19336126122473696,0.22027748457616408,0.2617318881568099,0.2148235693713335,0.2094023294060301,0.32575286234319506,0.17812030041532564,0.15852150404281717,0.07612236951747567,98.75,-0.00805714872503404,-0.35834323066645785,-1.7055996754321734,0.0005212427958230385,2.14991150892073e-07,0.9994785422130258,2,0.00446485034702912
NOR,65.0,0.7052058116370997,0.21772928205822997,0.24216783324043548,0.15655504398889764,0.263369160121947,0.3106087993185637,0.2397890345512197,0.28722016397544237,0.33614968383066385,0.21543964261771115,0.15377043474617752,0.08399221989687611,98.818,0.22871056515297192,0.046147470588822785,-1.5561810039731572,0.003804228061918784,1.9665072692839428e-05,0.9961761068653883,2,0.02522547409526613
NOR,66.0,0.7007286903567953,0.23713720479944667,0.2321832708858871,0.16025001395065389,0.2491667914731198,0.29640614620365546,0.2482906487988176,0.2776908740525679,0.32025536373847385,0.2014304142560631,0.17281042015549425,0.12454691486669914,96.981,0.07424151248432483,0.1838907044534697,-1.7846073739730497,0.0008747006087958473,9.99576668685233e-07,0.9991242998145354,2,0.0070484438116863255
NOR,67.0,0.6889077692222426,0.23962063823902807,0.23358925628590554,0.15697496000204522,0.2892670757826296,0.29254413186620914,0.3026285644341246,0.31338786441076655,0.35268822375889014,0.23794856585542354,0.1533828991105787,0.06559704470580319,92.417,-0.33360236196193255,1.0642741237771955,-1.3184961820373429,0.0006060090936472046,0.0026950762333571724,0.9966989146729957,2,0.023730276249265728
NOR,69.0,0.6822436101922318,0.2358553153760459,0.23878299590395877,0.1514595671874707,0.24839404098114737,0.30049123064000133,0.23936313457937441,0.28283711588439275,0.38572648631570294,0.22830383779807553,0.1661068752985972,0.10392246920844117,90.126,-0.5635283049395123,0.03924703524603995,-0.8436844037930885,0.3722874897442038,0.005775699366958747,0.6219368108888376,2,0.6929898738850417
NOR,70.0,0.6956012499548568,0.2518538744430521,0.2279624755197381,0.17960311599014814,0.2527528004153717,0.29690565315105655,0.2020453042394979,0.29568088594846037,0.3854850266430349,0.22719141803109139,0.17126901235192166,0.10927606858768397,88.512,-0.10266476543730615,-0.5653768023127143,-0.8471545589308362,0.1927341687142346,0.003726914887142437,0.8035389163986231,2,0.51392525421075
NOR,71.0,0.6855371256854348,0.2471167216344627,0.2730645930546367,0.16179304851373102,0.25573155318718027,0.2831941963691094,0.1993473665087319,0.2890101084599572,0.40580534202374224,0.24959607334486308,0.1743332720983183,0.1197142820008274,88.373,-0.4498958642855956,-0.6090888147586045,-0.5551196777440184,0.6290104836622681,0.01263921729409019,0.35835029904364185,0,0.7146142292384726
NOR,72.0,0.6720309567692899,0.2323972209050672,0.24227499456820825,0.15569737722877838,0.2807926492672936,0.29202582548281797,0.21095721065168,0.2870432253969033,0.4252688048355449,0.2669347843879802,0.15926321365260496,0.09611263136266614,85.959,-0.9158839372103857,-0.4209860109450767,-0.2753991151820122,0.8805175578873802,0.020983703569291176,0.0984987385433285,0,0.4214147036664411
NOR,73.0,0.6706965745622636,0.23265720451983107,0.27517357248146374,0.1723144342562956,0.2385801825947608,0.2749990045009123,0.19108561216602754,0.2927447363069937,0.43172878709270046,0.289670771377266,0.15436737383825613,0.07149370138440925,85.767,-0.9619226175391968,-0.7429458361920253,-0.18255901326467158,0.8830815478023113,0.02083929173954212,0.09607916045814648,0,0.41554087512357984
NOR,74.0,0.7198938976077294,0.25485225538339795,0.23689217268909146,0.14496955098509012,0.26718239467881527,0.28170031979145377,0.27524180284264543,0.30401879289811945,0.39014650504002885,0.2655870422652386,0.1652274636078121,0.08109266629617498,85.471,0.7354769856606912,0.620553555326762,-0.7801617852304088,0.050862926932151706,0.5093482824593817,0.43978879060846643,1,0.8563887763118784
NOR,75.0,0.66699951550039,0.21766815193289812,0.2576995988488815,0.16191250514570213,0.1970024148160975,0.21928889636240328,0.26915223079821754,0.3322435245141225,0.42135984631989426,0.288156528325893,0.16700939093898948,0.08645263458128277,85.278,-1.0894780656035423,0.5218902518855073,-0.33157699501777793,0.11513299487327142,0.2843719353726515,0.6004950697540768,2,0.91272205157123
NOR,76.0,0.6726499941956222,0.2273207919923126,0.24974320825867652,0.15254076739105815,0.24804995501931118,0.2656870941846394,0.22795392274801918,0.34172110856270965,0.42538445332959407,0.2890566506798094,0.1798752857307267,0.0883855645962255,85.767,-0.8945259889161004,-0.14560512197124303,-0.27373706449104973,0.8285664116638063,0.04665681744693519,0.12477677088925844,0,0.558507979842529
NOR,77.0,0.6879808045032373,0.25811749080347984,0.27091763711760275,0.15362577685029066,0.23818924476113587,0.2736800103254575,0.2461400924638658,0.3352977789732033,0.406290572383325,0.2568214281358267,0.15268676230658915,0.060621663906681056,86.888,-0.36558437742171385,0.14904737052214498,-0.5481461545602432,0.5608760135735208,0.09119448887027291,0.3479294975562061,0,0.9100470264809848
OCO,2.0,0.7056062536570895,0.22410540593659553,0.3837236830020903,0.17390456775911997,0.22084544575022627,0.3004305765596092,0.19010028327746256,0.3020239413378446,0.44548670055931444,0.27076698303628005,0.15512628581172266,0.09569535705798886,80.301,0.24252656333659411,-0.7589101440962032,0.015163834502530747,0.585665453203006,0.36769338465944457,0.046641162137549444,0,0.8241820884622072
OCO,3.0,0.715057469048629,0.24636601395471822,0.3505494713742991,0.1719001645765036,0.20694916583806763,0.279651834009094,0.15320090699009664,0.21769949611107192,0.4555655453158728,0.22853230882967004,0.15183961153669773,0.09314325976047386,79.704,0.5686111602674089,-1.3567541851671479,0.16001268039083918,0.04462598215399652,0.8817854240054808,0.07358859384052273,1,0.4417083003536814
OCO,4.0,0.7181049457007996,0.2319463364666601,0.3067047280880785,0.17387437021580462,0.26805105201797536,0.3244408844978777,0.3167332537169156,0.3137193730689632,0.4397415603785956,0.29095751277593623,0.13734253981352856,0.07025314924684194,79.314,0.6737548010174339,1.2927984319715589,-0.06740286284660486,3.197624450782118e-05,0.9880381948635238,0.011929828891968359,1,0.06505473934219523
OCO,5.0,0.6989115692904756,0.225301184944541,0.35618056680072874,0.18563797416768357,0.24338339661908945,0.31276812038967877,0.1806964214276003,0.21837447666094437,0.48182033017661147,0.23510153188025354,0.14509455811215638,0.07890549409294989,79.041,0.01154743918918252,-0.9112716020843015,0.5373352186360302,0.5409077679259474,0.45165692691450404,0.007435305159548719,0,0.7278271620119762
OCO,6.0,0.7595172193067955,0.24250950554377546,0.3590280290311871,0.17264009831916138,0.2319344265886758,0.2847975260743826,0.17622183760818877,0.2279154927360927,0.45726971253736215,0.2371437704997153,0.160143128693651,0.10169502407205416,78.731,2.1025556469793383,-0.9837688511400693,0.1845042427866976,0.004942673306720071,0.9857390187713883,0.009318307921891719,1,0.08397395914043236
OCO,7.0,0.6927439311855993,0.20769476539668486,0.35287822574201555,0.17382172477911587,0.2388941379147351,0.31414373232868814,0.2675856005458527,0.30838251167165454,0.4714867786373899,0.2817728959758282,0.13554448821507656,0.06896219405059299,78.782,-0.20124760378953122,0.496507693826972,0.388825835811216,0.028512459469436233,0.952218098123621,0.019269442406943005,1,0.22415189460951618
OCO,8.0,0.72595051371757,0.23001198964061598,0.3044182827067403,0.17668066012949796,0.26320111115753214,0.2848722540226662,0.21779555669906026,0.28792602070011647,0.47445109832617954,0.2825228979967427,0.16097925759623558,0.12609314906532354,78.533,0.9444415622917579,-0.31019106407744823,0.4314277704710161,0.35358595746800353,0.642634034803473,0.003780007728523536,1,0.6728429231007523
OCO,9.0,0.7108185728782901,0.22709060261063116,0.33991602690768496,0.1631263817315225,0.2624638386667392,0.2857487480573024,0.21044992102622892,0.2882481737330481,0.47010019556977767,0.2835901757805014,0.1471928366455705,0.09120175043546014,78.594,0.42236131917566055,-0.42920512221978074,0.3688984570368566,0.5218407380326356,0.4719474762748257,0.006211785692538845,0,0.7253449652315449
OCO,10.0,0.716414025291315,0.22318655964397824,0.347709165534495,0.15226400633149034,0.21969849254725357,0.2820289442746321,0.21782541209522985,0.2854105082077255,0.45179765028363605,0.26315164262065255,0.15555699660475425,0.10234986372661808,78.46,0.61541488627351,-0.30970734666838423,0.10586210460261271,0.4572747234297504,0.5290751248718405,0.013650151698409007,1,0.7532403587977561
OCO,11.0,0.7235543007145868,0.2327632566712275,0.3379352747541026,0.1606397787002557,0.22027638066319402,0.2630949274630558,0.25636264464976355,0.3725961899924437,0.4706703204134658,0.31466566234039506,0.16996536983614113,0.0848410882903693,78.271,0.8617677347607908,0.31467325702170224,0.37709204743487723,0.08639734813156943,0.9083371200641025,0.005265531804328346,1,0.32652292728526905
OCO,13.0,0.7002556717424,0.24226087008509017,0.33864303666207785,0.18021069694087102,0.18605519869543558,0.2596714616782192,0.19257844648288217,0.29608359938028395,0.4531232633847431,0.2663742634568165,0.15215793432769423,0.09036095400271757,78.025,0.05792148613576217,-0.7187589205735265,0.12491324909661206,0.6699319936592724,0.3043773633979509,0.025690642942776648,0,0.724483249438612
OCO,15.0,0.7051634764467227,0.21513469524145248,0.3629652356247644,0.17219426642377672,0.23638366548464368,0.2980998483645689,0.22439429794245175,0.2977738267137561,0.46589283141984894,0.2766404668075679,0.14237248233075445,0.0726732298766129,78.018,0.2272499219533227,-0.20327819649379136,0.30843201906017675,0.5075225053878131,0.4838465211920541,0.008630973420132759,0,0.7364933421959091
OCO,16.0,0.7078385048423835,0.23084470290128747,0.31876333075702146,0.16143020269432093,0.2788289125347654,0.30052522033850104,0.24272880668573307,0.28231134470768465,0.4566427381701426,0.25574330447474347,0.14529135729932255,0.0876359698825587,77.948,0.3195434016848701,0.0937776863149081,0.17549363535232795,0.29343229138745414,0.6925215162553786,0.01404619235716709,1,0.6741359349493465
OCO,17.0,0.6768092771019514,0.23482082996136078,0.3627363696765116,0.16263251311517712,0.18965499948913295,0.25993345098736487,0.19130170065028818,0.2960651437348866,0.4545238887078581,0.2787951771232746,0.14489296361479806,0.08929016620292435,78.372,-0.7510229542433657,-0.739444768541093,0.145042437160862,0.8772906697512493,0.09416383806387724,0.02854549218487345,0,0.43884995882150735
OCO,18.0,0.6802845104049231,0.22150166725842474,0.3391011318776746,0.1748312606252113,0.23074352086422556,0.30866971130609344,0.23385711254663685,0.281259786463714,0.4579633257447583,0.2704824946511397,0.13719770541490323,0.06992571711576535,78.22,-0.6311209094910566,-0.049961585426623024,0.1944725551291258,0.592483581631608,0.3728668812549585,0.03464953711343338,0,0.7944787807993079
OCO,19.0,0.7106505970013176,0.22424992257978182,0.33839300023519747,0.15574250867210393,0.25742417890177915,0.2924707388118565,0.22936479588912106,0.2816715685169365,0.45206557690865523,0.2540492481184025,0.14487123330470458,0.08868345188587902,78.074,0.41656583744473896,-0.12274614209185652,0.1097126314590289,0.45255852491089105,0.5328450579328822,0.014596417156226706,1,0.7559435013748471
OCO,20.0,0.7315939059466182,0.2424366125274889,0.32681247668106583,0.17342171481461763,0.22998290567734003,0.3043295448811199,0.16766435462618073,0.20955672264883027,0.475744861315052,0.2390925331276638,0.15608544582620784,0.09995748440786098,78.087,1.139149142650047,-1.122417270764203,0.45002117877500275,0.05291018063731959,0.9395566248828693,0.0075331944798112775,1,0.2509157163019964
OCO,21.0,0.7033934843455057,0.23597235349005774,0.36969576998461845,0.16514179609346705,0.24799849239986294,0.31706589222897924,0.2506303540260199,0.285316833871886,0.45066735695823956,0.28115318455256144,0.14479643195945993,0.07394034143294513,78.161,0.1661818860462444,0.22179863051303222,0.08961801238238026,0.22512359938900378,0.7513363258408343,0.023540074770161984,1,0.6387444981329626
OCO,22.0,0.7003734931613814,0.23925270988319525,0.3627331858584661,0.17405896410121668,0.24762807310489723,0.3155904749005024,0.22472025373484697,0.27944073947427533,0.453827995331565,0.2601398159076376,0.15090514912530256,0.09166733907558328,78.057,0.061986545318813535,-0.19799705768487433,0.13504135520632699,0.5996676277513873,0.383379970488364,0.01695240176024861,0,0.7433360510554498
OCO,23.0,0.7012175939083224,0.23399497023015425,0.37256278007114846,0.16961108579578205,0.22683356865834362,0.29889300561569027,0.22940005129772703,0.2956504152803893,0.46614158655408217,0.2832594956756349,0.1420279369059523,0.0736654096275611,77.873,0.09110959885557256,-0.12217493363059548,0.3120070214511034,0.48255862902412133,0.5072173922050354,0.010223978770843252,1,0.7427814874475897
OCO,24.0,0.7090596691767053,0.2270409813494699,0.3684184151523555,0.15776664730434845,0.20074620646639157,0.27529472225557144,0.20170112699121567,0.288761731943772,0.47953892681991084,0.27052756850635246,0.15803910749769626,0.10881475098773431,77.498,0.36167585378198897,-0.5709531653210012,0.504547865402043,0.5380223181042403,0.4573931801652839,0.004584501730475891,0,0.7159622234130661
OCO,25.0,0.7342475056250742,0.22184412436648043,0.352286526998589,0.1811639148828608,0.2772908444491509,0.3058031359510416,0.24398766165849534,0.23224836413639868,0.4507464991349262,0.23932420995938455,0.14387321025622604,0.07693535785315506,77.451,1.2307032915841267,0.11417366640349648,0.09075540989479747,0.12982873150067856,0.862655170588074,0.007516097911247452,1,0.4292583597435997
OCO,26.0,0.7276298389423413,0.23587194294959166,0.3590299241884589,0.14542544727011614,0.20648619927891365,0.2548392537455488,0.23252321657289632,0.2276504272031227,0.46645083591974507,0.24473949440915407,0.13370351318461518,0.06389330401962565,77.433,1.002381421489709,-0.0715733805176514,0.3164514210613677,0.2556733599686256,0.7394815710883585,0.004845068943016002,1,0.5977044174985161
OCO,27.0,0.7173976231095708,0.25729493628250555,0.3363677533234133,0.16879951799339876,0.2126101969343148,0.2620348382394291,0.21778227386557938,0.34047302561103343,0.4853965543719314,0.3134453678818339,0.1564815842834841,0.07948286172785533,77.145,0.6493508495142875,-0.31040627267022314,0.5887311831380994,0.44818299768714615,0.5487259910849238,0.0030910112279300484,1,0.7068758832039902
OCO,28.0,0.7022806861337443,0.24568766436565204,0.383037052967259,0.1659875188970755,0.21595641274641067,0.2930105108774598,0.19535577628442924,0.2903725782279139,0.46774359300185386,0.27688078999558696,0.14830432323181808,0.09573056349559063,76.938,0.1277882677320962,-0.6737605970513975,0.33503037290359633,0.6139701557789161,0.37616718012605027,0.009862664095033611,0,0.7128425568594197
OCO,29.0,0.7103087437444101,0.23576899086246808,0.3686298068770901,0.17690253295541536,0.2592472802562179,0.31760590247795484,0.1854099653533435,0.21334074267332742,0.48732729811416586,0.2570554967344111,0.14556203309300816,0.08348522393632177,77.179,0.40477126109977957,-0.834902719142056,0.6164790063781342,0.44591783981597904,0.5497799089949009,0.0043022511891201275,1,0.7124725525248318
OCO,30.0,0.6993566470550635,0.23077563666549147,0.3269303561306219,0.16290605301846997,0.26137184355442805,0.3072355424192389,0.19960244356832713,0.2915698579625794,0.4976741392492062,0.2974041290615873,0.14818865188706734,0.09654964819142577,77.334,0.026903453993208277,-0.6049560538440217,0.7651793815897917,0.6118194184737108,0.3851105492103492,0.003070032315939845,0,0.6858434264665965
OCO,31.0,0.6898598936605034,0.25817977819955223,0.3674615351410566,0.16329751618059557,0.2339587924961266,0.29826487977536537,0.17796714780426715,0.2939103210264445,0.49820029636941,0.287174497398775,0.15450477599167986,0.09627507153786279,77.331,-0.30075228916006125,-0.9554913189557901,0.7727410866718983,0.5928943413789725,0.4023568094626153,0.004748849158412108,0,0.7016467591258091
OCO,34.0,0.697318541497381,0.23795627090157997,0.34865775193269466,0.1935736313851446,0.2407185494876654,0.3108250580871313,0.16226443194202345,0.22514918133294265,0.49565831908898467,0.2611294775887691,0.1426220762363721,0.06942256499371882,76.95,-0.04341499731140084,-1.2099068687949592,0.7362088764595802,0.3251663075026904,0.667863113673791,0.006970578823518637,1,0.6695118108297429
OCO,35.0,0.6945885313630528,0.2424949712210331,0.36903330774605,0.17541710219708884,0.21982069184129524,0.301111331258025,0.19931767916365453,0.2902275372109288,0.4738528244004177,0.296082577287305,0.14237996288405125,0.0688375885032574,77.095,-0.13760544979716002,-0.6095698094022943,0.42282963350543973,0.6864518498535315,0.30580360094266035,0.0077445492038083616,0,0.6582206440681896
OCO,36.0,0.7411885918663438,0.24319980923670065,0.39484113746321253,0.16753908787750627,0.19341098145043553,0.2757718261651804,0.23883789410922046,0.2857334502938204,0.41903699938787003,0.3000857557362257,0.16634336474543246,0.12174745563228119,77.304,1.4701837409740044,0.030737084216912174,-0.3649599575899487,0.10172918870270292,0.8499129082291969,0.0483579030681003,1,0.5171922458895455
OCO,37.0,0.7150093308353082,0.23421284208413062,0.35646747436625087,0.179800298909624,0.2589089147606432,0.2911744210491621,0.25702809353667616,0.28869710746056854,0.4944209406439422,0.2674628754912106,0.14451534874761401,0.06832962074486426,77.14,0.5669503019293642,0.32545486613562685,0.7184258027025564,0.08614168478315887,0.9083545834636176,0.005503731753223632,1,0.3271425845341769
OCO,38.0,0.715443288951963,0.23066777496714666,0.3953039897792739,0.16987934897302154,0.22163108557796374,0.2916868735929806,0.23332350983001313,0.28504036290583057,0.46879719101040346,0.27500209049495833,0.15452566636876275,0.09459338257034683,77.048,0.5819226680951923,-0.05860702165157055,0.35017223283445037,0.33376373938631926,0.6600467809006975,0.006189479712983265,1,0.6719320221264251
OCO,39.0,0.6862490491524291,0.21968931676459327,0.3703304448916717,0.17719957729265148,0.22860369071119363,0.3052006009455859,0.21886461148357428,0.2912000110120182,0.4707226726984759,0.2810408330681043,0.13689940635937567,0.06815607314801342,77.169,-0.42533317396872383,-0.29287022842096794,0.37784443208277,0.6694374749418982,0.31858130852392763,0.011981216534174057,0,0.6860848625945482
OCO,40.0,0.6840316550489018,0.2431422800019108,0.3591481606129812,0.19521588928052286,0.17155675482770996,0.2599701495693488,0.21896964824916354,0.2856321802495763,0.4760475961754034,0.2827629127089769,0.15387952783934336,0.10765791840117232,77.025,-0.5018374152256445,-0.29116842175865837,0.454371954701333,0.6477229231448168,0.34120461284589604,0.011072464009287021,0,0.6980517023083075
OCO,41.0,0.7363559935341744,0.23362492288057912,0.37151272738447466,0.1637387790411888,0.21166527075729757,0.28490456437194095,0.21450425745020169,0.2854591525539018,0.46443160787772614,0.2737256632438847,0.15854710290046256,0.0996359193317086,76.528,1.3034500655691832,-0.3635167254107834,0.28743193931159366,0.22321990239547854,0.771813895513762,0.0049662020907595425,1,0.560995217919975
OCO,42.0,0.697459631189915,0.24423337483276458,0.3460947952098979,0.1634029329832451,0.24714221245844858,0.3166325117845123,0.17710103201324767,0.2136908681871256,0.497616785776271,0.249438987183672,0.14787473472018142,0.0903548253663285,77.01,-0.038547139198439946,-0.9695241351341961,0.7643551220081617,0.5171842332061688,0.478553912180395,0.00426185461343617,0,0.7169577347277175
OCO,43.0,0.6740991740175201,0.2246413362906924,0.35960788635850865,0.1746996505507583,0.23376576886739764,0.30319239289566186,0.2918407868245615,0.3373049656771376,0.4276649169469327,0.29514275099199405,0.1406582065889265,0.07380169595325403,77.002,-0.8445265762980311,0.8894904496562835,-0.24096321678922494,0.003916033500932233,0.6848350956498933,0.31124887084917446,1,0.644246259428684
OCO,44.0,0.6726850203179217,0.2533291840842187,0.34128036131024175,0.16659596642755836,0.22608971556188412,0.31427187537498474,0.18885301749451186,0.29129613088962253,0.474935589661298,0.2872041855320742,0.1402391439641898,0.06715374511965899,77.033,-0.8933175222270132,-0.779118356022649,0.43839067271128823,0.8303910195482704,0.15617837433897086,0.013430606112758975,0,0.5022093639371703
OCO,45.0,0.7211876189365951,0.23636861123744496,0.34370424228061336,0.17862162213397872,0.21941132123062854,0.2975146450242859,0.21766958952309667,0.28131420953495745,0.47095300230101833,0.2745382981178623,0.16384988283204988,0.11561373795718546,77.271,0.7801127896908929,-0.3122319854451665,0.3811546306132589,0.39384684804257064,0.6014034031620409,0.004749748795388482,1,0.6982005808190915
OCO,46.0,0.7092316355363653,0.24846261127429087,0.35617709868487896,0.1829181662313889,0.24395682629487617,0.3137002568053165,0.20353011652290628,0.2890219502518542,0.45927357085866044,0.2783950053111557,0.1629318817463066,0.11351512328452412,76.775,0.3676090146245178,-0.5413198597554337,0.2133028374842565,0.5588717486169026,0.4289520675326081,0.012176183850489351,0,0.7419165985826853
OCO,47.0,0.6913193149598509,0.2284107545930629,0.4114432710198822,0.17068230525715777,0.22241798765586202,0.2872557108593701,0.2071555406512896,0.2928684515091734,0.48850546707033204,0.2824804704445971,0.1505547914116929,0.09297966842305053,76.962,-0.25039952642692237,-0.482580703986806,0.633411146686284,0.6474622225677475,0.34750721635748283,0.005030561074769705,0,0.6753759855515497
OCO,48.0,0.7140390041215295,0.2311572542115371,0.3657484849775155,0.17856594032305603,0.23902308254529536,0.30828240574593646,0.25617650142208576,0.27538300323485665,0.45180940227783545,0.24884248871142906,0.1491892016105056,0.089405171694584,76.968,0.5334722165989905,0.3116573626990932,0.10603099923664908,0.11792215497296701,0.867855228179535,0.014222616847497913,1,0.43557491331089115
OCO,49.0,0.6810862331378643,0.2422749238213526,0.3809809102494285,0.16925377840737094,0.21835370645284596,0.2870734138681534,0.19308330077328859,0.29343242056166874,0.46859974519746656,0.28454996882807226,0.15026966193355226,0.0924055469907521,77.09,-0.6034599766489767,-0.7105792666200823,0.3473346260630216,0.8094753522154683,0.17696785050459823,0.013556797279933478,0,0.535874601862554
OCO,50.0,0.6854806059164318,0.23352822701956988,0.3873416652226879,0.17671789416600361,0.21698257299716617,0.2944914067000741,0.2317185463434998,0.3085306544456305,0.45677772154935703,0.2727594939664991,0.13901812843632216,0.06170278404377971,77.836,-0.45184590196122254,-0.08461065512970513,0.1774335587429119,0.6109116254009783,0.36175668299276303,0.02733169160625866,0,0.7672733870151192
OCO,51.0,0.7433116216985138,0.23917187273748977,0.37962845835287995,0.18241618029987083,0.20084317004232993,0.25452320782427934,0.29102455639337094,0.3339302051442075,0.42749381861230656,0.31188497340939253,0.1590787875649332,0.07822576194651751,79.453,1.5434322384862913,0.8762658765462192,-0.2434221688717919,0.001766542817007539,0.9893298179761763,0.008903639206816482,1,0.06384740045694076
OCO,52.0,0.7167958451238371,0.2507717824505133,0.48757143741046993,0.1917799129579757,0.048455526667578734,0.09664423016135695,0.20190517464008026,0.29165316780282463,0.4105474307101638,0.2785615254538607,0.1764671183342701,0.14500736122404234,86.99,0.6285883841814723,-0.567647183398212,-0.4869684074428057,0.3741872923908937,0.23558585018360906,0.3902268574254969,2,1.0756214122634318
OCO,53.0,0.6662270256093297,0.24639995428617312,0.43516555941486496,0.18047127550501152,0.06032282008366941,0.08780687239775203,0.24339344098960666,0.2779024465890994,0.405480456277981,0.2472020808446935,0.1526987129905959,0.06623116816141732,89.909,-1.1161304107595997,0.10454609754678604,-0.5597887967210177,0.5341291828872864,0.016891320589027356,0.4489794965236864,0,0.7634274407970343
OCO,57.0,0.7020975289030051,0.21377970729888357,0.388378876590311,0.17865365543500267,0.16313681792091111,0.24335206856259167,0.24792328349583226,0.21116317805192422,0.3053650488070051,0.1918346169182502,0.150113400390358,0.07702832212817251,102.554,0.12146900091970286,0.17793864836516107,-1.9986046112390792,0.00013259542955462267,4.622632731598135e-08,0.9998673583441182,2,0.0013172531762580284
OCO,62.0,0.6997760915921083,0.19713506720824986,0.33752957298978425,0.18519287679507504,0.13781906269197805,0.17600902728139742,0.2742118466288532,0.2829912921106328,0.2834061588558334,0.20138319399670784,0.16011170829177815,0.11226823648426841,102.139,0.04137507453415157,0.603866195080228,-2.3141883852967045,9.179883162432605e-06,2.0017601789133625e-09,0.9999908181150773,2,0.00011569477538386308
OCO,63.0,0.6773000461326181,0.2277102585927829,0.4041947545076287,0.19721452921506363,0.19459607540481763,0.27655946741473914,0.2752091710204153,0.21187068861918432,0.28488887894947906,0.20309818956052536,0.14837643002393117,0.0659568521298584,101.123,-0.734090505354905,0.6200248542365964,-2.292879366304203,2.4610898793929778e-05,2.1852506240202296e-10,0.9999753888826811,2,0.00028581030007956634
OCO,64.0,0.6914961059775073,0.20201261905563797,0.38302015936284406,0.19583984240340216,0.1771818513830355,0.2782530666902943,0.3522552973627739,0.2674832912518275,0.30651491124219055,0.18334761962160495,0.14180545589588203,0.06002262570592848,100.375,-0.24429990586541284,1.8683269166524687,-1.9820792801431169,1.3695707352417512e-08,3.0038985660539576e-05,0.9999699473186326,2,0.00034309659995628554
OCO,65.0,0.695887343555509,0.2377577775296021,0.38778153764221496,0.18593835459742158,0.1628607329627528,0.25188909277696103,0.2388826616402382,0.21566918543320188,0.3226488807522727,0.2238056118996663,0.15332680798759682,0.10466062401555846,97.029,-0.09279400145740088,0.031462408174801754,-1.7502087712128278,0.0012691317010807336,5.114132807604221e-07,0.9987303568856386,2,0.009740620438312557
OCO,66.0,0.6773522184689927,0.22224320400031752,0.37692918872119485,0.18876607931598352,0.19494204080419048,0.2645438741753364,0.26631674273503786,0.2776155304173819,0.3322100124163875,0.23465847781840007,0.15417273571118262,0.09668002481497516,95.456,-0.7322904622310438,0.4759496476623355,-1.612800276451361,0.0036854313671281836,3.3058751584549667e-06,0.9963112627577133,2,0.02437447206724661
OCO,67.0,0.7019888698637939,0.21556994391165324,0.383471890239927,0.208131241184487,0.18755345138246277,0.26199719372134905,0.28628192329099017,0.2845509420939276,0.3577450156636121,0.24289301344605263,0.1550832124631583,0.07141526719065276,94.457,0.11772006096476416,0.7994256904909619,-1.2458221316884974,0.005738988076707168,0.008028833810439801,0.9862321781128529,2,0.08202533976899906
OCO,68.0,0.704968167477048,0.2303197381651418,0.41555685323256586,0.2038293912365113,0.15317843525276284,0.18992891501646725,0.30444951676306353,0.32593537667220196,0.3478484888717002,0.25481762425785365,0.184334324615343,0.14305985167868177,93.484,0.22051139743399456,1.0937772105083157,-1.38805078177048,0.0004561174258286074,0.006122470672588945,0.9934214119015824,2,0.04126452572141704
OCO,70.0,0.6955018290470001,0.2312820223176006,0.4121832101637124,0.18303698772995947,0.14453538873725227,0.23544260500784486,0.22406312908871445,0.28928648344833313,0.4036282462340216,0.2673956948533225,0.16932038930787952,0.1240500858312043,90.3,-0.1060949725928838,-0.20864379737152022,-0.5864079672401068,0.657107594854426,0.04474578236307328,0.2981466227825007,0,0.7757467991413531
OCO,71.0,0.6731019693348068,0.2391374423366499,0.4047594041032824,0.17440803061734703,0.1737427762377686,0.25882325789604405,0.23292798033168025,0.2913086230645724,0.37767385186891006,0.24593447577050565,0.1585789975082164,0.1047590219325455,90.027,-0.8789320017961271,-0.06501539429734496,-0.9594134217660457,0.28693383850556514,0.0006543503461510023,0.712411811148284,2,0.6046137839560912
OCO,72.0,0.6878527496214043,0.24740700779413433,0.3997049626919458,0.1710744690783344,0.17044368139493854,0.2204274857289091,0.25314760297618705,0.2800000222144065,0.3821402817977836,0.2549317016187379,0.15447919675680713,0.091318035680884,89.541,-0.3700025102012198,0.26258312163910014,-0.8952238012227436,0.21726718239405976,0.012767519424951747,0.7699652981809886,2,0.588639787629744
OCO,73.0,0.7106727543684702,0.24082856051922957,0.38054663612498785,0.16086949249959598,0.1924268259213348,0.2635755221876173,0.2101180391151635,0.28393706135568325,0.40637550687220386,0.252930838528534,0.17189433400370419,0.11851859620451238,87.666,0.4173303080273769,-0.4345822760590351,-0.546925512414504,0.49481220352137395,0.12962330418772033,0.375564492290906,0,0.980774511524843
OCO,74.0,0.7008460955633924,0.25446577283306354,0.3778676603598943,0.15612018393658061,0.20434280410930766,0.2692939733989903,0.19673473673514638,0.2875478183181873,0.42319760082685987,0.2627027696627937,0.16892318910044182,0.12516167136671028,86.712,0.07829221156214516,-0.6514186668812657,-0.3051655732933992,0.6886928524233222,0.13807786061743177,0.1732292869592461,0,0.8339354084906601
OCO,75.0,0.7015970610867868,0.22444755499205604,0.3738636083117163,0.16243776970991575,0.18712953892931072,0.2558925517575876,0.23287724077858823,0.3332439182407237,0.43991793806780366,0.2896457349495158,0.15616448845757008,0.07259484933595288,85.133,0.10420192580103586,-0.06583747701295574,-0.0648680381380872,0.5747290992354125,0.38872719368978753,0.036543707074799966,0,0.8065491354621827
OCO,76.0,0.699205534808965,0.22680225287852926,0.40576972768639363,0.16479593235858317,0.1536945689123403,0.2207433882506741,0.22291769515423246,0.2886350406873004,0.4386433873838492,0.26979492637428315,0.1525396585791251,0.07515046280663215,84.834,0.0216897990484207,-0.22720212873293605,-0.08318533541333521,0.7020761843723368,0.2594743748771186,0.038449440750544656,0,0.7236739951900271
OCO,77.0,0.6642444036186733,0.20017086529997385,0.35978928230087825,0.17386948055826423,0.23140790834229089,0.2635048351404477,0.2653215977938965,0.3431041422648099,0.43231655199169333,0.3107653894307208,0.16651186294581946,0.08394806978946656,86.24,-1.1845345752936216,0.45982629998214863,-0.17411190753686717,0.1343538899471729,0.41487200184944334,0.4507741082033837,2,0.9938556891308936
OCO,78.0,0.6804091897363425,0.22511348812257626,0.3996302392999822,0.17339738139782385,0.17761000468783583,0.18508536668102768,0.21375788451850788,0.2936602678458129,0.45878265297410376,0.2735396200304099,0.168703120822521,0.080707116555882,84.231,-0.6268192395102965,-0.3756094666580811,0.20624757562424076,0.80501210091014,0.17475079377124242,0.020237105318617703,0,0.5583693046846125
PER,3.0,0.6719401640888321,0.23493545734350058,0.3110547629068302,0.15574783184442,0.25033507126745846,0.2939581468347266,0.22500269166230139,0.30653708409490377,0.5230936161414731,0.28989964190983825,0.15030185713690183,0.0738122870686223,76.387,-0.9190164543930831,-0.19342099573233493,1.1304972309924723,0.29197124408563524,0.6927451721301778,0.01528358378418686,1,0.6776480319307103
PER,4.0,0.6904827460643452,0.24420978164549512,0.2946498928225773,0.15680527245798517,0.23516248793643485,0.2931394477683151,0.22341915243059643,0.2832845878489777,0.4923238132426453,0.27431108844089375,0.15433049455585662,0.10241571441945645,76.535,-0.27926271701085664,-0.21907751323290353,0.6882867846805809,0.49764737825944416,0.49579463497567244,0.006557986764883359,0,0.7281037080138062
PER,5.0,0.718417624683926,0.22694676740062475,0.30636337486117915,0.1818024075141924,0.27249353783463753,0.3140344869960566,0.23793727507143736,0.3358434026923893,0.5360466929739282,0.3174591732575003,0.1633316543244305,0.0757967894382405,76.269,0.6845428103852842,0.016145246110477036,1.316653310900621,0.4797955430806485,0.5147462537942983,0.0054582031250528735,1,0.722633575556513
PER,6.0,0.6728608987931028,0.23624043226073144,0.2944107089357943,0.1655742526799116,0.31425697932405383,0.3136474874248841,0.24523868582418376,0.29860097858591056,0.5313667596689383,0.29517579660057996,0.15117676519238163,0.07917732662549454,76.458,-0.8872493860865964,0.13444277168234794,1.2493953111560636,0.053594919756887655,0.9144400695056635,0.0319650107374486,1,0.3486846038847455
PER,7.0,0.7199564076318348,0.23295576571347282,0.32283461795266827,0.163618669623669,0.24026533767552494,0.2715679658013857,0.2257304245020586,0.2899403069993308,0.4725109076060616,0.2754775396314007,0.1655435745166895,0.11872402790487507,77.399,0.7376336983341524,-0.18163026142961303,0.40354417930552894,0.36642741172636245,0.6289794145068496,0.004593173766788079,1,0.6842330227584079
PER,8.0,0.7177172409163519,0.22496640329516585,0.3061533045324426,0.1648469602593874,0.2602587988255752,0.28599521780210685,0.24666998145386054,0.294446417845922,0.47666122848222836,0.29879979468189927,0.15093418525331356,0.07552875357051417,77.937,0.6603782612680642,0.15763263691337984,0.46319081575041726,0.17720873119609493,0.8175592434048524,0.005232025399052525,1,0.49881289084560065
PER,9.0,0.7736816209408217,0.24555932036944317,0.3257255024528228,0.16887753268052863,0.21630833052501863,0.2579603377480242,0.25262539825649566,0.3269403756064242,0.43755521718671514,0.2870909938963438,0.16511239239647288,0.11532756714221194,78.254,2.591253979019496,0.25412235586747073,-0.09882405205120795,0.008495105296466987,0.9872645977157991,0.0042402969877343485,1,0.0763261345543462
PER,10.0,0.7197072567200731,0.23584793735660664,0.304312761160296,0.17581838797720195,0.23881977152116576,0.26231542506885036,0.2604085202230481,0.3227604038938561,0.4237230695221295,0.28780315383540755,0.16504027182482547,0.11610503998059668,79.787,0.729037526173111,0.380224571048407,-0.29761376195999056,0.11352965057412803,0.8331442746086338,0.05332607481723797,1,0.5554109797914349
PER,13.0,0.6963566181230243,0.23442438074812155,0.32138287935667764,0.16440021579358152,0.20723359357063062,0.2564697307243274,0.29641240477095715,0.32989563888219764,0.41336607515465773,0.2825497137793228,0.17568397942249192,0.13460178240287357,80.797,-0.07660315172445517,0.9635598465485402,-0.44646005508538206,0.003827972632770976,0.7944964528971067,0.20167557447012263,1,0.5269773499191865
PER,15.0,0.7476490507087076,0.2254774608651589,0.3282716078578544,0.1863858687818674,0.22534608999110164,0.26793001868652955,0.24364562732092643,0.27521894649713013,0.4072030078035933,0.2664518733124738,0.17168669991456742,0.13176821206205364,80.418,1.6930816467276018,0.10863202285470747,-0.5350330229696928,0.0533103843708003,0.8585971107283418,0.08809250490085814,1,0.5011929483860244
PER,16.0,0.6946503575526503,0.24405333156176567,0.3165850464645528,0.15876001309827953,0.21445836817520822,0.2638841716533495,0.2949309619929172,0.3348920169060501,0.3742947111739741,0.27353967709158195,0.1661651764893257,0.1299199611100535,80.487,-0.1354723306924242,0.9395574967488763,-1.007976986497727,0.005227628973973804,0.05708960107205331,0.937682769953973,2,0.2512539130247517
PER,17.0,0.7320656084038919,0.20389445243021653,0.3317569961269808,0.16829039345059935,0.22241739036616717,0.2595687909599972,0.36978547255109623,0.3042154158806886,0.41319618107859196,0.2883063287438423,0.16930148326382302,0.08252274488464664,81.315,1.1554237591177932,2.1523509796515126,-0.4489017000790083,3.032520442136107e-10,0.9913309290590234,0.008669070637724905,1,0.049792098869961145
PER,18.0,0.6689960128869817,0.22476911774829608,0.28995412148125105,0.16226564563748755,0.25051129198588296,0.2886715066610679,0.3712938969399799,0.39743674760273956,0.418741672937017,0.33734688804193946,0.16519657403361304,0.13586375593580183,78.092,-1.0205951739742858,2.176790485763407,-0.36920426302371584,9.56711569005673e-12,0.7156032224872323,0.2843967775032006,1,0.5970581320399491
PER,19.0,0.73821837933419,0.24111070479544452,0.2996473068870234,0.1630059495116131,0.2632507944062239,0.2767895733772869,0.26762967845544483,0.2916100766276835,0.45990664973949597,0.31358172930786665,0.15944582565692675,0.11100779918690819,77.867,1.3677058567842906,0.49722184453204926,0.22240117637727475,0.025707630324330544,0.9700784309088204,0.00421393876684907,1,0.14663172105515435
PER,20.0,0.7464453866936656,0.2083204633009059,0.31065940014953153,0.15675346663627984,0.2578848388786793,0.27779961027360295,0.29769055870044187,0.2932089658374721,0.46215099574353136,0.2940477291618727,0.15814536688980882,0.08534600745129713,77.979,1.6515529883566946,0.9842685085151515,0.25465595718903644,0.0007586260777600846,0.9962506758361641,0.0029906980860762893,1,0.02657493786899082
PER,21.0,0.6937173341524577,0.20840272954927644,0.3427106490189983,0.16678283797566668,0.22028321544686044,0.25490856509200427,0.36949312258790173,0.39630451565522523,0.407407279730096,0.3445092688574234,0.16414275719830293,0.08634680302778074,78.523,-0.16766338197786526,2.1476143228028444,-0.5320973142137818,1.562114299084525e-10,0.8968343349160287,0.1031656649277598,1,0.3319835103901838
PER,22.0,0.7042731571395691,0.21245339298676516,0.30469035714118875,0.14176688375878316,0.2343079052740591,0.2546356101835223,0.3260150207567155,0.3574935678905377,0.4618932025686952,0.2901285942487648,0.1527718958201995,0.09162951363451055,78.803,0.1965322416989067,1.4431817087006305,0.25095106394434175,1.6275948872745849e-06,0.9856172575799332,0.014381114825179252,1,0.0753028840868715
PER,23.0,0.7373286034355373,0.23816126075158855,0.3130444661368738,0.14980206144329306,0.25191360712517813,0.28692432942900536,0.24468159352895263,0.34600923026674596,0.45444239908117695,0.30428715706377296,0.17744026022706477,0.15584104517664146,78.604,1.3370069251388808,0.12541675708425026,0.14387130310118199,0.11381537758604177,0.880386797694153,0.005797824719805328,1,0.38935734045058473
PER,24.0,0.7237911389214707,0.24278924098251978,0.3117185304883571,0.16622945337409106,0.2539881867662792,0.2921891458833332,0.24409266240244717,0.2941593119770415,0.46534665718419754,0.2963771561052312,0.16822876812340037,0.13143356345698282,78.624,0.8699390955890175,0.11587488944289827,0.30058263655663586,0.1835910749790697,0.8106422149539774,0.00576671006695307,1,0.511103079212361
PER,25.0,0.7084225553896444,0.2206238708934228,0.338550111880282,0.1578291698615859,0.20547442138616465,0.24607298278731918,0.31286708293074245,0.34025148464341065,0.421877889216909,0.30441299326739135,0.16206228346219426,0.07503677347370873,78.541,0.33969423725478665,1.2301586965929538,-0.3241319040807047,0.00012466210650213282,0.9545191722566196,0.04535616563687828,1,0.18584733584924282
PER,26.0,0.7114334219445337,0.23404667691147513,0.3152402324382892,0.1558795401089864,0.2606699715493133,0.2885669846217063,0.3126765969482932,0.32940835592369067,0.3920547802719851,0.2809115355602033,0.14639934752442177,0.06811830722137954,79.877,0.4435747612181332,1.2270724409167617,-0.7527368698097954,0.00041788288186028034,0.7336290052161873,0.2659531119019522,1,0.582731856181589
PER,27.0,0.732090226040415,0.21439902017433937,0.31466003323951086,0.14806601846251766,0.2704515969911469,0.30031583611851853,0.2508788847388738,0.27571783578195913,0.4368044049921176,0.30237606730763006,0.1585048810375062,0.08296832676020245,79.319,1.1562731135923718,0.22582532745624584,-0.10961440377237681,0.10328175387365202,0.8809995770067214,0.015718669119626726,1,0.41137916252559487
PER,28.0,0.6878524341905431,0.2260051542658897,0.33039508114327415,0.15225939052471407,0.2244015972584226,0.26729588201309396,0.28763488247230923,0.37300456319640307,0.4226838368916168,0.3048009882119177,0.15694178507023201,0.07677964010451042,79.611,-0.3700133931555252,0.8213463478501697,-0.3125491688220998,0.01113303374703339,0.7804845211375763,0.20838244511539014,1,0.5703330649569047
PER,29.0,0.7540588584254302,0.23755150435115235,0.31827518178956493,0.17047350009654755,0.22932098570374457,0.2686792393558842,0.25586928954115495,0.3370869973946171,0.42723378010871466,0.30332751049726164,0.16706568999167984,0.11795394252192905,79.986,1.9142319939710437,0.3066799129197168,-0.24715933102098575,0.02253145784974308,0.9657140559984932,0.011754486151763536,1,0.17138092218995374
PER,30.0,0.632526587063424,0.2015720110087632,0.2812255481714868,0.1578978007885311,0.25404100850751266,0.26709182149246613,0.36215522612499323,0.39754334412943143,0.39410418208685033,0.32605263285142444,0.14523198247476143,0.08671250634398356,80.771,-2.2788585324221984,2.028725655412348,-0.7232837435026885,1.0892060463653829e-11,0.012764208364628524,0.9872357916244799,2,0.06834853764534615
PER,31.0,0.6571693505670707,0.21945872706510783,0.3163187081861523,0.15587301797188485,0.24143835571379832,0.28620965853965374,0.36198733232600605,0.3664078864227762,0.4093575117992752,0.3144136261658006,0.15211836534570625,0.07016558987290458,79.292,-1.428637130046654,2.0260054385047357,-0.5040694130745009,1.3107866692316708e-10,0.3254345459066845,0.6745654539622364,2,0.6308982230811069
PER,32.0,0.7023603633952947,0.21024270523239422,0.3177662167331045,0.1717829035554697,0.196445295668081,0.25152792232860977,0.3943753668587954,0.3834117040182023,0.42353862301836415,0.3322318314929899,0.176272639007627,0.10288564363447486,79.607,0.13053728218588667,2.550756678109233,-0.30026454822010856,2.3231083990316495e-14,0.9724960808188642,0.027503919181112373,1,0.12595551043488318
PER,33.0,0.691144669551162,0.23800590498240626,0.3342905958527596,0.16051850309130736,0.20977318689892174,0.26133104874525165,0.30958498992813915,0.36928608937985374,0.4041935841373653,0.2941179247465227,0.15978193057822185,0.07043358327684744,82.083,-0.25642511946854274,1.1769821949478878,-0.5782831727012324,0.0005345731625649493,0.6366361419250185,0.36282928491241634,1,0.6593496159427776
PER,36.0,0.689815600862381,0.22933399211387873,0.3083188692567395,0.16000459836770914,0.264040511916671,0.31210619020134356,0.2389973350823772,0.2834841430814567,0.4685357226661672,0.28668127510484154,0.14505784932055896,0.08749905838026706,76.882,-0.3022804734860256,0.0333203483610528,0.34641452162709185,0.3768263377143222,0.6053645003145491,0.017809161971128695,1,0.7433548618614897
PER,37.0,0.7018970748686599,0.23278482094325545,0.3231209009347028,0.1507455183758252,0.21886014371512724,0.2778690134885426,0.2020853271117835,0.2891181595758874,0.49004188593268727,0.29661205541500096,0.15568430658323948,0.1085670278400299,76.706,0.1145529620522439,-0.5647283513601521,0.6554919014144852,0.5974182251645672,0.3989995058102157,0.003582269025217194,0,0.694526016211046
PER,38.0,0.7060697543762144,0.26010984208712795,0.32616322777403917,0.16678282612542603,0.25225538466180186,0.27406252610088444,0.19009213805888037,0.2972791142049277,0.5075415858373352,0.3015674951512884,0.16872352364262386,0.11491308293998978,76.353,0.25851820450777024,-0.7590421130041506,0.9069901034212761,0.5658520477897754,0.4319478978044952,0.0022000544057294087,0,0.6982704923265163
PER,39.0,0.7553193412788299,0.262695850755883,0.30026297726173606,0.14749004991757012,0.24612901083944536,0.2850865998142794,0.2177982540676505,0.2993710351591746,0.506236935833413,0.30565873295735363,0.19053673786122716,0.14941808851707367,76.445,1.9577210084693273,-0.3101473612862225,0.8882402315936203,0.36218978543159197,0.6363298050354972,0.0014804095329112672,1,0.6651261646474084
PER,40.0,0.7249872325200871,0.23434134045744062,0.344486551262955,0.16791463671744866,0.25450505326163836,0.2866221043049752,0.21294642308924697,0.2847237789594606,0.456800575568607,0.30236562216113166,0.16575609567158767,0.11302827199014823,76.755,0.9112065604428496,-0.3887567723541033,0.17776200693238428,0.34196008928384214,0.6486932525208895,0.009346658195268177,1,0.6913699938552372
PER,41.0,0.6764874872537805,0.2321174776715357,0.32571747710647575,0.16090252449566025,0.24971433366965656,0.3011167209389633,0.23066618606898787,0.27924145753452273,0.43927454892953127,0.28022215749635754,0.14411843585036166,0.10326072054318218,77.959,-0.762125305485002,-0.1016610061783803,-0.07411455164105457,0.7851224913749499,0.14302532626551387,0.071852182359536,0,0.6572766417976952
PER,42.0,0.7243648479322338,0.233913536894429,0.34418159548148863,0.1595366467022162,0.23452538275188353,0.2649704722795314,0.17543982334931763,0.21551621253766776,0.47736123003603265,0.2733575616650738,0.16896490863943858,0.10701539218454885,77.46,0.8897331288196757,-0.9964390535049451,0.4732509386749812,0.15540225573087413,0.8376214324578489,0.006976311811276957,1,0.4723746928572712
PER,43.0,0.7075394234437763,0.23343545852399625,0.2918237199150163,0.15719357292245278,0.25051798768956235,0.2774604233296607,0.27775583565991363,0.3366280120005712,0.44176074498945345,0.306169917235076,0.16475722585714672,0.11807700069283653,77.847,0.3092245343991189,0.6612859386374037,-0.03838400527090106,0.0178043730017229,0.9551117352394368,0.027083891758840083,1,0.2133277043813349
PER,44.0,0.7113034792070356,0.22291530854426683,0.37034459680398935,0.1795392365561373,0.2030498628322289,0.24321776759627595,0.2688617898168808,0.3424270050020609,0.4337756446799668,0.3031284649163079,0.16811464579199795,0.09376948105883041,77.616,0.4390914938894583,0.5171845243788226,-0.15314245150839137,0.05762832858633593,0.9043668348140913,0.03800483659957257,1,0.37964087543183667
PER,45.0,0.7091912950458565,0.23401183974143672,0.31314628590225435,0.16026861233056236,0.23669643389450393,0.2875058407404377,0.2522170859975459,0.28066415913602044,0.44476998924379396,0.28145750446830836,0.15468108637263814,0.1130651005402447,77.128,0.3662171922987562,0.24750687681415895,0.004863566029729833,0.19799398456011216,0.7773150208537917,0.024690994586095888,1,0.6078572363082121
PER,46.0,0.6511086682387713,0.22505728715728598,0.30043501738341083,0.15194928306084335,0.2506539716217032,0.26925689071042264,0.22080569732466235,0.34921843280602155,0.48708469417427197,0.32874937904382207,0.15652372020125457,0.08997185757553744,77.047,-1.6377419988149977,-0.2614207373980256,0.6129924063212457,0.5452550036574754,0.40157460506421483,0.053170391278309366,0,0.8530948852532763
PER,47.0,0.7073622234910283,0.21075138689414122,0.3365203705899558,0.16983985473759147,0.23696891221552668,0.25781393155107274,0.25293520555712434,0.28165596525669145,0.4577286776690329,0.276471701401134,0.15438174079418174,0.100756266082022,76.859,0.30311080481258135,0.25914185666116163,0.19110029334916176,0.15706925328398916,0.8282843496482251,0.014646397067785874,1,0.5086536414654393
PER,48.0,0.6796639042312816,0.21999971163098567,0.3040853482776204,0.16195054153814661,0.22974389718055355,0.2604499464770055,0.3725755448714191,0.3871589523901751,0.41562258532811136,0.33515883898532145,0.15229746068931183,0.0789634280823556,76.98,-0.6525329824997628,2.1975557575824913,-0.41403045603363553,1.645624112910072e-11,0.8321757526854506,0.16782424729809292,1,0.4524194686855928
PER,49.0,0.6748755741510796,0.1914891312832624,0.30560851057957267,0.18010967029297067,0.22788303921190547,0.26530371119294327,0.34734303280209144,0.3690357172372695,0.40948328322635763,0.3388527218513808,0.15724437456453064,0.0832647009595035,78.524,-0.817739320466848,1.7887383601170699,-0.5022618799197949,3.8326408616614766e-08,0.6280539155517192,0.3719460461218724,1,0.6599839566753201
PER,50.0,0.7086118666210403,0.2208007876054087,0.32671896650202314,0.17412719164704774,0.19469892006615094,0.22736317124186048,0.32647261093859387,0.3284540476138179,0.3600687592954117,0.28895751297051875,0.17258079208751095,0.09727944357921432,84.856,0.346225828592707,1.4505955891239213,-1.2124262821306941,3.761983749949428e-05,0.10835633798599703,0.8916060421765033,2,0.34348158121437333
PER,51.0,0.6841974422050489,0.23418300069344594,0.34196791865647086,0.19240849217031145,0.24469052314561074,0.28426592750854635,0.33921129695318464,0.32284331209950157,0.36351262444301957,0.2708310914698113,0.14403564386920326,0.06890651483613716,85.645,-0.4961174484542917,1.6569878995409528,-1.162932525249344,1.3611487165218298e-06,0.036534082661847725,0.9634645561894355,2,0.1567880301049614
PER,52.0,0.6582248079461872,0.22549250835827445,0.3154826276966714,0.19900597039568851,0.22368016514438674,0.24781766364313088,0.31707496689530584,0.36229736033342713,0.3105321073693397,0.24979367459793594,0.17031725022334765,0.13508995803980003,98.2,-1.3922218776384876,1.2983348720963201,-1.924345855650602,2.8152042947297175e-06,1.4302102663303474e-07,0.9999970417746789,2,4.1191921689371695e-05
PER,56.0,0.7132992095205565,0.23093225626638197,0.3277269287841246,0.18253545733959184,0.22015956006712317,0.2804724892934147,0.28740888299821643,0.2302524865874797,0.2631062435894119,0.19663728825101157,0.15142912926240165,0.06419792127999795,105.055,0.5079479200639814,0.8176847022489184,-2.605930084766603,2.1845803539561492e-07,2.1490156956955857e-10,0.9999997813270632,2,3.5898153911488245e-06
PER,61.0,0.669297586352805,0.21270259820827536,0.2933605572259274,0.16457689550807086,0.21060986448832789,0.25614985278671,0.37943835063425024,0.31930462791300074,0.2912433126422831,0.2347457608551153,0.14846234236083167,0.07083951854616735,101.22,-1.0101903257114857,2.3087470009895172,-2.201556163208182,4.020775677832756e-12,7.773147924196428e-07,0.9999992226811864,2,1.173285576909158e-05
PER,62.0,0.6583985996976895,0.21139862628827608,0.2900842122141371,0.182934197297855,0.238942979028473,0.2792984932870118,0.2832650277087244,0.2830130233375225,0.29981350426389874,0.2119338977085898,0.15569038061449653,0.10175507756280308,99.631,-1.3862257373654312,0.7505459199402497,-2.07838903488974,7.677144510516398e-05,1.312394625007215e-09,0.9999232272424998,2,0.0008041813569847621
PER,63.0,0.7131435507596471,0.21047052475978528,0.2822334163499805,0.16725691809447146,0.2149669662357757,0.27281421095661823,0.2904715077674485,0.2422023613142613,0.33855409741175096,0.23229131071553052,0.16772822867750542,0.08433069317319745,99.405,0.502577401860013,0.8673053775162288,-1.52162580040858,0.0008520024692918516,0.0013959505977213197,0.9977520469329869,2,0.017444540814221508
PER,64.0,0.6633085491021407,0.21398805125088705,0.28457677656850316,0.17511171118877225,0.2562639845778145,0.29425753891821266,0.3384848264376839,0.3229349150945979,0.323220798073218,0.24246661925063467,0.1577363774103015,0.0722582061403122,97.112,-1.2168233053846336,1.645217617427687,-1.7419894200983506,1.3688637306243657e-07,1.0725418166108826e-05,0.9999891376954604,2,0.00013575543777491177
PER,65.0,0.68675579332473,0.22834447396112115,0.28032100214436034,0.15944872803437407,0.27939714243266583,0.2936607010675823,0.3534691740198664,0.2976926879943264,0.3254063022087911,0.22808135829209145,0.1565199395486766,0.06614401841615952,97.675,-0.40784955283363694,1.8879941576482562,-1.7105802894521136,2.219787685736779e-08,0.00046423672157386243,0.9995357410805491,2,0.004027613004739227
PER,66.0,0.6833769413226906,0.25799178718421506,0.3124882936797635,0.17185750403439698,0.2471444537550863,0.2764018039198341,0.17667585749254636,0.22051369790913458,0.3133184051406095,0.19770075608640647,0.1575982423476751,0.11617545074676162,96.451,-0.5244262625508037,-0.9764128167107329,-1.8843023758453423,4.937083793121906e-06,1.1342114028265773e-10,0.9999950628027858,2,6.528283041905266e-05
PER,69.0,0.6874116834331951,0.24412608517285475,0.2811023009701592,0.1729287604026423,0.23649663190095668,0.2701441220289519,0.3079372259198206,0.330564818811552,0.3113681649374461,0.23961079993443352,0.17553026289999007,0.13087513245210128,95.708,-0.3852201181218629,1.1502851070135933,-1.9123303938827643,1.9775410741451525e-05,2.693302969405527e-06,0.9999775312862892,2,0.00027119826087448944
PER,72.0,0.68020591231171,0.19942961756411565,0.2861495223386699,0.17407186484644174,0.23360456502454932,0.2778321360141976,0.3564792848238208,0.31409972464251174,0.3581953509589775,0.2644551080165528,0.15946370846880098,0.07158348873128109,89.537,-0.6338326906200598,1.936764001157063,-1.2393501054422358,1.7488554702530426e-08,0.026142345451336216,0.9738576370601094,2,0.12106585167120897
PER,73.0,0.6974793043181976,0.20795551856348435,0.2954312592774136,0.1708566487211583,0.22904071888316846,0.2587792644492225,0.2589191157287484,0.27362675490953836,0.40017237535679134,0.2704833966005959,0.15849941437848766,0.07668320165246281,86.82,-0.037868379500282406,0.35609322544714656,-0.636074265332464,0.3053200802307147,0.20305332797674133,0.4916265917925441,2,1.035027789810485
PER,74.0,0.7138442745120847,0.2274214482848315,0.3186316292411249,0.16511685018948852,0.21865617466637224,0.2706022062071461,0.3050975652524245,0.301559323611148,0.3747341743517545,0.26772722446466884,0.149672408384072,0.07503348013626164,85.704,0.5267536810905125,1.104276898217729,-1.0016612096751427,0.0015971158493167127,0.3002023601839094,0.6982005239667739,2,0.6223455596353209
PER,75.0,0.6989014947424456,0.2418548579873925,0.2991631429795265,0.20059207490993913,0.23901942303786128,0.2942999369570811,0.31489015190543923,0.3337889318295652,0.33823435126096524,0.25630259699193025,0.16902280850174103,0.10860630705742001,94.148,0.011199848451109246,1.262936479116397,-1.526221055324914,6.081416761750495e-05,0.0014326624098445913,0.998506523422538,2,0.011464115443859632
PER,76.0,0.6248689668444796,0.1944832925484219,0.3299281440043139,0.1452107797421508,0.23554936015026004,0.2861049921921504,0.348722255247995,0.36278879702809796,0.3576827641423749,0.27725932979794277,0.17012760911064118,0.0947988141564409,90.273,-2.543060743365253,1.811084535135672,-1.2467167839253164,5.744614138827581e-10,4.5383241922916754e-05,0.9999546161836149,2,0.0004992526137912937
PIA,2.0,0.6935960030991284,0.22053756636334987,0.2954850904736668,0.17441920666022512,0.2563945096939913,0.293061870606846,0.2453163177313747,0.27808563230165667,0.3928549429095843,0.25025502077079465,0.14204382386667574,0.0847572202108606,81.804,-0.17184953010602103,0.13570056457157248,-0.7412372746301227,0.4183028993678186,0.04208526635954883,0.5396118342726328,2,0.830789575618414
PIA,3.0,0.712457855048242,0.23040382226000353,0.2961914683804561,0.15962755891965053,0.2866218218507745,0.29923979101079234,0.1777581530712138,0.22690121859475268,0.4372413554068462,0.23211895110556607,0.14653826818927446,0.07539020569419597,80.532,0.4789196181350887,-0.958877453583056,-0.10333473930560588,0.3050205204716703,0.5483584867679714,0.14662099276035867,1,0.9731404430160561
PIA,4.0,0.7177117958357874,0.2156357404607554,0.24815013779347403,0.16422943024840597,0.2675377804313712,0.29678092820520036,0.20647825404451572,0.292972391223774,0.458855072688506,0.2598862515588983,0.15018364841335832,0.09087719077569817,80.408,0.6601903958108092,-0.493554107949072,0.2072883607840579,0.4398392082907811,0.5496742272372483,0.01048656447197067,1,0.7379956658247052
PIA,5.0,0.7324509287811737,0.2238262290847448,0.25746367434182776,0.14990363046793184,0.2736169539722782,0.2877813221240523,0.29576111809469463,0.28844563121947164,0.4253361989036777,0.2682394996965663,0.14846336692223575,0.07621352154384521,79.707,1.168718032363077,0.9530076937045431,-0.27443055646079584,0.0013428741510690925,0.9840828492416267,0.014574276607304459,1,0.0862974332526528
PIA,6.0,0.7221538822201586,0.23821985994796108,0.3065236877549568,0.16664235897093022,0.2626587504345821,0.28963820911570554,0.2647479576300151,0.2819736354785905,0.41953428527663106,0.27145018131605714,0.1546458468775815,0.10162477188004079,79.247,0.8134506790836069,0.45053217666080386,-0.3578131774972496,0.07798339809927181,0.862037948661975,0.05997865323875306,1,0.49569649300465213
PIA,7.0,0.7335199084906123,0.21109017003539635,0.2844363675893591,0.15289919477271502,0.23957878973015698,0.27598857642455754,0.23273672766096204,0.2865177713640322,0.48442776699535306,0.2932422554357178,0.16165686910757307,0.08505506870839287,78.869,1.2055998304428839,-0.06811407186406936,0.5748081853344845,0.26551575828011237,0.7319126544482862,0.0025715872716014464,1,0.5958560154348607
PIA,8.0,0.731566287686112,0.23108846428297955,0.3015371319135306,0.18520907746205892,0.24638385224897047,0.2729390911241664,0.2825538515436921,0.3431574399711501,0.45626062430311315,0.3108045582978576,0.16119714902870858,0.0794452425887278,78.828,1.1381962610393743,0.7390234370368781,0.17000205829424092,0.005782602190605435,0.9888439928075043,0.005373405001890296,1,0.06897371728771111
PIA,9.0,0.7199754309826695,0.23293956904694094,0.28377070882514005,0.17470250000572693,0.2792400334073517,0.30088989894973567,0.2230039846170893,0.2875666562831203,0.4323248937127553,0.2758784221826186,0.15480693944689947,0.09910952087398348,79.346,0.7382900394958151,-0.22580406604552294,-0.17399202388971008,0.424506655855833,0.5326841604456768,0.04280918369849028,1,0.834119520532335
PIA,10.0,0.6960691030454782,0.2480617778265954,0.2779806796362225,0.15973658545381839,0.276846115220073,0.30221352254135775,0.18252196006910007,0.22599458315948565,0.44892021125752657,0.2569113155706523,0.1473691437698355,0.09162065619191352,79.015,-0.08652295931418354,-0.881694207874008,0.06450878166600059,0.6755457305572957,0.2726098748552041,0.051844394587500335,0,0.7727209598263176
PIA,11.0,0.7005679037389856,0.24334722834408934,0.2898619776712308,0.156249316794565,0.25264597088296326,0.302681161377961,0.1551093156167712,0.21837895639284147,0.48685424381958164,0.2614996651458491,0.1520462538481896,0.0921061326164478,78.9,0.06869407363246198,-1.325834130678953,0.6096804723925359,0.1822983952350754,0.8053514938258959,0.012350110939028575,1,0.5388991356132165
PIA,13.0,0.7262982749688272,0.23189186895283112,0.3137719981266453,0.17826103443532026,0.24930395794018567,0.2928872143386245,0.21408798747002797,0.2942441546886148,0.4106658486317533,0.29319905662607026,0.14729751383957543,0.07491912549390693,79.265,0.9564399754848218,-0.3702611355380837,-0.4852665557237809,0.3015221159156937,0.43687696715153845,0.26160091693276805,1,1.0740677394608402
PIA,15.0,0.6860060508588759,0.22410500363413993,0.27502357527318866,0.16645973412254644,0.24841371219209615,0.2753154689238029,0.2771073546363386,0.3860136664788823,0.45053087767837896,0.33904590354814645,0.14694933767602675,0.06677065755626438,79.134,-0.43371706930128745,0.650779243004593,0.08765659054754031,0.01574141873947886,0.9269442341130265,0.057314347147494414,1,0.2995430219483941
PIA,16.0,0.7181974673411726,0.24165135945498767,0.27552761411193016,0.16759990474494066,0.25578467481782335,0.296198245973536,0.17839366770760556,0.22967770182381206,0.48604671069436656,0.2632348387882007,0.15285055826261906,0.08195636598223192,78.718,0.676946970548922,-0.9485808394771346,0.5980749517173741,0.27468184228886505,0.720543069769272,0.004775087941862864,1,0.6166056484885045
PIA,17.0,0.6893526866259932,0.22250250628296608,0.2919889013493603,0.1638961745568246,0.2955448684129774,0.3161827431936401,0.26299982756290186,0.2793968687156825,0.4185440231446671,0.26857844216819976,0.1348505460712725,0.061314655436756474,79.053,-0.31825187990653436,0.4222089568995412,-0.37204480130002116,0.24857543153518047,0.46994533219599993,0.2814792362688194,1,1.0577234942269735
PIA,18.0,0.7246151266735383,0.2636720650179779,0.28734499952017484,0.16344458270124199,0.2754013857154708,0.30041408581772483,0.18925582775160432,0.22856381154810743,0.4386994802209367,0.26254978349295105,0.14545461893411016,0.082009158026916,78.765,0.8983682132080506,-0.7725920204550899,-0.08237919315090649,0.21943490648289657,0.7151197308222287,0.06544536269487487,1,0.7510396523400745
PIA,19.0,0.6748275205349404,0.24335771282384241,0.26053212627437067,0.16916682111695114,0.26156158105073485,0.30972190310537495,0.22429671382710206,0.28276659361233214,0.4010448785160186,0.2730829798969858,0.13213004048714358,0.060369173452578466,79.416,-0.8193972600439974,-0.20485925524694337,-0.6235350231176521,0.6754437957198768,0.006881161640177527,0.3176750426399458,0,0.6635816435817179
PIA,20.0,0.6842324519654918,0.2289962209975751,0.29571674179829177,0.15790434256761296,0.2342410162733355,0.27715583632272117,0.21135668086467074,0.28210722754170475,0.45213169879132986,0.2752068897074818,0.1457624042592224,0.08010807503817371,79.281,-0.49490954627983813,-0.41451379080341455,0.1106629068749837,0.8240993248081862,0.15211279313628995,0.02378788205552371,0,0.5348152225706978
PIA,21.0,0.7086355895421189,0.2305219934882097,0.2608944731921441,0.15066195334865642,0.2781159481427113,0.2892243981407389,0.209818974583603,0.28698796035608615,0.45423975252255566,0.29474401137201434,0.1575407270723268,0.100538168045062,79.065,0.3470443137120793,-0.43942772240741523,0.1409589534372554,0.5800516347782755,0.405174599819425,0.014773765402299558,0,0.7442380325976792
PIA,22.0,0.7155615558881043,0.25183941072622384,0.29207200608651646,0.1581151874920512,0.2773503633463387,0.29757146526030165,0.1710502563332838,0.22067618715814566,0.4501032911914003,0.2604896167537842,0.1558875008646468,0.09094956731407194,79.025,0.5860030984530087,-1.06755885951413,0.08151150044522543,0.178960973093515,0.7578591067771799,0.06317992012930512,1,0.6925286842734738
PIA,23.0,0.7127817791548074,0.23914806685777215,0.25627342428004496,0.1551485728293941,0.2792029290184521,0.30874232860670064,0.17102330420339185,0.21738974150039375,0.45216095657953637,0.23524243457225677,0.1467445585850278,0.07643400031121017,79.52,0.4900956052806282,-1.067995538175704,0.11108338729286087,0.21968657847563827,0.7227483980397623,0.0575650234845997,1,0.7319578292234169
PIA,24.0,0.7573723774888738,0.2472974672687584,0.24819324025158782,0.16987217237805546,0.30600628792806217,0.3429409661848244,0.20458485949141395,0.21541678241414147,0.425890083958183,0.23463409668637752,0.15034696391056626,0.09053814657757027,79.359,2.028554595188322,-0.5242309042762678,-0.2664703573667803,0.01804126150658209,0.9380098462067367,0.04394889228668161,1,0.26979346948767413
PIA,25.0,0.7048774441966154,0.22620877939586087,0.2790363158349435,0.17647979861493934,0.27857220652308096,0.3099714876110369,0.23804044378983302,0.28575453553688773,0.4236163217116884,0.2610921430008326,0.15091350882938406,0.08841424161033554,79.382,0.21738127468188606,0.017816786654616043,-0.29914789583316476,0.5568132390500857,0.35011917844218693,0.09306758250772744,0,0.9144543517600862
PIA,26.0,0.7396193113113444,0.20803114395143749,0.26138956221996573,0.19177109914524285,0.173453443437823,0.20581342313648304,0.24110995709605043,0.21779657800822916,0.407415768827695,0.21471101652627786,0.14468164942328615,0.07990045533370858,80.198,1.4160406285753155,0.06754907006284193,-0.5319753125340708,0.10802467699638522,0.768504964005992,0.12347035899762272,1,0.701020978874273
PIA,27.0,0.7016342185805257,0.23166891556918331,0.2800051956300582,0.16453381016150473,0.28922709407323244,0.30715084927234537,0.22644666750112913,0.2828009579062232,0.42830565683722227,0.26980947874769823,0.15311443596910185,0.0968432883841601,79.524,0.10548392878867834,-0.1700256856335796,-0.2317547771451226,0.6909232511558545,0.2398030356136561,0.06927371323048932,0,0.7828156974446961
PIA,28.0,0.7190554567861054,0.24077224352056395,0.2701727618966016,0.16148261866667746,0.2802920849988771,0.3120893581542002,0.20320422754330278,0.28814371758788276,0.45010547752824304,0.28286481300157873,0.1552225693612917,0.09329798415474194,78.485,0.7065492101267273,-0.546599916062872,0.08154292154318284,0.4133773677811672,0.5673816499638246,0.019240982255008133,1,0.7627391242038042
PIA,29.0,0.7050514479846249,0.23438080810511888,0.27276920301349,0.16755487987101123,0.2464199740092592,0.2799966213683213,0.29594469138392504,0.3299077055605646,0.41971345415344835,0.27874196818390284,0.15454629183656923,0.07304347139134108,78.335,0.22338473061077446,0.9559819498602975,-0.3552382390342673,0.0028397488978127586,0.913869746079137,0.08329050502305038,1,0.30597406149707246
PIA,30.0,0.7346006491907064,0.23173618182975378,0.27257857678463643,0.1717459356709752,0.2541289019837536,0.29854225194820144,0.19054740052113456,0.23648680550205795,0.47132399675585396,0.26035216032074815,0.15188014624474058,0.09730871890335503,78.363,1.2428874046835883,-0.7516659463160663,0.38648640423532354,0.160449583827642,0.8339568665206324,0.005593549651725647,1,0.4740202043710805
PIA,31.0,0.702870959741998,0.22885710146284152,0.2627221249503832,0.1652104872163921,0.2773100191503197,0.3086355693324543,0.2226954509866913,0.29605798416170037,0.45547846765213024,0.2842498283333447,0.1553868886456255,0.10203165790666714,78.115,0.14815381053822127,-0.2308029308221775,0.15876123745264414,0.5844129319956609,0.40107795516675604,0.01450911283758324,0,0.7417572955814978
PIA,32.0,0.6902999409511816,0.2330601098796368,0.3077609153340075,0.1728314513471318,0.2631100302110836,0.28764433202276374,0.22922056501667845,0.28014339993100373,0.44957724620838935,0.2691316806684936,0.14914192441922716,0.08621172515908752,78.39,-0.2855698351087264,-0.12508297204141325,0.0739514069508902,0.664526667652943,0.3062276785647936,0.029245653782263435,0,0.7372732188424963
PIA,33.0,0.704672052256682,0.23212499653713425,0.27200230061957686,0.1494378654990541,0.2877937320059278,0.31809068964659787,0.20326434650210914,0.291913379723188,0.47180161275935056,0.2901406070669358,0.14530356591123741,0.07012379836548284,78.259,0.2102948688418522,-0.5456258681278102,0.39335049715026327,0.5924199108324677,0.40076954760977646,0.006810541557755727,0,0.710586133533067
PIA,34.0,0.7183997659719397,0.21210884358051152,0.2928517585473274,0.17064730598447075,0.281961258703887,0.2936499197961279,0.25519747698828266,0.2812762411043386,0.44497914849534154,0.28465161067361255,0.15505646645407084,0.07587570908444773,78.311,0.6839266514407972,0.2957951996301624,0.00786951333076496,0.12388754051136086,0.8596461117641006,0.01646634772453862,1,0.45635053037343065
PIA,35.0,0.7058494216726884,0.23111977584488322,0.291290208304779,0.14854970778822119,0.2664381620458071,0.3034885084779908,0.2830785465859152,0.3312956145158801,0.43146972912438514,0.2947645926901087,0.15367593928557483,0.09200284163176811,78.328,0.25091631439697154,0.7475245510375486,-0.18628208358026777,0.012461030680735044,0.9393924709137683,0.04814649840549683,1,0.2594288314437265
PIA,36.0,0.7207548413316082,0.22501778997386834,0.3068344483130856,0.16286503510451467,0.25746602624907056,0.2865915731706665,0.29373021885883627,0.32718803571584576,0.4318649193718112,0.30127616828751286,0.17152504778285305,0.1126471768931737,77.701,0.7651811533841825,0.9201030452162385,-0.1806025783761884,0.002043542835918034,0.9792402007309643,0.018716256433117733,1,0.10765867069197152
PIA,37.0,0.7240115364361062,0.22879796155531396,0.28818293993908956,0.15278911175957854,0.2514481798483077,0.28849088102799636,0.3341263695478399,0.3328804901018477,0.43692426919423727,0.27924922456691015,0.14913104739195812,0.0673789588176505,77.842,0.8775432218042324,1.5746018579751349,-0.10789176672817978,9.78494126576988e-07,0.991306181333608,0.008692840172265622,1,0.04991920526551767
PIA,38.0,0.7139728901242837,0.24256356574835303,0.25761469301950735,0.1797519914437389,0.13574605670903842,0.16045367127667784,0.16474917396739125,0.21629893741915826,0.5252343936515832,0.280974464239576,0.14086658747836336,0.07178733766655847,77.73,0.5311911601157464,-1.1696490551697105,1.161263569708159,0.3231064907789962,0.674840112202856,0.002053397018148232,1,0.6431448192124211
PIA,39.0,0.7196213315546506,0.2463159789886368,0.28300083634354084,0.1508222052643219,0.2852672972358165,0.3041257375054624,0.19606214423977053,0.2935712302084036,0.46213178423254647,0.2838234751678549,0.16792851228380518,0.11690752185870718,77.873,0.7260729473573441,-0.6623160168065859,0.25437985757036535,0.3676714376904493,0.6216790803171658,0.010649481992384689,1,0.7117554335132337
PIA,40.0,0.7251839966423366,0.2452527645608334,0.29788741065414004,0.15662813919623245,0.2808752740884948,0.31300531638857554,0.24696659022945985,0.28567086104216965,0.4488720597680266,0.26505178159935233,0.1655014970262808,0.11487107998475851,78.184,0.9179952904459341,0.1624382950806186,0.06381676905440258,0.15851780219011166,0.8306271293885875,0.010855068421301057,1,0.49521394505153143
PIA,41.0,0.6858753283781783,0.23907992016615354,0.2930171219803528,0.1546470105214228,0.259959280409645,0.289891930836281,0.29069226951913946,0.27297843748183026,0.36768135261749807,0.2838941690826617,0.14714019406610296,0.08149671246754206,78.555,-0.4382272392278156,0.8708821614899461,-1.1030213469863426,0.005324794356000538,0.009853868416365066,0.9848213372276345,2,0.0884640074312627
PIA,42.0,0.7042532923566327,0.23942058376352937,0.2754700348050648,0.1617278034047085,0.23780118387934066,0.28093886263458573,0.2401614370381628,0.28638836162611997,0.43570823250962354,0.28354078680285455,0.1557370851555152,0.09819508378077853,78.065,0.19584686955695757,0.05218113917891149,-0.1253681258326821,0.46930692890005044,0.4844518730537919,0.0462411980461576,1,0.8482702628044191
PIA,43.0,0.6877996047617647,0.23095300904973964,0.2873658845109717,0.1540951935938146,0.27448442881978585,0.2975775804875888,0.19356051436461977,0.3014637293237342,0.46913533453414746,0.28509736937180075,0.15084628095942676,0.08744062383542212,78.148,-0.3718361071955315,-0.7028474475325847,0.35503188692596255,0.7580840482376173,0.2302244777184206,0.01169147404396206,0,0.60010467034633
PIA,44.0,0.6973280174612183,0.2464101708811903,0.2803555952613333,0.15991658592421898,0.25239721427398415,0.2943984380887977,0.27430526877463685,0.2851936080381702,0.43255688431970235,0.26695512053095244,0.14489666899178863,0.08176612471642661,78.041,-0.043088058846833324,0.605379821563393,-0.1706579541143676,0.04415096499291477,0.8753312095417224,0.08051782546536307,1,0.45715681736643166
PIA,45.0,0.6812591632134843,0.23488279546053037,0.25502324423648126,0.16460112650586906,0.2934038796245294,0.3108015501187025,0.23665687836117016,0.2814320988371574,0.44809607681281916,0.2862849081862451,0.14057617338167924,0.06972586565024697,77.846,-0.5974935658044782,-0.004599753411430265,0.052664673927859965,0.6246016698986653,0.32289717938718276,0.05250115071415204,0,0.8136898170075892
PIA,46.0,0.6977845083244513,0.2361474215253109,0.27753946079880676,0.15970485297379297,0.24891537190272442,0.26556676726605455,0.310542640421508,0.3324674403088935,0.46662908155873534,0.2964975128573645,0.14258895053593099,0.06946875948269872,77.516,-0.027338270806538396,1.192498057233214,0.31901309114519,3.0234172182769865e-05,0.9822499219299893,0.017719843897827752,1,0.08937161142159646
PIA,47.0,0.6733745387983351,0.24385744735291878,0.31234270933404146,0.15386380216355816,0.2590473566453616,0.2969610484180976,0.2157806321043769,0.2934421289943967,0.4559930947793898,0.29325157916217187,0.1427951228665113,0.06521393363566504,77.513,-0.8695278458258983,-0.3428368912794431,0.1661572384077993,0.8366299482738769,0.13466491396814928,0.02870513775797389,0,0.5211538161382624
PIA,48.0,0.715064062674941,0.2510316030834452,0.2699940907314167,0.16106743265202958,0.2840603425343479,0.30562507969615577,0.22247293095743295,0.29282437081484913,0.42902956906860557,0.2557992046115311,0.16407758675878595,0.1048760658821665,78.001,0.5688386526997795,-0.23440820242555108,-0.22135102018953812,0.5193433174808317,0.4218495952122001,0.05880708730696831,0,0.8709991744234068
PIA,49.0,0.7303471516473903,0.22674638504332562,0.24221702382837584,0.1559381598897415,0.25774745523520165,0.28536948780246474,0.15736822712946436,0.13116389232341813,0.478882475583574,0.23847017554921576,0.14390390339853237,0.07094990880471146,81.248,1.0961337889316847,-1.2892352251404722,0.49511362901265205,0.024191590952013932,0.967922897833621,0.007885511214364978,1,0.15977948696158362
PIA,50.0,0.7467632441086589,0.2372529703585315,0.30141673852360634,0.1580782242360091,0.23439540411366488,0.2751125876805782,0.289853009078169,0.3392658726641444,0.4400097699317092,0.2982723616700614,0.1798561167091918,0.13087010782507796,78.201,1.6625196633033221,0.8572844559451903,-0.06354826986863005,0.0018066941315916971,0.9934262324968088,0.0047670733715996115,1,0.04344853894459292
PIA,51.0,0.7063657523888245,0.21503011990071094,0.2670629646940873,0.15826976753988797,0.23468713222561396,0.285684144468717,0.23076427765822036,0.291451791362193,0.42477712748832847,0.28570210566994714,0.15671453838165147,0.07883023167722075,83.586,0.2687306892132475,-0.1000717253286142,-0.28246529171453444,0.6104620103481491,0.30744869942056424,0.08208929023128662,0,0.8691253324169224
PIA,52.0,0.7026021677684893,0.21405253949409386,0.28912080375860627,0.1805898478459165,0.27320113896261883,0.29064206718346547,0.23200736801101388,0.29122296447744855,0.37985245514986593,0.2776794063288964,0.1536777249542895,0.10078135592308866,89.897,0.13887998503443613,-0.07993116376077976,-0.9281034672507131,0.22752250742888744,0.011412755353282827,0.7610647372178295,2,0.5956967106627402
PIA,53.0,0.7368585882860447,0.22327357221560892,0.2858077561131529,0.18118454920724095,0.20369173830057485,0.26303272298793695,0.24590071872444824,0.3364044567543773,0.3129927822409175,0.25888768333520024,0.16964649108007945,0.12304319067883471,96.843,1.320790523943445,0.14516903494852545,-1.888982088883337,2.652932457889161e-05,5.312066283122908e-06,0.9999681586091378,2,0.00037590512926286707
PIA,56.0,0.7057582927606809,0.22250463078976845,0.2623771627748487,0.16851889948622906,0.25107337744852903,0.2776595592684878,0.260501221468338,0.28729805075335113,0.29571430313708713,0.21561110893026464,0.15259523116838203,0.09166049387529594,103.482,0.24777219659733926,0.3817265174950027,-2.137301000161985,3.5994941355205146e-05,2.130565005037057e-08,0.9999639837529947,2,0.00040469694424955703
PIA,61.0,0.6796727116355409,0.2272126158876976,0.25538784403373005,0.19404424591015404,0.26399875416010704,0.2955278829766773,0.23772615470187292,0.28945689582247197,0.29663203796975396,0.20006905890859775,0.15355280709300104,0.09323872908374958,101.089,-0.6522291105902884,0.012724671900500103,-2.1241117076831233,0.00011857359498208489,2.1587332650034433e-10,0.9998814261891442,2,0.0011904900440476525
PIA,62.0,0.6888365587816319,0.23855941770475997,0.24988985683243076,0.1769295040366288,0.2699828257261869,0.3079685850471735,0.2521582194641425,0.22515394102777883,0.317000554980065,0.17920673040992904,0.15628633873810185,0.0711224885585048,99.78,-0.336059255267381,0.2465531206872361,-1.8313840932925827,0.0010149948070265452,1.971256837423178e-07,0.9989848080672895,2,0.008013949022961722
PIA,63.0,0.6787905931763771,0.2137836528010276,0.26349755797050306,0.1706618791709887,0.2232493147536849,0.2695742761118168,0.23058303677464395,0.2272120351308769,0.3065625865069839,0.18138995185165488,0.15248168652167304,0.08479403806613214,98.882,-0.6826638462602782,-0.10300819182606247,-1.9813941116293101,0.0003409483719200175,1.1793810297886785e-09,0.9996590504486985,2,0.0030629722877317353
PIA,64.0,0.7178176703383016,0.2590066718953645,0.2647830693132718,0.15922814196557306,0.2565935727095713,0.29104400426306204,0.2091678319522213,0.2211357244537897,0.3380354438349566,0.21622044912809696,0.1474440944407647,0.0696020706171382,98.53,0.6638432640449307,-0.4499775414349007,-1.5290796677742444,0.0003776630989438613,1.0789950807536961e-05,0.9996115469502482,2,0.0034883358780472174
PIA,65.0,0.6955157742585072,0.21226044741705535,0.32324488086420916,0.18611654911597314,0.2191854365179589,0.26631670283936526,0.24025158971111996,0.2757815780279601,0.3127572965855133,0.20066479734642634,0.16128207460116498,0.10258375171773715,97.419,-0.10561383672992591,0.05364179363264275,-1.8923663880001926,0.0004083672850296482,6.553230289942576e-08,0.9995915671826676,2,0.003596063580896091
PIA,66.0,0.722781958999608,0.23516648947455612,0.27023454768399024,0.15320659432097689,0.2646356127741236,0.29245815627834626,0.21690841648284379,0.22196482173968998,0.34976939627410303,0.20420843698334193,0.1637991323153013,0.10354016739917911,94.942,0.8351205019565119,-0.32456451819030274,-1.3604443221992775,0.002226501733187951,0.00024450792328238065,0.9975289903435295,2,0.01809931305419488
PIA,67.0,0.7158788411665258,0.24495374971406483,0.28692225491995804,0.18294847280074333,0.1692801181133578,0.22607013739414966,0.3219118436474699,0.35705324488410484,0.31896391326723705,0.23561871248251495,0.18603950682330575,0.13217088448241707,96.653,0.5969500336184856,1.3767019946502574,-1.8031675477626934,6.443662939412674e-06,0.0004545962099708017,0.9995389601270899,2,0.00403656923967147
PIA,69.0,0.6891046724549189,0.2533513996774703,0.26925850388740324,0.13974888201789906,0.2578314622262608,0.30781386707422126,0.23658686895889192,0.29245388824710905,0.35491547772978466,0.23982207042603126,0.16202244462007598,0.09106066855202302,91.253,-0.3268088323891011,-0.005734046404488797,-1.2864870406152276,0.04564203014493462,0.00010731340000306697,0.9542506564550622,2,0.1865609084438032
PIA,70.0,0.6784542722942555,0.23153119073017264,0.2720625375557464,0.15170585295239114,0.2600487654924373,0.2731060211657779,0.2335178741681137,0.27939969490675587,0.37712727103669247,0.24080912631084295,0.15727491549570466,0.08611913100186794,88.82,-0.6942675453341802,-0.05545792882070027,-0.9672686477015252,0.27179886131701,0.0010296186555448185,0.727171520027445,2,0.592824449593346
PIA,71.0,0.6694665939746093,0.23974735231537522,0.2760714698314257,0.1734880607634741,0.2541860779894374,0.2981978832281685,0.21732614405871176,0.28444469770138253,0.3985193705289903,0.23604910756179825,0.158555767367171,0.07842764151235797,87.67,-1.0043592468553613,-0.3177964920838781,-0.6598305436895628,0.6506052011442681,0.002529054570451286,0.3468657442852805,0,0.6620551535762504
PIA,72.0,0.6758926468342193,0.2386756987090795,0.2694047686941434,0.16290865532110885,0.27172236837197355,0.29120528025001924,0.17589362808207706,0.2959716897083802,0.41564403174692394,0.25197467945375057,0.16132653666481536,0.09530000206189591,88.016,-0.7826484118173781,-0.989086504963822,-0.41372223727558616,0.5356297735027682,0.011123304350410158,0.45324692214682144,0,0.7431032369532603
PIA,73.0,0.6801974500633664,0.23734062643069,0.28671112035757385,0.17143099550894228,0.25653809684006007,0.2784535211524613,0.202490748078208,0.2997422256949865,0.42769475059225953,0.2577501609460946,0.16629558194516353,0.09690147981677164,87.443,-0.6341246540052901,-0.5581597170554825,-0.24053446039912182,0.8730308328690279,0.035838030154794386,0.09113113697617785,0,0.45614026528714746
PIA,74.0,0.6964657824983458,0.24236956660899533,0.285071782961399,0.17521329705198102,0.24412689220297587,0.2724815060547425,0.24349455569287481,0.3490839224309048,0.4229202036241578,0.2916456057234188,0.17948531830228653,0.13748810238572598,86.185,-0.07283677672915265,0.10618435891854312,-0.30915220724149106,0.5714041296722081,0.30289461313815663,0.12570125718963537,0,0.9422447526762592
PIA,75.0,0.7046952603036226,0.23307593094820264,0.27981510996910663,0.16101504933669714,0.2511430828739613,0.27252390704070667,0.22950629901656602,0.2842901839597842,0.38840154195111826,0.24595675995190228,0.1575824324482953,0.09669685294055254,86.143,0.21109558984107674,-0.12045350709236369,-0.8052396483835175,0.35189092297208685,0.0317986708984389,0.6163104061294743,2,0.7754762227101778
PIA,76.0,0.6685164901394355,0.24260174006426127,0.2942575537675806,0.15357115372379299,0.2546543842769872,0.27000144157759876,0.18430609506791418,0.2924722421634814,0.41392536016732945,0.2574536736772117,0.16311135782472205,0.09346629483634095,85.615,-1.037139605073883,-0.8527876358712628,-0.438422250102285,0.6786164622441326,0.004755954914240656,0.31662758284162645,0,0.6526664928051383
PIA,77.0,0.6764998797785622,0.2451152643520353,0.28069757839992754,0.14748100718733723,0.25555423325606635,0.28309746553618764,0.16949560615449014,0.29618797502300936,0.4564158989100324,0.2793349677195135,0.16617604437249445,0.07630147268796801,84.785,-0.7616977402163054,-1.0927473163081791,0.17223359853037587,0.7874481091003731,0.14959108312641914,0.06296080777320806,0,0.6464693862068924
RUS,2.0,0.7267202222703388,0.19996770069543798,0.2850686085002765,0.15623620047435277,0.2702005489362905,0.2949858323123862,0.31972849892472127,0.3198780675909236,0.41944573500755905,0.27879823767940776,0.1506465029956386,0.07263788810589307,81.155,0.9709979460779637,1.3413274229519851,-0.3590857840893725,3.157707038447527e-05,0.9825591425536935,0.01740928037592195,1,0.08813578424554944
RUS,3.0,0.6709366721453897,0.22575086304497652,0.3082033790781737,0.17730889197436117,0.25683039981493044,0.31425631249000663,0.3132996212618546,0.3274713140907384,0.3765581426366487,0.2447538338171134,0.13669515907452798,0.06893006134969282,80.291,-0.9536388021382904,1.2371666866949091,-0.9754479176376907,0.00013355245049147534,0.0200212053657907,0.9798452421837177,2,0.09944389520812244
RUS,4.0,0.7285547552754326,0.2132994882035481,0.3067731216304218,0.17682849636651346,0.263641118146337,0.29731886158167314,0.2843574506148677,0.2855444889875391,0.3931145170109742,0.2669160912998755,0.1381366998342215,0.07298424775474852,80.03,1.0342927638066732,0.7682453661227803,-0.7375067866707401,0.01346750190045365,0.7766430792953918,0.2098894188041546,1,0.5820004207584493
RUS,5.0,0.7177989511195864,0.23217204760644133,0.2988065760402988,0.18038361376933565,0.2358748029160105,0.2983426319038086,0.2507037499237542,0.29419849165844286,0.41588173252582183,0.2531810868229599,0.15343194011334604,0.09857827253385326,78.84,0.6631974160098648,0.22298779153726697,-0.4103061033513377,0.25508548007212195,0.6341092396920135,0.1108052802358644,1,0.8811145420418125
RUS,6.0,0.7108843034149885,0.21639511008423776,0.3295658528327068,0.1474061924644831,0.25016339951014666,0.3101367880257032,0.2818912199776716,0.287825528250145,0.45092641119179516,0.27786509184093144,0.1427940363490928,0.07228487007612758,78.945,0.4246291455532656,0.7282874741824998,0.09334102902360714,0.007823965689072015,0.9772609444112432,0.014915089899684908,1,0.12315283340113026
RUS,7.0,0.6779374956932367,0.22949214622297567,0.29081695893014897,0.20171424938016125,0.2829506558796837,0.31102820951783655,0.206033803561783,0.2903360304189546,0.4561307848069184,0.27712166718028347,0.14915274031046655,0.10256784754939412,78.583,-0.7120973040123432,-0.5007550988434315,0.1681360605902586,0.8574135968285197,0.12018940191499843,0.022397001256481867,0,0.47162612141875615
RUS,8.0,0.7244787723448178,0.2291067250362199,0.34138903198082204,0.1842534654352454,0.22611128407244224,0.3043668013799666,0.2454605668841415,0.28267363344728097,0.42631285225228865,0.2507301765282265,0.15317805898966047,0.09862785727085507,78.99,0.8936637339978531,0.1380376906991135,-0.26039451227158483,0.21118064274069479,0.7449501177001873,0.0438692395591177,1,0.6848952915657156
RUS,9.0,0.7264220164525916,0.23300612126688858,0.28932347149106397,0.17159803993139225,0.2618600082216571,0.2898289699037542,0.1507829418662955,0.2150004586860435,0.4873356162283887,0.24668486102100332,0.16334724830575714,0.11456845906280719,79.025,0.9607092879684928,-1.3959300788062179,0.6165985507578972,0.020651087781847807,0.973115550301847,0.006233361916305324,1,0.13829774915814813
RUS,10.0,0.7115315088017634,0.24784896975315152,0.2977508089942262,0.1756782438368741,0.23808305938987123,0.3015456614037462,0.2363300438315266,0.29184317740609067,0.4246020168077299,0.2668678976984978,0.15126801930766012,0.08511150682083579,78.566,0.4469589411335101,-0.009895129529495972,-0.28498190751724456,0.4833351723184107,0.44076863758711043,0.07589619009447864,0,0.9081894420594603
RUS,11.0,0.694814861550397,0.216857716600669,0.2700184571182232,0.16385367270748338,0.2572200498002438,0.30569652336987796,0.20718855393782978,0.2868848521677318,0.4579648035215127,0.26202827053709743,0.14752316782332447,0.09578125466953613,78.483,-0.1297966352843225,-0.48204582240830707,0.1944937931045612,0.7329498982503625,0.25195702386721164,0.01509307788242593,0,0.6383264053078788
RUS,13.0,0.7141733462620845,0.23255956035246372,0.31578627642093055,0.17526782450665251,0.23530073618326042,0.2818223246996869,0.2748392107373565,0.33706797748366885,0.42169274778171484,0.27768709169101263,0.16607804629535886,0.10723231158280334,77.787,0.5381072715563564,0.6140307542567722,-0.3267926775980792,0.03822763968318589,0.8968742501170673,0.06489811019974685,1,0.3998902039085811
RUS,15.0,0.7068329223304408,0.2446767120731565,0.284475861566071,0.14339488775353995,0.23666007042915926,0.2776060023991976,0.22271553945860909,0.2916514547552583,0.45654200546393525,0.2790702046067425,0.1704607674928225,0.13132759555713586,78.531,0.2848489254187753,-0.23047745721154686,0.17404594798440337,0.5375945734578342,0.4498622397692286,0.012543186772937111,0,0.7479359029522767
RUS,16.0,0.7016703884051889,0.24330276444303323,0.31476602241733087,0.1665841340012104,0.2540001076432394,0.3004458112362197,0.22286047356619365,0.28751607173904437,0.46798906604239215,0.27000951523826705,0.1534881585756558,0.09444913644091987,78.502,0.10673185534709055,-0.22812923343961725,0.3385582064477661,0.5430434013802982,0.44833238803205394,0.0086242105876481,0,0.7322176772593854
RUS,17.0,0.7077214047858965,0.23512631703502168,0.2825947453332299,0.18279056488966902,0.25518241773071276,0.3076400537035975,0.22033633400813493,0.2887902439957594,0.4522119506345433,0.25628773529426035,0.16411740511316833,0.10612501815609815,78.244,0.31550323085622445,-0.26902536625944323,0.11181625204009393,0.5595817039710851,0.42499309290160153,0.01542520312731332,0,0.7528831853149401
RUS,18.0,0.703507402022213,0.23116223062456473,0.2817105835990265,0.14870835571238578,0.2946343039126293,0.313775692641889,0.2143085802588073,0.28797870324816216,0.47538516531529823,0.2699079834919842,0.16058991097579184,0.10588519626653896,78.229,0.17011225882407977,-0.3666870891030467,0.4448517817167662,0.5692105199704567,0.4249951822739878,0.005794297755555628,0,0.7142574650001321
RUS,19.0,0.6854858247906861,0.238334511659069,0.2847891754875609,0.16127820184207486,0.21654674068253082,0.29109466974554304,0.21714289861722097,0.2885145313494823,0.4677846420703634,0.2793781389952062,0.15110240619551668,0.09695632053641366,78.299,-0.45166584104448876,-0.3207654364474768,0.33562031255858793,0.7055946397063156,0.2812503703014349,0.013154989992249344,0,0.6597935589323208
RUS,20.0,0.6929161447845519,0.23712238160954857,0.32817435060570843,0.1805083749202322,0.25489986577690843,0.29599057019109376,0.21498514851831513,0.21928381985407128,0.4508042224441202,0.24026802988689452,0.14389409093545497,0.0846533804081803,78.32,-0.19530591272927575,-0.35572532380993027,0.09158498460495124,0.7529183243604122,0.22526335244943557,0.021818323190152263,0,0.6328839794566795
RUS,21.0,0.7048610461142569,0.22853690404429133,0.31495261283956705,0.15697559124214994,0.24465568325195566,0.28417116184821867,0.21494039468374387,0.28627022570755206,0.44779751658004724,0.26329545952277617,0.1638484927787617,0.11163129639829714,78.086,0.21681551018972642,-0.35645042585786546,0.04837389396351768,0.6391402341119659,0.33948365385044416,0.021376112037590052,0,0.7350548687429955
RUS,22.0,0.698423510042132,0.24081374673277683,0.25935178678410403,0.17084818558632187,0.2606647386096911,0.2789602556609029,0.20819368154344056,0.2906447145228128,0.45375497332774745,0.2854825712142829,0.15153923948358528,0.09751341370003269,77.879,-0.005291517144089535,-0.4657607355046551,0.13399191420064632,0.7110524124005665,0.2712421404722892,0.017705447127144256,0,0.6677984484634378
RUS,23.0,0.7420751734275852,0.2202870047558421,0.2731354986745237,0.19053112890407892,0.2832317180150304,0.3042711481886094,0.23911929760033016,0.2843806802781672,0.4450187050298607,0.30122325057000676,0.1587225331924018,0.0809324075197371,78.111,1.5007724620079683,0.03529638622208167,0.008438002925637544,0.10426159325707247,0.8873784102014484,0.008359996541479358,1,0.38174408050007125
RUS,24.0,0.688046377547581,0.23940085621430965,0.3031365206010866,0.1603934216218083,0.25755695958541375,0.29402423282498236,0.25762991596434254,0.3417382244151877,0.4641294001379499,0.2966526526478359,0.16740290317637477,0.11989085840381127,77.709,-0.36332198482472633,0.33520559875942957,0.2830887389367076,0.1069665873321483,0.8632308137696293,0.029802598898222427,1,0.4707552418657843
RUS,25.0,0.7127288561027549,0.2349298499117966,0.2767623736957532,0.15522158525426644,0.2616926695776913,0.2941804681110437,0.27157675127872305,0.343266087111813,0.44357190317054174,0.3102228179438898,0.16331483780404443,0.11591985127754693,77.648,0.48826966106266656,0.5611723554754526,-0.012354814566172885,0.03275794661658872,0.946874095767053,0.02036795761635832,1,0.24298427855525218
RUS,26.0,0.6813934908824776,0.23554738699743516,0.28516760901390364,0.18059500019915836,0.2692368094775753,0.29555186541089024,0.21694021427916152,0.2889723609566739,0.4735254095474859,0.2861507629585395,0.15281506739419484,0.08851644120030752,77.9,-0.5928590101430415,-0.32404932999580055,0.418124167281942,0.6940944529814315,0.29330637387927594,0.012599173139292657,0,0.6683083000294694
RUS,27.0,0.6900670830837179,0.226133163541058,0.3223883420148437,0.172514502788404,0.23195001662941298,0.2799935810216302,0.24032973287113835,0.28932237654622806,0.47809796835059726,0.2830828451469455,0.14940473496844223,0.07197216537181259,77.837,-0.2936038667870284,0.054907869844978176,0.48383902661203776,0.29834148404045513,0.6879271455029663,0.013731370456578632,1,0.6770645817617804
RUS,28.0,0.6905821894560669,0.24743008507616213,0.28437631307585365,0.1747061880898243,0.23946264875606113,0.2871252126401135,0.16577328684023546,0.3008560922760576,0.5221384905275078,0.29848324108880475,0.1652220571891033,0.12877134752521868,77.353,-0.27583173411991446,-1.1530563687880824,1.1167705741976839,0.47016053881055786,0.5267087728368048,0.0031306883526374075,1,0.7105513233278663
RUS,29.0,0.7134573510414691,0.24812645955397813,0.2908052450045587,0.16074847268039774,0.28587453275550595,0.30334528587349185,0.14806190229910102,0.21704216441218308,0.5026627554681291,0.25602013848512317,0.15195806723516533,0.07828130041588616,77.332,0.5134040981287612,-1.4400163874228349,0.8368736401426363,0.056437545424253444,0.9389787614926424,0.004583693083104169,1,0.2460412409692935
RUS,30.0,0.6851420080967153,0.23166269038087747,0.29952770188283784,0.17475594324466903,0.2701681172370335,0.2999671722529287,0.26427839210402565,0.3021281648606203,0.462216424789,0.2841088364991913,0.14589906755518245,0.07062721385503486,77.3,-0.46352815963812743,0.44292427159978415,0.255596275445009,0.054414942145149255,0.9073325772493546,0.038252480605496325,1,0.3714816600982991
RUS,31.0,0.7051557257592389,0.23956507925864762,0.3097505905396969,0.15804503115763202,0.21927097355922967,0.2630278328375834,0.28741214936178044,0.33823114992265657,0.4583461450227583,0.29481297247585336,0.1613140688983619,0.07610987150470112,77.404,0.22698250874778295,0.8177376239020517,0.19997427005196078,0.0028873695274378767,0.9822303772096479,0.014882253262914208,1,0.09711278915453044
RUS,32.0,0.7332581368349564,0.2349158388866176,0.3072697009065376,0.1752696114056422,0.23120420747349438,0.2555570305308805,0.2217308262682167,0.29805805102971533,0.5011166359445092,0.29680716310241,0.16706220206654307,0.08963468535180232,77.474,1.1965682190271845,-0.24643178956815148,0.8146534716599337,0.4183582620783404,0.5798496751675709,0.0017920627540886612,1,0.6919084360604074
RUS,33.0,0.7141949550638711,0.22505645773220762,0.2971802444662111,0.16601401400578947,0.20705499548268927,0.2559359367485304,0.2726575138604017,0.3447492132219143,0.44584147018826936,0.31962463583490197,0.16109844692582026,0.08184680295106667,77.556,0.538852815608505,0.5786828809715236,0.020262431866767884,0.026856910078709974,0.9562119655501822,0.01693112437110793,1,0.20901802096176805
RUS,34.0,0.6952204190342176,0.24442293014507743,0.30864233315460526,0.16789024834699717,0.274016526576073,0.29995327395116633,0.2552824688867105,0.28470943928846376,0.46326543212036564,0.2745637878930761,0.1525040951710988,0.09960854803819554,77.569,-0.11580414403686706,0.29717223916651364,0.2706721601269132,0.13354589513941323,0.8454117448232594,0.02104236003732743,1,0.4920896909770712
RUS,35.0,0.6445593831108507,0.23623678867031667,0.3268914564003291,0.15637764603422763,0.22747738173337725,0.29584540990158154,0.190679122156646,0.2892981054225187,0.4685838590756886,0.28316572259158074,0.1498774349460952,0.09728329086238738,77.568,-1.8637045774516818,-0.7495317911407225,0.3471063175156875,0.9118372852896729,0.04713551465799807,0.04102720005232925,0,0.35916424140243536
RUS,36.0,0.7015282769183371,0.2618619267095406,0.3511849078635773,0.16058439221854443,0.2364086744501398,0.2820146037639869,0.1968827166683088,0.2891286503816513,0.4583365026568523,0.2770631721866471,0.17167255717304308,0.11415441029262575,77.111,0.10182874342025806,-0.649021094614725,0.19983569409342064,0.6534445254481437,0.3303093377007127,0.01624613685114365,0,0.7108636980088782
RUS,37.0,0.6812937379275428,0.25086811551347465,0.29818945905836985,0.17600003332251335,0.24283098125224145,0.2894206172314699,0.2129535819640091,0.2894591912371664,0.4622084527537455,0.286102610662026,0.15782409979579956,0.09344805296307648,77.335,-0.5963006735434644,-0.3886407841979897,0.2554817047641537,0.7878080045123811,0.19503101706015366,0.017160978427465324,0,0.576451332127913
RUS,38.0,0.699671677299615,0.2436216495327624,0.3093713974400194,0.1940403084865364,0.2543722078495581,0.2975404389456315,0.21343815419445442,0.2863544264392865,0.4703819462272,0.26989148381671774,0.1629222818248332,0.10963663286414062,77.195,0.037772586275131005,-0.38078974037047164,0.372947656974115,0.6188144081204048,0.373490048623947,0.007695543255648098,0,0.7022918572235923
RUS,39.0,0.6669912611348704,0.23558209648512937,0.33038019885106673,0.17383685325525222,0.26145511291588014,0.3072704245720984,0.24994455552267775,0.2776625403140408,0.46435786628133713,0.2861104872260735,0.15037766346073117,0.06570271972729251,77.339,-1.089762856642778,0.21068731672264535,0.286372156629262,0.2089661308037326,0.7026541851740394,0.08837968402222787,1,0.7895328868948825
RUS,40.0,0.707402055548908,0.2426953984624243,0.3163241945150354,0.17364621378291092,0.24915018265717398,0.2881395845972671,0.19745420234607472,0.2916266361170762,0.5016985548394872,0.3008013104243847,0.16335516823869548,0.08567517895081486,77.215,0.3044850852622958,-0.6397618782976536,0.8230165611185071,0.5699344644594672,0.4277112301305692,0.002354305409963581,0,0.6979417227473834
RUS,41.0,0.7184077546088122,0.2627995958145015,0.30341074028446974,0.16679130572410691,0.23204435569340678,0.26917813925576145,0.21317839284288936,0.3463442985347224,0.4661355049091305,0.3099627986920906,0.17976349293521604,0.13728903451089491,77.323,0.6842022743450166,-0.3849983962275321,0.3119196186511174,0.43124170473168466,0.5623623440457963,0.006395951222518966,1,0.7187252862557107
RUS,42.0,0.7017140553190044,0.22480337596841804,0.3153556199226001,0.15987333980932977,0.2760763110315877,0.306731932115161,0.25420209647248304,0.27659385859666114,0.4587440699433019,0.2607478378297579,0.1525878901779928,0.09235338887869059,77.979,0.10823844549458558,0.27966803516715016,0.20569307680840343,0.15204120863498516,0.829734361236995,0.018224430128019765,1,0.5142437325065853
RUS,43.0,0.6724210520738406,0.2293701281953465,0.2875721942925533,0.170860532343562,0.25093936466923494,0.2985174559104155,0.1912114439906104,0.2923668783215233,0.48151272403518025,0.2853905081733638,0.14622108138894593,0.08876366936796026,77.847,-0.9024249200491762,-0.7409071077886481,0.532914434741579,0.8033586625983783,0.18605793558996422,0.010583401811657352,0,0.536929974351557
RUS,44.0,0.6847213685727984,0.2159271856723876,0.30365507460404656,0.16892526365896743,0.22895598771904088,0.26418269449368825,0.35467859252807377,0.4050004844951254,0.4126147463748585,0.3438293971174672,0.1718840978164961,0.09270020104858964,77.967,-0.47804100945979183,1.9075891676739476,-0.457257830948114,6.237419918250623e-09,0.8307268926663602,0.1692731010962196,1,0.45473187073586746
RUS,45.0,0.7019690232394818,0.2420282289972609,0.31327356160404196,0.15516330940991324,0.2599558042127015,0.3015827771611833,0.2568414225961226,0.2893145689486454,0.46987015542169286,0.28395229451778925,0.14471208507881625,0.06641077672219742,77.545,0.11703531532929391,0.3224304218040494,0.36559241842202644,0.0980891017149272,0.8894058380202103,0.012505060264862132,1,0.38678329256832034
RUS,46.0,0.6962357680499802,0.23474953106247567,0.30452187696434485,0.1617965599263041,0.21170593050062805,0.2753765919872213,0.21094241332129882,0.29377124352523015,0.4974932895291144,0.3032968314499608,0.15627403490080943,0.10306892529703664,77.068,-0.0807727051337356,-0.4212257574308506,0.7625802867662034,0.5908337495726278,0.4054722770596636,0.0036939733677087516,0,0.6976199818803769
RUS,47.0,0.7074973453673995,0.2486637323389852,0.26730034694569266,0.175683514059657,0.2613994437674186,0.2797668579069384,0.1989115463475882,0.2874152398227046,0.45295087536036466,0.27459643723760696,0.17199493244248865,0.12090908217976754,77.06,0.30777276211306626,-0.6161499771015448,0.12243576214455455,0.5871793608112619,0.39246462677779026,0.020356012410947946,0,0.7589786148025992
RUS,48.0,0.6766483443763008,0.22107824610514673,0.3222671637337963,0.15925198186104558,0.2407789290806512,0.28860428852745107,0.19319743388789734,0.2935616674981529,0.4665350569695679,0.276036019428466,0.14278651551310928,0.07338593260566813,76.798,-0.7565754340888373,-0.7087300808255497,0.3176618099661474,0.8432845453670014,0.14063211952203875,0.016083335110960155,0,0.48602734971935047
RUS,49.0,0.6524874828251594,0.24759726453027525,0.3320011632561354,0.17357699663133133,0.22636449672128334,0.28573458397299034,0.2191462056332889,0.2866240535220687,0.44843885182106097,0.273359342388313,0.14478289187387958,0.09703345165680298,77.223,-1.59017031834656,-0.28830783736329113,0.05759088973358256,0.8591486741936226,0.053157551421341286,0.08769377438503625,0,0.49985902525943404
RUS,50.0,0.7207658777711452,0.2299393934943818,0.30952164678924043,0.1434237462999495,0.2235621131662749,0.2804889412197955,0.2243874729114445,0.293574599113125,0.4669057946105702,0.2889564746059885,0.15739772939315108,0.08086648423848371,77.635,0.7655619311771855,-0.20338877571025363,0.3229898927696449,0.36471537867841913,0.6296871820259695,0.00559743929561131,1,0.6881415615956143
RUS,51.0,0.7034124085978309,0.22234785890726114,0.3239702679532261,0.17501138684299042,0.2194683500446538,0.264946994801985,0.2971661496196659,0.3754820615481461,0.42253208569726236,0.31226242981179647,0.16882406482817058,0.12145573326510194,79.64,0.1668348081240971,0.9757720276645324,-0.3147300720798975,0.00211718457587794,0.9227961904749924,0.07508662494912959,1,0.28158845977036356
RUS,52.0,0.6538759682496785,0.23092198809121908,0.31369157401468184,0.1777167454374025,0.22726502875286086,0.27396986614739877,0.310682504916282,0.367975658357761,0.3956524149264159,0.30157853672742124,0.15598785111280325,0.07709180963406624,84.754,-1.5422649758861693,1.194764143090787,-0.701033203347129,7.620210714135162e-05,0.03302660164379152,0.9668971962490674,2,0.14590662294123272
RUS,53.0,0.7224831089248918,0.22231203947383846,0.28543768829437394,0.17244494139894515,0.22055008318219357,0.29855560551447147,0.14895270951135067,0.15944758386995075,0.4264527189921794,0.23851930158965315,0.16767207029289596,0.0992572704634249,88.625,0.8248096157773852,-1.4255835206058198,-0.25838440731008594,0.005424139954866104,0.41133681683381784,0.5832390432113157,2,0.7081633979613275
RUS,57.0,0.7135411745955563,0.21633215014274657,0.3024140776537972,0.16238455822442746,0.21423760395814473,0.26540449978932135,0.28091203919799435,0.27219005010308933,0.2942308807558676,0.18107662483711962,0.15542649869827438,0.11222823792665342,103.554,0.5162961674251929,0.7124227779962483,-2.1586201121311137,1.4641126370047987e-05,1.762465937638439e-07,0.9999851826270363,2,0.00018053841794616747
RUS,62.0,0.7095445456707377,0.2290812983284803,0.2873567388819141,0.18813007045111488,0.1940769224427793,0.2487208766932567,0.2616169847787141,0.2749775528902684,0.31321995266992225,0.21316587898895248,0.17818330930336124,0.1452926297072843,101.104,0.3784049991424171,0.39980412512606556,-1.8857172926436807,0.000250634146830412,1.4829910160707805e-06,0.9997478828621534,2,0.002350126347639569
RUS,63.0,0.681016804294436,0.2243470941138737,0.2984921441270881,0.1942533651807056,0.23395702366799503,0.2895310022795458,0.27601524586141657,0.27170554102595657,0.3094251867288056,0.1992592552136959,0.1528626424013427,0.08365858818391333,99.713,-0.6058554015215236,0.6330848863790587,-1.9402540456410258,0.0002723668640350195,9.570701811735157e-08,0.9997275374289466,2,0.0025096577093005916
RUS,64.0,0.6943383877791813,0.25641788106969954,0.30110984724936035,0.19232378642955347,0.2564077738644267,0.28626043459553907,0.2235038312359344,0.22386396590451263,0.3270264471635927,0.21041212208435275,0.16075924747231918,0.08791899433560603,98.229,-0.14623587100145966,-0.21770554643373452,-1.6872962591348417,0.0013383690739323933,3.5879231125858975e-07,0.9986612721337563,2,0.01019821204381969
RUS,65.0,0.6893184829207241,0.238205211078201,0.2822777314221965,0.19297807392468966,0.22635534108070574,0.2781662149822501,0.30390854710120047,0.3283863824315102,0.3242849516750931,0.22844397320693144,0.15754163170620103,0.10367135457758564,96.696,-0.3194319716708409,1.085012414967429,-1.726695859695092,8.498669524982061e-05,2.843384264699371e-05,0.999886579462103,2,0.001207639234427834
RUS,66.0,0.6959850203746178,0.245203416368533,0.2727166183045253,0.19659019771534889,0.17394735953589227,0.2339954788454294,0.320593697927319,0.36088052793108527,0.3280819086235177,0.2398936041027793,0.16208003800336515,0.07163074362519586,95.991,-0.08942396862362202,1.3553453853157742,-1.672127618477861,1.3582448057119787e-05,0.0002909243887164228,0.9996954931632261,2,0.002825511789471192
RUS,67.0,0.7133612911325182,0.22209806643896174,0.2731710724607654,0.18428149600751673,0.1980614838904467,0.2611833851201085,0.32382829365292093,0.32698578183910515,0.3259527308446105,0.23309747027255262,0.17733084483863218,0.1380814659691152,94.751,0.5100898517177118,1.407752335632893,-1.7027272508181703,8.64176023826824e-06,0.0012791295331769327,0.9987122287065844,2,0.00990871315493448
RUS,68.0,0.7160202118384229,0.23131190006574076,0.28110523623938793,0.20102529590516957,0.2039007680816122,0.2610773918950368,0.3235273680989581,0.35807357470947765,0.33729334886930024,0.25130162089737373,0.17926093676658483,0.13132989783318563,93.647,0.6018275860446719,1.4028767369820765,-1.5397447392096293,2.0151481918965255e-05,0.009029826041713783,0.9909500224763669,2,0.05173218228294888
RUS,70.0,0.6661764584954624,0.2314437255974084,0.2760781583032514,0.19436269057779304,0.22079154284185057,0.3006884121765125,0.27202330545765435,0.2758128350435403,0.3722515340530244,0.24580486072126906,0.1618746996197079,0.09254948823565075,90.929,-1.1178750707065244,0.5684074304753739,-1.0373406541663241,0.027833361489146204,0.0012779516272671302,0.9708886868835866,2,0.13688349342913986
RUS,71.0,0.7165596878025898,0.25352890432973246,0.29080824562576346,0.1857228109952362,0.21360447687623518,0.2586131369963378,0.23566519154253718,0.29017132049460115,0.3562028231653962,0.25222269984577717,0.17382173252178437,0.1196678665766286,90.709,0.6204405151804008,-0.020667072558267156,-1.2679858626417722,0.017387954701461966,0.0013816939411469742,0.9812303513573908,2,0.09814567650876004
RUS,72.0,0.6760595688703432,0.22600672994018414,0.27528053850560824,0.16101398841488587,0.21619855421752712,0.2561009131307995,0.24541864428429822,0.27746505569827373,0.40847010191586036,0.2429803510962795,0.16337276191232106,0.08323738356335539,90.012,-0.7768892895655398,0.13735846034282448,-0.5168228883533892,0.5761088909686775,0.04879188102227214,0.3750992280090506,0,0.8328700679265322
RUS,73.0,0.6852055386503484,0.22823066429900712,0.3006102209677147,0.18804787490445757,0.21401309096947133,0.2690137126901384,0.2192667624841095,0.28994808142788076,0.4034053633642697,0.258799563063371,0.15487212691291966,0.061741796157475055,88.921,-0.4613362367884193,-0.2863545741343391,-0.5896111445120686,0.6964635431219771,0.01606195199882175,0.2874745048792011,0,0.6766671626037357
RUS,74.0,0.6762113486321384,0.23612473108307272,0.2776789664426983,0.17557925270457975,0.2303421146467065,0.27474364934084017,0.22394576312428066,0.2918869827899234,0.3931919442865163,0.24521181370362963,0.14832786665739617,0.05845098934845455,87.787,-0.7716526040815194,-0.2105453618292726,-0.7363940349840696,0.5603326527111738,0.0035494712204854856,0.4361178760683409,0,0.7064901392831093
RUS,75.0,0.6880416720557492,0.22167425746937058,0.3055763738143223,0.17560295863173928,0.20306514585228902,0.24571102530267092,0.30124311276003635,0.3346344164178999,0.38918426519149685,0.2701381281154699,0.15802457516474958,0.07495480400972668,86.399,-0.3634843330882864,1.0418270227450561,-0.7939906847614693,0.002699284627224646,0.2017725782270015,0.795528137145774,2,0.5209019852710033
RUS,76.0,0.6809634792604786,0.23695524322860298,0.2843839287521446,0.197377363892497,0.23520286437277851,0.23949817631664272,0.28107552739640224,0.3824008265359868,0.40118841966899416,0.29534217235106947,0.16775569433960666,0.08091646674266924,85.436,-0.6076952148665757,0.7150716153219092,-0.6214721110629292,0.04210057840245005,0.20398804593513978,0.7539113756624101,2,0.6706055202225585
RUS,77.0,0.683808406740307,0.23623353857870702,0.2617657617071145,0.16362236094040744,0.22648369053520595,0.2757975027594976,0.2359912281067118,0.2838896791885545,0.40878536996660764,0.25100410479543717,0.16671565792970916,0.12852861387968004,86.978,-0.5095398991610773,-0.01538462508422182,-0.5122919907754218,0.6944072614313501,0.04657835777791887,0.25901438079073075,0,0.7459812929896026
RUS,78.0,0.6859858237880957,0.23518346240477173,0.2931950823079905,0.18104379197493523,0.20263846715668152,0.24145186305771757,0.18976147212603453,0.2928292385734621,0.4123519381486867,0.25497814101844757,0.1683568341315259,0.08168801667284621,87.209,-0.43441494105102624,-0.7643995655528738,-0.46103479836555233,0.6262714537197372,0.020933319581501394,0.3527952266987616,0,0.7415798476053872
SAI,2.0,0.675161236377038,0.23176867363035314,0.3244729503309175,0.16876130699206007,0.2397829507839436,0.30472219052966526,0.27453025979996143,0.33983303662444586,0.43073449321352525,0.266263285608585,0.15933348298410785,0.1058603196592672,80.593,-0.8078834397201893,0.6090251282682329,-0.1968485796138926,0.05266543502720385,0.6500816856713959,0.2972528793014005,1,0.7956175732595825
SAI,3.0,0.7019428562664303,0.24697658776490178,0.34583578046557034,0.1578129518476205,0.1288257886606919,0.18365184891365638,0.19525909314666343,0.297733603893103,0.47089489040500193,0.2643670073623602,0.16077978559778167,0.1102148377589584,79.958,0.11613250584850889,-0.675327058157276,0.3803194712995012,0.6110819658832378,0.38048575280539704,0.008432281311365213,0,0.7089084607331637
SAI,4.0,0.7144060681806838,0.24762488176839342,0.3309957914059266,0.18163441680575768,0.20807127147231846,0.22743079344813685,0.19665168357718926,0.2886192336542839,0.48309139333506274,0.2862045640416924,0.17380336864048287,0.12934449261637734,79.482,0.5461366127447217,-0.6527642949263063,0.5556023946864413,0.4683697176465287,0.5277280290119779,0.003902253341493365,1,0.7142100017681338
SAI,5.0,0.6596887872742412,0.2343252556768867,0.36535703683485604,0.15875364484172488,0.22220378588102663,0.2871725412121992,0.20571881113080093,0.29532523889655765,0.48537276733320445,0.28413636694986205,0.14199920753696393,0.06261488890420464,78.723,-1.3417118543952478,-0.5058586091677932,0.5883893259917772,0.7642639830219214,0.21660750826698263,0.01912850871109582,0,0.6124872973435752
SAI,6.0,0.7118920969788162,0.21663634097625897,0.3456910481635185,0.15048695956162159,0.21866615418718766,0.24158318724837619,0.1856726818654909,0.29532033071097374,0.4908683628870266,0.29189051735588173,0.16023442191817586,0.10235983752692805,78.764,0.4593999072422205,-0.8306461837454931,0.667369674699111,0.43804524909279274,0.5583373108843782,0.003617440022829201,1,0.7073087574222408
SAI,7.0,0.7105822429460834,0.24017400822702561,0.3657346839925231,0.17312866639657146,0.18837671477441922,0.2643785266778212,0.17876600615931837,0.2970790735519995,0.48293414304417415,0.27941085725565756,0.16908360576692205,0.1098394879370563,78.697,0.41420749477385,-0.9425482083864487,0.5533424607653448,0.36634441767312803,0.6274421663438055,0.006213415983066401,1,0.6919000408454744
SAI,8.0,0.7043398001718,0.23735032834250597,0.32639360594107325,0.15603535180410205,0.13217867877547607,0.20606516395816815,0.15373394153321499,0.22234648159314208,0.5155401998736032,0.2512546597332954,0.15620929664964478,0.09786221722400201,78.637,0.19883155087799062,-1.3481179544946693,1.0219427631599376,0.18251322863578,0.8140422624542308,0.003444508909989426,1,0.4974599179631444
SAI,9.0,0.6574299100916327,0.23819865606746754,0.3743464623879822,0.16415447834710978,0.24073584463467662,0.2886189233229372,0.18548501907440204,0.2942010439033583,0.5046739923465641,0.26924272907220004,0.14839692050166817,0.08507403624290377,78.306,-1.419647339419374,-0.8336866980487562,0.8657782763073854,0.7303585204694982,0.258207976997679,0.011433502532822635,0,0.6302256213917252
SAI,10.0,0.6974953559556588,0.2549880537282049,0.3552284017257431,0.14769116879663963,0.140887467203544,0.19487598120138883,0.19879999980051874,0.2942445128032068,0.5068130823342649,0.2892690845253415,0.16901928759402357,0.13349050797713982,78.07,-0.03731456800464086,-0.6179572553045195,0.8965203626727981,0.6224302221818853,0.37492732757713304,0.002642450240981785,0,0.6786070201960457
SAI,11.0,0.6705962435039897,0.26000169334780493,0.4121593761122777,0.15842024296504725,0.06873370534649931,0.12073982025814162,0.1745344692170435,0.29558066931799093,0.4791952350281345,0.26650730182318466,0.1613173988511051,0.07902766722739575,78.265,-0.9653842265853912,-1.0111076096567837,0.49960847397549135,0.7916391855984971,0.1916945113692758,0.016666303032227176,0,0.5698551139152618
SAI,13.0,0.6718303970901379,0.25419236423136826,0.3580940288554755,0.17198182237830317,0.08742743708717293,0.16159139735711697,0.16066206032129132,0.30010204622671477,0.5070662639586221,0.29565835751655917,0.1595618586592386,0.1266068279476243,78.286,-0.9228036210211471,-1.2358685088393708,0.9001589806864747,0.5426969579100556,0.4485918535211431,0.008711188568801398,0,0.7326270985762295
SAI,15.0,0.6952505272850025,0.24451174405380707,0.3524530663719082,0.16008542792166738,0.21732123981676793,0.28776412830486525,0.18410011541503551,0.29384266382959207,0.4722946789243284,0.2778921296443898,0.16491019905014204,0.10780098298418592,77.883,-0.11476535310736781,-0.8561249201412285,0.40043663317762324,0.6335575147223494,0.354959887888329,0.011482597389321324,0,0.708100248743226
SAI,16.0,0.6872989132542955,0.2378205396376637,0.3599871849743756,0.15770952647956546,0.22705460812672737,0.2909449803409975,0.21618591744253512,0.29123357488694557,0.4895983024216143,0.27550830590793474,0.15802604114142868,0.11736003009460617,78.239,-0.3891109000804699,-0.3362704544252169,0.6491169089241806,0.5951918490530947,0.398261710501149,0.006546440445756365,0,0.7084070638308084
SAI,17.0,0.6943044509308475,0.2476320712782924,0.33862588423268547,0.1494946320305746,0.2342746983757307,0.29915005563886493,0.19616185258907032,0.2956029353456568,0.46940568652522596,0.25912399572350886,0.16813779277671928,0.12587849744394852,78.36,-0.1474067557026966,-0.6607005411950291,0.35891727010599866,0.7011279244606788,0.28891409442193833,0.009957981117382789,0,0.6535692772079121
SAI,18.0,0.6918038724893206,0.2509772590014034,0.35083223774686867,0.15412968920549577,0.24815048985894403,0.2746730227148303,0.18798942247427786,0.29458161370359426,0.4992023834540382,0.26765773847139773,0.16721032289731794,0.1318872098828166,78.178,-0.23368138594010449,-0.7931103306491203,0.7871426536365576,0.6339914117764353,0.3622753964398221,0.0037331917837425785,0,0.677629400431669
SAI,19.0,0.686143320658561,0.24089717508788502,0.3465765595905199,0.17358049284655405,0.2283533237444846,0.24974151833050606,0.1895604853819958,0.29814075690017017,0.49356069985289025,0.26387314749034574,0.16426961427797993,0.12437324887315167,77.999,-0.4289810046316412,-0.7676559546669346,0.7060627899982641,0.6827149427413396,0.31229017736131454,0.004994879897345877,0,0.6504970844308792
SAI,20.0,0.6867636943552903,0.2560652675583831,0.3373873899397197,0.1558164997093887,0.19285487024693562,0.2164552159677736,0.2783616117146362,0.3815563404419497,0.46766782070560015,0.3081062153449178,0.16333689826223977,0.07538129316043005,78.032,-0.40757695251094356,0.671100727963893,0.33394140587138604,0.006611069688030497,0.964306306066201,0.0290826242457684,1,0.1711130902011779
SAI,21.0,0.6951233518122338,0.24209925296004456,0.35100473449482694,0.14599840535744857,0.22775289278437127,0.2617662147780566,0.19900170054109234,0.29522474491528655,0.48330669505209656,0.26250529512940224,0.1634492118130027,0.12376888784722981,78.006,-0.11915314463038926,-0.6146892980118969,0.5586966188741715,0.6562720550893492,0.3384516794931314,0.0052762654175195385,0,0.6707498701749292
SAI,22.0,0.7035964136228364,0.2539556632902178,0.32763311513910226,0.1544680443629312,0.23530564616407612,0.30542288600757905,0.2224118945271052,0.29348069238023405,0.4976820971189072,0.27621822398481766,0.1542426358551469,0.08432623575640837,78.007,0.17318332542335046,-0.23539711524281698,0.7652937486893708,0.4839067624529474,0.5124395906258916,0.003653646921161066,1,0.7143573941279858
SAI,23.0,0.6787950512433245,0.23815314756486422,0.3200136010881905,0.1705831055807122,0.2602971329679754,0.2951676064129885,0.19411078018968775,0.2948133068369141,0.5031617020367782,0.2875275872071568,0.1583782392153759,0.11395369891972264,78.006,-0.6825100346177113,-0.6939320354681667,0.8440442868163763,0.6852080429334524,0.30982640695213404,0.004965550114413633,0,0.6484114484087514
SAI,24.0,0.6975803503059994,0.2527215478466814,0.338941223756157,0.15879046037972108,0.21449481607591817,0.2843258036572057,0.21896570907609536,0.29358643783075666,0.5010188136356828,0.2860100571645706,0.15578544678403303,0.1129543577300091,77.912,-0.034382104049050614,-0.2912322442776955,0.813247611278325,0.5228710011566763,0.47318042130114835,0.003948577542175489,0,0.7149640282279657
SAI,25.0,0.7080816313737393,0.2605472756526861,0.3460140527149142,0.1491819652959675,0.22136528611463924,0.2431480475789419,0.18155410369828745,0.29239563092200105,0.5177030009354844,0.2778122832396925,0.17430385985985186,0.1402450543833981,77.464,0.32793172146131777,-0.8973754258815057,1.0530256149416999,0.5337514781882927,0.4643452958583501,0.001903225953357299,0,0.7032364253909161
SAI,26.0,0.6671250294941553,0.2508360391131718,0.3071329873863625,0.16380663643619509,0.2827910658148319,0.332816983843332,0.171880822898073,0.29305642647068103,0.5080080899353824,0.2795313211111814,0.16204847813349815,0.10739043316651434,77.366,-1.0851475982117231,-1.054102012232893,0.9136945007839131,0.6643131362882853,0.32804299439642715,0.007643869315287992,0,0.6746004499370855
SAI,27.0,0.7315114831032347,0.2533038087162046,0.35903660851376673,0.1956445999655407,0.23167586951377755,0.2871217944319694,0.18422224858294603,0.2927502025476529,0.4988497928543125,0.28446950785933284,0.17438706709794247,0.13199925941355806,77.318,1.1363054004910569,-0.8541461174079851,0.782075372348382,0.2589373116162746,0.738814377977625,0.0022483104061001304,1,0.5872228303698694
SAI,28.0,0.6629002726177375,0.23735312792789917,0.37140566460806723,0.15856377512461145,0.219042179624335,0.2830253296873096,0.2706930320606373,0.337892337456808,0.49508290589602527,0.30892973096800475,0.1436762119089675,0.07042344939832952,77.316,-1.2309096072344567,0.5468543284064328,0.7279392841677812,0.003086809372379228,0.9373958635538187,0.05951732707380161,1,0.24637334911505598
SAI,29.0,0.7145678514176683,0.22987112936107634,0.37141317885412367,0.15258191806160834,0.22591036729936972,0.24074108563458227,0.191788404977544,0.2882770345918105,0.5102716199885197,0.2819655792848112,0.16608464574729978,0.08579466851907842,77.171,0.5517184368209671,-0.7315591804610317,0.9462249865439096,0.5372089804568114,0.4609928289047901,0.0017981906383983787,0,0.7021511427353306
SAI,30.0,0.7122466897209868,0.22227847531980172,0.36758813461878714,0.14468665224374996,0.12153939779777645,0.20326559219187154,0.18775823643070486,0.30071182463198326,0.49701382976123526,0.27578720977555893,0.16472623838025882,0.09378445533813305,77.22,0.4716340196410147,-0.7968560090977885,0.7556896960581778,0.4701607214280223,0.527067400298627,0.0027718782733506904,1,0.7086907830421354
SAI,31.0,0.722873481914531,0.2574677276299858,0.38857993540848107,0.16637155541634424,0.15047074024794818,0.19907340528849848,0.1995155320668308,0.3626665284709072,0.5250021293025996,0.3275545485109792,0.1741397847529785,0.08890777089399182,77.465,0.8382782135931915,-0.6063641948073124,1.157925565829353,0.6398219207632448,0.3588723497664887,0.001305729470266453,0,0.662161932612525
SAI,32.0,0.6994896083549917,0.24614137373866313,0.36288859853917316,0.1465174514668237,0.2506352635353132,0.27301034475398905,0.22687690041515773,0.2831134793375865,0.4528622011274231,0.26151733263597354,0.16146214849976465,0.11185833057331794,77.18,0.031490867367927035,-0.16305504792085876,0.12116137399672054,0.5917523895542323,0.3896866443465045,0.018560966099263276,0,0.7517153499062788
SAI,35.0,0.688634957370118,0.24359014837492432,0.3657274892424917,0.15978281527063187,0.19277087305037102,0.2520701920400108,0.19394118885469075,0.2940701862179792,0.513442729024964,0.2805143670283492,0.15725637091077824,0.09747911845620093,76.628,-0.34301488079179926,-0.6966797558701492,0.991798809259659,0.6453499166992711,0.35163555522851786,0.0030145280722108916,0,0.6676518055102785
SAI,36.0,0.6740786653697695,0.23563566617957918,0.3688447218350416,0.14613651920576107,0.21617411942934972,0.2787000460183683,0.23084395398103527,0.3013074872730218,0.51972096701021,0.28830311166764433,0.1425787044838921,0.07299623932076366,77.979,-0.845234162979564,-0.09878080879825402,1.0820269602373065,0.23016044884923065,0.7535286282953397,0.016310922855429382,1,0.6184749956456912
SAI,37.0,0.6725152384029923,0.2407274706625454,0.3257903077072084,0.1371206179325763,0.15204489315650685,0.21187975515953192,0.16036587123000778,0.2981064855606686,0.5137218220372496,0.2765330577715103,0.1515239823261353,0.08925802704609095,77.565,-0.8991753156432372,-1.240667367277385,0.995809814657748,0.5129084122490646,0.48008173333837284,0.007009854412562542,0,0.7295028003053401
SAI,38.0,0.6342233787008498,0.2435124212684036,0.33370577398082446,0.153604546518591,0.26518074490716925,0.32083054969179037,0.18659295286888136,0.2954532248214252,0.4896150281432506,0.28883034545616315,0.13528867144691137,0.05773307084929874,76.786,-2.220316049339985,-0.8157359443077675,0.649357283841563,0.8333961309483925,0.11749507780983282,0.04910879124177456,0,0.5514824126926883
SAI,39.0,0.6911115346212918,0.24861339206864633,0.3437133958763315,0.15745327345622726,0.2119010740185974,0.2778163778787121,0.18854382112723966,0.2931281359633739,0.5137138392532818,0.27610924402067466,0.16019885613026588,0.10919086398261518,77.175,-0.2575683364838629,-0.7841279584683618,0.9956950895009833,0.6335822703579213,0.36366836154753046,0.0027493680945482974,0,0.673211617018712
SAI,40.0,0.7086659434899716,0.256562204022843,0.3386220477567536,0.16785599439584514,0.23653607878300908,0.2796209521027861,0.17250279464641466,0.29543268826850905,0.5114405655661475,0.2927709569828582,0.17211535106553255,0.12164767280836031,77.023,0.34809158164966714,-1.0440248201263194,0.9630245724007563,0.3962843555909163,0.6011854413728559,0.0025302030362277174,1,0.6878535688863173
SAI,41.0,0.681422052560247,0.2410832318642824,0.307528779667183,0.16916460417452187,0.2877559141727622,0.3222075876553781,0.1926877046748713,0.28876797144452343,0.5112024593802006,0.28201782030059624,0.1506431918004524,0.07718208002614206,76.651,-0.5918735788733817,-0.7169887183210494,0.9596026121398017,0.6598908244705805,0.3361691193781643,0.003940056151255025,0,0.6625900649915677
SAI,42.0,0.6586494672176435,0.2528558644200042,0.3578483253294767,0.15366978933174905,0.19981821432300415,0.24775873769757645,0.15378061989865252,0.2992546402076738,0.48897364056353976,0.28829493461382133,0.16589144424186353,0.1281025506894787,76.467,-1.3775703390131253,-1.3473616711795684,0.6401395358821298,0.6705332402791908,0.2955854179800528,0.03388134174075673,0,0.7429434553922202
SAI,43.0,0.6967544391956312,0.25189469735921166,0.34345576354390095,0.17137796362138877,0.20634079644262815,0.2795196045999836,0.19513812252097443,0.29042747209903674,0.5004542674190624,0.27480990787929277,0.17357312735009117,0.1243828508771743,76.449,-0.06287758112453781,-0.6772870253705309,0.8051341945224152,0.6225225244982122,0.3744145257599885,0.003062949741799335,0,0.6806116484810861
SAI,44.0,0.6703438959921493,0.23001549917002337,0.33144199085435355,0.1314768971771307,0.2686844953320098,0.3091484397479889,0.24006172399332376,0.28420696920414246,0.49332442495408824,0.2827144371034211,0.14387573771238277,0.07076558942542431,77.76,-0.9740906874241365,0.05056558749018343,0.702667148212872,0.19046139547330865,0.7817666783643002,0.027771926162391228,1,0.6078404362369885
SAI,45.0,0.6818969271596476,0.24301327228530173,0.3328650891033473,0.13660012195976606,0.23246825013517636,0.2775195783165229,0.15498857087513893,0.3008927133577854,0.5209813489172945,0.29263517921447585,0.16980155116585405,0.08901321630392425,77.146,-0.5754895175729878,-1.3277904381165997,1.1001406299116911,0.3678968409084525,0.6271615924893067,0.004941566602241142,1,0.6867224179406142
SAI,46.0,0.688216985470237,0.2254403769223839,0.3368754118256654,0.15579000050194786,0.24320574620245344,0.27088285810388096,0.19169218291367368,0.28825975710392454,0.5257699960676845,0.30051867023619555,0.16216822634707106,0.0817694146097902,77.22,-0.3574356925979842,-0.7331181712433265,1.1689610185429353,0.6483158747560267,0.3489633171475718,0.002720808096401602,0,0.6644212426470346
SAI,47.0,0.6880707579959027,0.2485633945173901,0.35080569684556945,0.14559863939775436,0.20889605891464882,0.26188432274569806,0.1712486726058539,0.3544381606311624,0.5046765143037474,0.3050004995717369,0.1637061624415188,0.1307889156886342,76.732,-0.36248081378644126,-1.0643441172029393,0.865814520797325,0.5397134300308242,0.4556346674341463,0.004651902535029375,0,0.7159913639218549
SAI,48.0,0.6963984202942609,0.25888246217366395,0.35448724247131963,0.15239586782389536,0.18534458020732825,0.25559910385619583,0.1640767457073624,0.2988171099052207,0.5120903319030966,0.28966596600898403,0.16817429524996858,0.11529682108677794,76.561,-0.07516089868145215,-1.180543744152397,0.9723627362754318,0.3842695485149739,0.6120635304220606,0.00366692106296524,1,0.6885589379542116
SAI,49.0,0.6802102993603055,0.2567691733161788,0.35880299433689167,0.16188704110210328,0.22055445065734092,0.26998946557862363,0.26138827102541545,0.3412637246970158,0.4704092369513896,0.2932864203620796,0.1713045784601828,0.13887514580904864,77.014,-0.6336813292433776,0.3960985027476359,0.37333986758929977,0.05487693354935948,0.9079012281385154,0.0372218383121252,1,0.36950217601421875
SAI,50.0,0.672062827434404,0.23931968580410062,0.3249764229303052,0.1663066518929746,0.25626473649065407,0.27543537615962177,0.24252999303803505,0.3494900904662281,0.4928151141569041,0.3047755670686912,0.1657211314316502,0.08933022528402715,76.917,-0.9147843396922763,0.09055650572816361,0.695347551279645,0.1623622939105653,0.8107443016813436,0.0268934044080911,1,0.562501881972004
SAI,51.0,0.7023937717458175,0.23569211285639036,0.39456780323372753,0.1571906203653938,0.1677286984454644,0.19650700877794658,0.27126859473344855,0.39184537390931806,0.4562110772510856,0.33764919632663676,0.17973300957056604,0.10385552890017247,79.013,0.13168993272478977,0.5561796002355098,0.1692899892549112,0.028237716901893944,0.9522427717578241,0.019519511340281896,1,0.2241603665457298
SAI,52.0,0.6666987210643625,0.2305800781758801,0.38392481666156897,0.1315194999543373,0.14114981842769742,0.18341136423932788,0.209843557364593,0.2943198862882315,0.45029704866717113,0.2637127900945262,0.1585018253879493,0.0717286546531964,86.201,-1.0998560358822531,-0.43902943195899735,0.08429610001248972,0.896813708181521,0.06491368367911138,0.038272608139367705,0,0.40007296255460073
SAI,53.0,0.6674877502741756,0.23405020969603463,0.38420688703494493,0.1637930088441498,0.14898210731991912,0.20332522392284616,0.19834452250038562,0.2886749672517567,0.4194871217601779,0.25911491518924146,0.17310505061857673,0.09938698646122612,90.068,-1.072633053314436,-0.6253369027979354,-0.35849099138279744,0.8400847149218698,0.007486899895275656,0.15242838518285454,0,0.46975927904899606
SAI,54.0,0.6959795639826042,0.24464091321168804,0.3605069246228786,0.19088338729435586,0.12995177862236815,0.23357989386563005,0.18013299226909688,0.28939322051406535,0.37877770551101103,0.23361997851375924,0.18117489626849195,0.1259791974314024,97.315,-0.0896122243470143,-0.9204002866006366,-0.9435493093652778,0.01828673216276864,0.0004931581696966842,0.981220109667535,2,0.0955334883164866
SAI,57.0,0.7173904537826229,0.2312204750910257,0.2959278056325195,0.1655457021187886,0.18875119091269726,0.24764636401406698,0.2688268244585572,0.28594192131341306,0.3207938295899576,0.20748038905645066,0.16639261840030117,0.10944677734961566,101.192,0.6491034943338987,0.51661801531496,-1.7768687730697135,0.00036857131109005795,2.3074087982899327e-05,0.999608354600927,2,0.003551805336396429
SAI,62.0,0.7231472532169347,0.23737635799755988,0.3506856414725334,0.18928625004899138,0.22762416389663928,0.3115572575612297,0.1835007600877117,0.21583754402083896,0.34849353648751535,0.1881656090604853,0.1738415036521801,0.0996828917913881,100.78,0.8477238352510629,-0.8658356807821163,-1.378780433337637,5.26059691203502e-05,2.173494033076445e-05,0.9999256590905485,2,0.0008260071074137071
SAI,63.0,0.6878743499552713,0.23524104946578162,0.35111506600151016,0.1893507727263453,0.231781595811106,0.28340597477019863,0.21873702923927224,0.2885636843446499,0.35334863623854035,0.2163379256301673,0.17440019963301118,0.13499256376535607,99.899,-0.369257258308125,-0.2949373171410704,-1.3090050163533669,0.028794621765168626,2.5071563202694453e-05,0.9711803066716289,2,0.1308168004878054
SAI,64.0,0.6921796938764329,0.22335950582359562,0.341816366742697,0.1988938423788036,0.22675255459795154,0.28600139933486607,0.20977615737357144,0.21711261130054552,0.3704934151632408,0.1962828674002591,0.15656352775626803,0.08149579163290697,99.306,-0.2207148456108919,-0.44012144724637436,-1.0626075868625422,0.08778559996636003,0.00042761492039693417,0.9117867851132432,2,0.3010897066839305
SAI,65.0,0.7065582274854931,0.22820584101793118,0.3342641438828588,0.19285154675206712,0.21733582699307827,0.2985780899907759,0.2016104925356638,0.20907009993792627,0.3439887189181344,0.18820982487370883,0.1568978296021002,0.11570719090648404,97.838,0.27537143981687867,-0.572421625620856,-1.4435217446310384,0.0010489315732000455,7.761767276927948e-06,0.9989433066595229,2,0.008343115080998307
SAI,66.0,0.6938513270060533,0.2241480045050505,0.3334201003069922,0.19152030695024821,0.22142249134092284,0.27184862414113475,0.2996737565493707,0.3286955126781096,0.3406213836851076,0.2378554910542061,0.17161993525824207,0.133419432391217,96.238,-0.16304037807347352,1.016400298684536,-1.491915646313628,0.00045021161110151835,0.0005673837577259769,0.9989824046311724,2,0.00872721037237346
SAI,67.0,0.6825134479324385,0.22892176305958864,0.3584368885074746,0.16423488125313035,0.1800768326171143,0.24719815583819624,0.23858363717982323,0.2793949187156391,0.36277928338802473,0.22838413503338076,0.16926407304799382,0.13765035602796277,94.999,-0.5542183985299306,0.02661761105949791,-1.1734717892249498,0.0982956543324796,0.00023703492442972218,0.9014673107430909,2,0.3235130037006339
SAI,70.0,0.6815427658060722,0.23296760068374683,0.3368557944588584,0.17876277758114878,0.21893008152135854,0.27365983989174664,0.2921446472580845,0.328735862976979,0.37198122708065334,0.24649111345989783,0.180903494053252,0.15275143718614373,92.13,-0.5877087462589061,0.8944135992532904,-1.0412253903567525,0.004810365322494174,0.01272318744326888,0.982466447234237,2,0.09857994608098247
SAI,71.0,0.7033850037462395,0.24334587763114257,0.3649468423810107,0.16634649366875442,0.19458328967106267,0.24974190386916256,0.23589740269205453,0.3295437332042485,0.40427369846417055,0.2642261403055704,0.16837962041344418,0.0778940960268655,89.92,0.165889289519881,-0.016904785333463394,-0.5771318038631211,0.5722095972035535,0.1305770564269659,0.29721334636948055,0,0.9458741173716232
SAI,72.0,0.7211537992195431,0.22442644493130953,0.3853097893717711,0.15063076617511795,0.18057395774996124,0.22690169605487395,0.22256110752612615,0.28442302913239276,0.39301312235223684,0.23509388403861162,0.18391473732967512,0.13968734685199413,89.849,0.7789459462378195,-0.23297956483165871,-0.7389639873372937,0.24748738481447724,0.13348061212410023,0.6190320030614221,2,0.9112801409460468
SAI,73.0,0.6809880829583379,0.23054881495835494,0.3477031609462684,0.16869717008839796,0.228207682623247,0.28560359867519863,0.23184594383347232,0.2896508259460521,0.44592071497802455,0.2704913732291678,0.15979855073137428,0.07497458835802301,87.84,-0.606846341301951,-0.08254655980098442,0.021401304090316216,0.7157806530831251,0.23459883032707207,0.04962051658980285,0,0.7285113978360316
SAI,74.0,0.7163409314321935,0.25999171997938764,0.39420545991105416,0.1931173298937771,0.17521850495654953,0.25278540703311475,0.19598410958900234,0.2888085950520805,0.41237139722089344,0.2473253646683768,0.1738395089119922,0.12050563727550304,88.585,0.6128930115090102,-0.6635803349510307,-0.4607551409028883,0.3325026261123467,0.24500981216957973,0.42248756171807317,2,1.0747301982968405
SAI,75.0,0.6874261570566343,0.2511600581764486,0.3574634738247558,0.17234541158265798,0.23359575688159132,0.2818893034416225,0.2025492629641703,0.29564934682547905,0.42135765638424405,0.2581213819893149,0.17381231883951234,0.1349390799364511,86.388,-0.38472075105955617,-0.5572116583237015,-0.331608467836257,0.8189629003960043,0.04402583788194756,0.13701126172204828,0,0.5733883590480138
SAI,76.0,0.6096251004900585,0.2154583472913076,0.36411549873673044,0.15621114127792543,0.21827875010680262,0.24230292749556395,0.31040759236182025,0.38209359008306726,0.41790600029668995,0.3034832350001034,0.16857648466722217,0.09625699465519381,85.776,-3.0,1.190310007302133,-0.38121419277415075,4.788835410412349e-07,0.004676405096722805,0.9953231160197361,2,0.02976286725889779
SAI,77.0,0.7032634620821098,0.23454712600811672,0.3813398356780685,0.16620050676246476,0.1018662167566157,0.13256822167608895,0.20766207827727365,0.28542014309438385,0.44703975463144857,0.24350762673237447,0.18236473054605085,0.14355065754424384,85.579,0.1616958749254457,-0.4743737766145277,0.03748366335041386,0.6783988369138297,0.29658846058822247,0.025012702497947712,0,0.715964901969019
SAI,78.0,0.6319130938493241,0.19264333470769163,0.3265501052814794,0.17622711748600312,0.22224532749830594,0.2596246666037883,0.26370946958703634,0.3521206808811317,0.4306122793830648,0.29378289018980724,0.17820570436589311,0.08988772799260995,86.283,-2.300025195031393,0.43370658363768166,-0.19860498451161343,0.029016759132829268,0.04489797036770417,0.926085270499467,2,0.31316370942647725
SAR,2.0,0.6790198947497297,0.23203960393816694,0.35456942310795625,0.15491334086510314,0.25192518293970056,0.2929745420068375,0.2387824687615701,0.2890947477639472,0.45009553119011847,0.2706020686806205,0.16396072021356478,0.10288082821269012,79.658,-0.6747525133761286,0.029839082213870376,0.08139997702593338,0.5780691187298884,0.36456155148408115,0.05736932978603031,0,0.8486576813447808
SAR,3.0,0.707791929042449,0.22522452755223005,0.3409519365291921,0.16011197421814463,0.21381846532362378,0.26152532718223426,0.2668651878929256,0.3374283177783076,0.44589709907108754,0.2917160250659671,0.18067261117863612,0.09222795091357948,80.219,0.31793644952906935,0.48483556126000465,0.02106190637688238,0.05685263042926014,0.9191969290704596,0.023950440500280095,1,0.3298374774621782
SAR,4.0,0.7219429154416129,0.23680328141837548,0.34483118631467374,0.17313927923741831,0.23531216110017986,0.29826394503273973,0.24723584171832308,0.29072717462293524,0.40323893427603885,0.2584790673778648,0.16346920096180131,0.08594926525540136,80.246,0.8061719308911308,0.1668007102312908,-0.5920029921825859,0.2621389671570438,0.48577604568270955,0.2520849871602463,1,1.0490770755902812
SAR,5.0,0.7011705493401355,0.23589518186913908,0.3557411260589565,0.15804695773406294,0.25251482920995283,0.2933381810854707,0.15443161306498812,0.2179205058128365,0.46845835454393847,0.24305082827386168,0.1612554992526555,0.09732932778503109,80.214,0.08948647331885541,-1.3368142737861632,0.3453026200665397,0.16574104159793612,0.7926082031100364,0.04165075529202782,1,0.6144983327078211
SAR,6.0,0.7089122709786849,0.2518121989702502,0.31074906636000216,0.16742389493080495,0.2345404128203941,0.27583454213100245,0.27421305053420897,0.3388972409503319,0.44486156059471266,0.28678390989949476,0.16849263313015725,0.11398728030467756,79.312,0.3565903404380842,0.6038857007661065,0.006179590317967371,0.024952133402067176,0.9525237117147407,0.022524154883192257,1,0.22386213212343745
SAR,7.0,0.6857045297932836,0.23670143440198654,0.34677419002697035,0.16353569793873274,0.22978629215519042,0.2840525630278895,0.21294853027769756,0.29472664601304543,0.4427909342235221,0.2637262330682787,0.1635869465372767,0.11293166444676501,79.239,-0.4441201096581755,-0.3887226316670416,-0.023578566234417456,0.8419930436551115,0.1217650045048413,0.0362419518400471,0,0.5214389607129992
SAR,8.0,0.7034025547949567,0.22737434000161466,0.33623647743754964,0.17114479557403978,0.2170204582993836,0.26792399110961845,0.22786156834669496,0.2911986251694429,0.4529926251958762,0.279195656629397,0.16125250378988418,0.10210577244565386,78.947,0.16649483350650976,-0.14710144884865045,0.12303577292316452,0.5417629366708901,0.44148803120213326,0.016749032126976534,0,0.7615172841617712
SAR,9.0,0.6979260562859756,0.24647514095042508,0.3558046130329446,0.16878689085217352,0.22680976788519966,0.25703880927205963,0.2285656387767969,0.2839033029814159,0.43652654318940554,0.2532621274866653,0.1689956193018892,0.10828212513446636,79.529,-0.022454601556829396,-0.1356940931293394,-0.11360771475309178,0.6798674042937927,0.2742690364602147,0.045863559245992544,0,0.7584942714248526
SAR,10.0,0.7030139134671927,0.22606746702981323,0.3120350113226571,0.16908739108233906,0.24963698076510593,0.2806484696473745,0.21217825160803133,0.29168862975975735,0.46818094316652414,0.2862096656747245,0.1629766015093204,0.07557366189139614,80.334,0.1530859812621681,-0.4012026939054291,0.34131578240554644,0.6010046015201097,0.3911674449764972,0.007827953503393322,0,0.7111265230378531
SAR,13.0,0.6932742910746398,0.25260180957012995,0.3327402567601294,0.16839593756574128,0.25036924332371596,0.282084804415774,0.23121914197560492,0.29311960883732485,0.44223396910823576,0.2799264190305706,0.15848739498729683,0.09557706332053618,80.702,-0.1829491962851532,-0.09270200938744604,-0.031583030644565385,0.6634558446790171,0.2972142614373708,0.039329893883612216,0,0.7600844316661576
SAR,15.0,0.6881394157235978,0.2478619860807126,0.30693873301868113,0.15962725787715268,0.2656488870350422,0.29659522810990463,0.24810272309029585,0.34838427101119135,0.4528697403821149,0.3031596759048527,0.178885562438214,0.12443696459146578,80.28,-0.36011199384803405,0.1808459303594905,0.12126972494043939,0.3200823996071165,0.6377242323213083,0.04219336807157529,1,0.7850730445257301
SAR,16.0,0.6841822530579857,0.24517031387769464,0.3062635159357877,0.16870582014628785,0.2685809557631275,0.2978174031002478,0.25685236071314516,0.34634456477977993,0.4561384579914565,0.3061264783844162,0.17048597844613123,0.10727467427670066,80.471,-0.496641502419058,0.3226076412787515,0.16824633631644395,0.15069330191323266,0.7989611065844008,0.05034559150236636,1,0.6149847404186337
SAR,17.0,0.6705948930639154,0.24345609676762825,0.32102133453322634,0.1481846191543762,0.23003509919580392,0.2694271874903855,0.2265935117522443,0.2858982409811999,0.41530116653676963,0.27264699421640204,0.17571645090036844,0.15121264909211374,83.236,-0.9654308192921566,-0.16764651369823214,-0.4186497494246137,0.7945169932316893,0.018608612870208784,0.18687439389810215,0,0.5703425569279558
SAR,18.0,0.709395803391115,0.2583535304640835,0.3090998090252111,0.14020978944048734,0.2432335604122162,0.29269089037811663,0.1845684273418794,0.2373143691757399,0.42760129803319785,0.24543747721016013,0.1744493265907038,0.09343301298756763,81.41,0.37327311247091505,-0.8485373259053355,-0.24187752060615447,0.4323589706181701,0.3349542080648222,0.2326868213170074,0,1.0681643770656688
SAR,19.0,0.6869870675779809,0.2520309223692517,0.31725168922277475,0.16216258961961813,0.23726720040305152,0.2664638055114446,0.2658179460695112,0.2910225501934242,0.4126228629017744,0.2504098722355781,0.16689823380746363,0.10617044719527371,82.328,-0.39987015880572235,0.4678681394040707,-0.4571411836949033,0.21681198490805448,0.3647468750550772,0.41844114003686816,2,1.0638657990339193
SAR,22.0,0.6716425033917338,0.23080053013772692,0.3503206204620081,0.15746135630977406,0.2153186941098705,0.29160013428149906,0.23257838298105366,0.28166849209880557,0.45016590220273417,0.26746067448066885,0.14217324335221868,0.06394595426035166,77.483,-0.9292863048212423,-0.0706795738547067,0.08241131911995095,0.711483016580886,0.22529651513723653,0.06322046828187747,0,0.7525191612791633
SAR,25.0,0.6836315175293904,0.24491470924488407,0.32068878998835787,0.1717757096234776,0.2473136295768596,0.2814334331475747,0.18863654440484695,0.2913515041041227,0.46518871761491115,0.26983845206417006,0.15480536093517416,0.10056611907848774,77.894,-0.5156429075735994,-0.7826256550539525,0.29831279662122623,0.7981828706879974,0.18511187289642586,0.01670525641557681,0,0.5605286322841034
SAR,26.0,0.6863869582512306,0.22033844961758217,0.3237970993815507,0.16292785130985832,0.22734046061146743,0.2384521450390809,0.3265933715373008,0.4083286519471747,0.42748668083641106,0.3331767895164749,0.18297498141850957,0.10882282404570173,78.033,-0.4205750522846026,1.4525521534780406,-0.24352474993397172,3.9284344166781725e-06,0.8966594533355098,0.10333661823007327,1,0.33240542239563947
SAR,27.0,0.7030780755902284,0.25052731930507793,0.320689247978773,0.14410480683803042,0.2608461629237572,0.2770201989421607,0.21279557861018855,0.29122753214467295,0.4385351215065127,0.2717638301210696,0.1609968233179716,0.11106872219699752,77.875,0.15529969443677838,-0.39120075602014703,-0.08474128629461826,0.7020558235928124,0.2586184411007441,0.03932573530644356,0,0.7253560589465028
SAR,28.0,0.7090575401056934,0.22274930177250873,0.3008340289189835,0.16075451366905327,0.2606253048772683,0.2828065869177613,0.1793073116088241,0.2931270921039352,0.48980806534969495,0.27896851831317093,0.1638127240052955,0.08370444476549486,77.74,0.3616023968524866,-0.9337779724110229,0.652131532006143,0.4041198711116928,0.5913180452124894,0.004562083675817932,1,0.7014190431025816
SAR,29.0,0.7402327548307358,0.2611278208853119,0.3043813865144457,0.1481911531051966,0.27720592608441663,0.3205763977936279,0.17742649901227087,0.2177307007263666,0.45271903370629246,0.2417077619930788,0.16434938880685654,0.09759090985916061,77.753,1.4372055766241807,-0.9642509157600822,0.11910383305621909,0.033213932623029,0.9464515673087108,0.02033450006826003,1,0.24438649374060956
SAR,30.0,0.6858531802593935,0.2325999444926869,0.2888305356160612,0.16780837846421717,0.20405195909831886,0.26729979189684866,0.2435337130370443,0.2883751757390828,0.4667056599634539,0.28598992778164345,0.14768740760517488,0.0698393522017662,77.535,-0.4389913907244798,0.10681878657644109,0.32011364322346636,0.31370258816588126,0.6610398764632603,0.0252575353708583,1,0.7302232487855184
SAR,31.0,0.723551986147662,0.2580119276993078,0.288040873681596,0.14619767001281267,0.2612705454457703,0.2927301558808832,0.16426683525597255,0.21812129474965916,0.47627057653438165,0.2656762025849522,0.17516243258372505,0.12626580424078748,77.493,0.861687877875568,-1.177463911500988,0.4575765330467577,0.07451819624079421,0.9158105553406694,0.009671248418536492,1,0.31890497109367766
SAR,32.0,0.6849405370289952,0.2460845798728433,0.2930490450424482,0.16672250701774438,0.3081155399189217,0.3191748974719241,0.1693614120230126,0.2949879476857868,0.5038103898061906,0.29413425066114685,0.16812451560917194,0.11124791586225434,77.302,-0.47047928805803024,-1.0949215308863807,0.853366949979742,0.5461195280238335,0.448486611468294,0.005393860507872576,0,0.7181574666442155
SAR,33.0,0.6768993005520852,0.20941956645571141,0.2995117358110611,0.1506799757664391,0.29026376478566884,0.30309755700990454,0.2856871274021657,0.3367122591898547,0.4325718745181257,0.3055165021384785,0.15261019990050168,0.07507723643253679,77.344,-0.747916976944668,0.7897888019154503,-0.17044252139427904,0.00918750473496638,0.7677006435436453,0.22311185172138842,1,0.5807204813663835
SAR,34.0,0.7282185369600093,0.2554056961705109,0.3156026441274166,0.13951133507494728,0.27574663571426256,0.28467422017208815,0.22367248087219807,0.2869555341784275,0.43819472947266724,0.27615572639383573,0.17733905765971028,0.1245373368506212,77.666,1.022692603475579,-0.2149730834434714,-0.08963325501156909,0.28336862848385297,0.693063470287198,0.023567901228948827,1,0.6997595689336223
SAR,35.0,0.6955405668269561,0.22631893535360534,0.3165611499362373,0.17021992727458332,0.22132518707572812,0.2593942639294975,0.20645002826083378,0.2908148058183877,0.49019084690311615,0.28013911770739774,0.16630292531805219,0.08776556828535248,78.638,-0.10475844677692848,-0.4940114223613101,0.6576327047674673,0.625779234173453,0.36999614993169166,0.0042246158948552335,0,0.6843073986410986
SAR,36.0,0.6874150388644786,0.2322065565794216,0.3058249613603318,0.14976533233853323,0.2910156286486934,0.3043247475040007,0.2505406479950636,0.2890931679916663,0.486534727084641,0.28654385734386534,0.1591142407267797,0.07214735121758716,77.372,-0.3851043494707129,0.22034521255719208,0.6050885145426013,0.11794044174274668,0.8663069061731983,0.015752652084055026,1,0.4418208013507592
SAR,37.0,0.6918742816888764,0.22872297409969036,0.3370516318510467,0.1619508658912663,0.2126316243957912,0.27669075200619087,0.24248346395696777,0.2818863962264959,0.45825633183060854,0.2700786780764367,0.159296760677302,0.10344266131223578,77.383,-0.231252136948707,0.08980264111983131,0.19868351326954595,0.3745278798052917,0.6000897685986284,0.02538235159608017,1,0.7675183531429747
SAR,38.0,0.6710167130729325,0.2403797488236704,0.3903747031374406,0.15450384992304053,0.22545083110728897,0.267957151816349,0.2632856201618491,0.32693241214702756,0.3478839510755766,0.2901735277016873,0.16996051738433793,0.11113577270010395,80.017,-0.9508772405280077,0.4268393712711056,-1.3875411341443658,0.014627513040501968,2.5394494905590784e-05,0.9853470924645926,2,0.07661278815994299
SAR,39.0,0.7004653682910156,0.25105037219006543,0.270484504489029,0.16785424296370957,0.22523110959103096,0.2783564754617768,0.2329190866959143,0.3015701324562882,0.434227512296131,0.2850713744740946,0.16207856239666288,0.10017420940784309,81.035,0.06515640902137382,-0.06515948906753079,-0.14664840340301788,0.6191696113919528,0.3290858376785847,0.051744550929462424,0,0.8158113204259225
SAR,40.0,0.7063542572346325,0.23694986629512202,0.3544685228563971,0.16486632211480062,0.24584259349682147,0.26872876662649625,0.2768671449258267,0.3386093512843797,0.43255942028495653,0.29843541443336685,0.17817789969164827,0.12077484472844491,79.469,0.2683340849072341,0.6468873630194536,-0.17062150830642497,0.026999699516927305,0.9251173686615187,0.04788293182155391,1,0.3150432585982552
SAR,41.0,0.6849692132844277,0.2557002669461762,0.3273603596377247,0.13949589687871483,0.24234065258745863,0.27487239310423905,0.20312729137740684,0.295819716937852,0.4650830502681776,0.29077543439367576,0.16990870485031712,0.08104737607711246,78.519,-0.4694899036448271,-0.5478464365451025,0.296794190710318,0.7902334782460931,0.19647809286793935,0.013288428885967417,0,0.5631696348250019
SAR,42.0,0.6937955870969724,0.2367102402971755,0.2943196477082676,0.16317630222850144,0.2957589187125688,0.30488457085647563,0.23034127776540847,0.2864528971061878,0.44002498082769825,0.2672864529508748,0.17676270567361266,0.12276063862299637,78.625,-0.1649635091240983,-0.10692517356366804,-0.06332966537752434,0.6821898229109106,0.27512430719110426,0.04268586989798528,0,0.750584891789118
SAR,43.0,0.713475682745742,0.23924822399563273,0.30734439625033333,0.1467968572076917,0.23415180459776144,0.27540474789938263,0.2883650641233745,0.3596670714059424,0.4484546733277007,0.3138828735153683,0.18343607416981797,0.10167371019298828,78.773,0.5140365761912371,0.8331767578166972,0.05781826965978808,0.003271589693926809,0.9829453382484004,0.01378307205767268,1,0.09468101131132536
SAR,44.0,0.6661688098961056,0.23970342719038812,0.29046532153371624,0.13807719045212882,0.27465415593442044,0.2969667330111398,0.19871503663234197,0.28756417447639543,0.4675311992587821,0.280094752006599,0.15417277560048145,0.07113007059650714,82.125,-1.1181389616808604,-0.6193338293530729,0.33197794087384197,0.8749648751474485,0.10524546882633802,0.01978965602621335,0,0.431453174419672
SAR,45.0,0.7158744430149742,0.22724805347030685,0.28355027314157705,0.15384496325563954,0.2475344593858584,0.2862475509100606,0.1847897854861486,0.22569423307178474,0.5267420999884408,0.2854634258533026,0.16896096343893854,0.08838944228153596,79.618,0.5967982891690644,-0.8449508791734653,1.1829316803009136,0.584708997864394,0.4138317056588725,0.0014592964767334887,0,0.6884297492584327
SAR,46.0,0.7025507474496923,0.2621656058467086,0.34535452049347626,0.15065093201227203,0.24905876878448904,0.28236820262877277,0.19903452914651962,0.29452528581482956,0.49001852191505374,0.30301622746327295,0.18800893729145404,0.1324007957943023,79.028,0.1371058879226522,-0.6141574086385232,0.655156123746382,0.5919641281767475,0.40445825251454276,0.003577619308709724,0,0.6966435407415974
SAR,47.0,0.7278587401488573,0.24446913736963927,0.32591489979665156,0.16342506255071684,0.2173596784913776,0.2653656700319703,0.22547394356964262,0.28771949138214953,0.472205669567586,0.2832405500658623,0.18213153089134684,0.10027077750355114,78.91,1.0102789409696435,-0.18578576790481907,0.3991574287738632,0.30431723907255304,0.6917824113123381,0.0039003496151087443,1,0.6385861677544487
SAR,48.0,0.651909835376305,0.2069395355367903,0.3190082793783642,0.13797921195510982,0.2703115139156004,0.28110656638409504,0.372375704861326,0.3715398125671711,0.37662378946967556,0.3265957655353109,0.1660010140094268,0.08656682821051168,79.212,-1.6101002350529807,2.194317947862585,-0.9745044694320842,1.045715928351035e-11,0.021721518632580695,0.9782784813569619,2,0.10466541035726201
SAR,49.0,0.673196448787501,0.2394980666383782,0.33821372210220463,0.1511345116072663,0.22463670968230134,0.27663092993172933,0.20882711926754713,0.29876370272994907,0.402433939108697,0.27810360904737297,0.16319362400259946,0.11848821678008463,82.128,-0.8756722840800764,-0.4554977715510796,-0.6035720384127362,0.6878851891468012,0.0037576043495137494,0.3083572065036851,0,0.6411242864544823
SAR,50.0,0.7140905949623128,0.2471318941612502,0.3539387970511333,0.155561137768799,0.2137988449926693,0.25454849648848155,0.2073472716498948,0.3418424248825283,0.4326161549506788,0.28779272551954915,0.19128817849920843,0.140326741319473,83.12,0.5352521970380326,-0.47947427654716535,-0.1698061419573818,0.5419494036529311,0.39439283607482845,0.06365776027224054,0,0.874263342015525
SAR,51.0,0.6925471268282679,0.24405836533822028,0.3562814198701598,0.17341521563879067,0.203002252954268,0.25877408916284506,0.2142552521865969,0.29086029032771,0.32101026425438534,0.22057117098073759,0.19641819326233,0.14351994903951612,92.385,-0.2080377219781485,-0.3675511110297182,-1.7737582666466256,0.00040038277798115575,4.050595460102725e-08,0.9995995767160645,2,0.0035332629045775983
SAR,55.0,0.6427459753230871,0.2149191557065078,0.3511065603513114,0.14827936191150046,0.15861310133752776,0.23587280170552913,0.30246115514243777,0.32954177385528244,0.2660748492936413,0.20743454815780463,0.1652352288890116,0.10611854586382409,101.078,-1.9262705356958927,1.0615617568614122,-2.5632665533261303,5.439512836119953e-07,1.861144673072878e-13,0.99999945604853,2,8.410848826485314e-06
SAR,60.0,0.7072083983022681,0.2164543541549231,0.33959049676197184,0.17133506053058906,0.0865188093236872,0.10305759546015121,0.2800802810221645,0.2828202065461669,0.2702447331954046,0.21124571877863021,0.17096822226296746,0.12352499766890321,102.558,0.2978035482750181,0.6989466242217417,-2.5033387654449224,9.900668356631378e-07,3.2386553454503567e-10,0.9999990096092991,2,1.4699275963785524e-05
SAR,61.0,0.6986626189345287,0.22589074182711777,0.3776948254268521,0.18631485088815689,0.25764378557818907,0.3202069389551673,0.2572131834254724,0.21495073038357188,0.27666198533593844,0.1940773824300207,0.16958960092763406,0.11592190428952996,100.969,0.0029581865786259963,0.32845369425178655,-2.4111127624870186,4.265082775439823e-06,7.666887572734125e-11,0.9999957348405557,2,5.702383099004914e-05
SAR,62.0,0.704348199217084,0.22756105577482302,0.34974873176185267,0.19177667512024688,0.1921276485215883,0.28045206715379795,0.2677107876595244,0.2158007946999403,0.28045259926696114,0.18223981190052896,0.1655446624846882,0.09692135985763546,99.586,0.19912133363952877,0.49853597661811305,-2.356635680402834,5.321553937901171e-06,9.460700269682294e-10,0.999994677499992,2,6.996680421872788e-05
SAR,63.0,0.7115324914100482,0.2047114164845293,0.35709161132156036,0.13833267727978124,0.2843522924360268,0.33087964016245897,0.2948086040684811,0.27669648710345207,0.2541251353431213,0.2002552152748363,0.15663564507443137,0.10921163184509015,103.289,0.4469928429559949,0.9375750525082951,-2.7350027310564133,5.5726160602700626e-08,3.609746969747147e-11,0.9999999442377419,2,1.007269336635835e-06
SAR,64.0,0.7033728751678942,0.2271657725901219,0.3377938763316896,0.171385097611543,0.22263488251707905,0.26244683996821827,0.2689194576576414,0.277757887213564,0.292982847590138,0.22231398848700662,0.17527241442099095,0.12743804670846545,98.302,0.16547083089659995,0.5181188592762925,-2.1765563109765855,2.770011772854373e-05,1.7620503915986465e-08,0.9999722822617676,2,0.0003187190364733898
SAR,65.0,0.7311702519756956,0.23018844547079018,0.3671328398467562,0.1676348115670405,0.2364182667690776,0.2875321113405841,0.29485454961500274,0.31338461806711476,0.2783689051171155,0.19253185384822746,0.17539130634862926,0.11871844520526566,98.073,1.1245322887721747,0.93831946268444,-2.3865816414806615,4.3867491159437474e-07,1.0014355788145309e-07,0.9999994611815306,2,8.574782642970119e-06
SAR,66.0,0.6945079246288727,0.2225626034144498,0.346490894939856,0.17060457289040346,0.21602814989350153,0.2787990691913915,0.2848583866304234,0.28410468270721473,0.30181556503330126,0.21561780890509966,0.1642904180695412,0.08710257130783833,96.293,-0.14038653279401492,0.7763615361503025,-2.049616273839173,5.87641278448935e-05,1.6263165676827981e-07,0.9999410732404982,2,0.000633946142296786
SAR,68.0,0.6975795519534809,0.22373998968457398,0.34584711360393683,0.2012954505011044,0.23008861651811838,0.29873584406409265,0.31504855350059896,0.3295514583007725,0.34622722517553367,0.2548248636070604,0.16100634656654386,0.06803269937919945,91.921,-0.0344096487031963,1.265502903248471,-1.4113508901601373,9.327113715911902e-05,0.004279580645032319,0.9956271482178086,2,0.028569239006602916
SAR,69.0,0.7079968276286843,0.22909121514320016,0.3718359627545854,0.17420926019700855,0.18473290717689517,0.27014923563330173,0.2974478063480325,0.26894438772541357,0.3376652165646877,0.22404977623511685,0.16229913880727181,0.07279455901728787,93.193,0.32500583374435654,0.9803354326221153,-1.5344004157478588,0.00046202641071651043,0.001145545543881771,0.9983924280454017,2,0.012912080863033026
SAR,70.0,0.6493314508454248,0.26133040048945005,0.3231450498647536,0.2021119732422025,0.20205612274404025,0.23059099358736734,0.2700678312181115,0.31733796726320046,0.3376476610102879,0.2544924500972041,0.17923898758739057,0.07715952413701065,118.263,-1.6990593208058422,0.5367248184855689,-1.5346527166667792,0.003206452937908734,5.153919661709964e-07,0.9967930316701255,2,0.02162262695763465
SAR,71.0,0.6669454498492278,0.22707698175665147,0.36867910748820426,0.19576382072994886,0.18353921904316287,0.2758260385418467,0.2763929437888688,0.28273794377632727,0.34810578824636096,0.24068106689117502,0.15387944303298745,0.06413610057340861,89.015,-1.0913434316265025,0.6392043517459971,-1.3843529852106966,0.005227127136217738,3.6542573048507846e-05,0.9947363302907339,2,0.03308591794708208
SAR,72.0,0.7346753011586932,0.2263883345122152,0.3313481988681643,0.1268690170576963,0.2038979916993612,0.24981180199030162,0.31548354147748076,0.360132208092634,0.3681397968650255,0.2575107172758291,0.17298203464182846,0.0905848374094984,92.354,1.2454630371163053,1.2725505825341865,-1.0964327823479922,0.00020250793259024325,0.5688953187854515,0.430902173281958,1,0.6853781252364493
SAR,73.0,0.7054389091245022,0.20588342592711703,0.3885602139659054,0.1867334421717508,0.1868760961340293,0.2322918877899238,0.23236676622851565,0.2904976273246145,0.43906493772438177,0.2687510811803325,0.16453978336507954,0.07660577054114974,87.137,0.2367528641670521,-0.07410819046628198,-0.07712699422594575,0.5407522482499514,0.42452890465539345,0.0347188470946551,0,0.8128488330833719
SAR,74.0,0.71517574869989,0.25265708257796476,0.3387366698418885,0.18934006348271185,0.2176716902443231,0.26356227746553945,0.2884197312284938,0.3122658103635674,0.3673482107646351,0.24049177956143125,0.18604238703885473,0.11156922423276842,87.954,0.572692029320619,0.8340624747671317,-1.107809119203282,0.008190512549178335,0.08749985145293557,0.9043096359978864,2,0.34347217190734775
SAR,75.0,0.6955300086991114,0.22778684383187742,0.33826828401911374,0.17056938559983506,0.1857915964807551,0.24110985007563138,0.22286472310939986,0.29100872815890216,0.40133784758543656,0.26289334280675564,0.1709075760090903,0.0770173198501647,87.968,-0.1051227219224993,-0.2280603823006895,-0.6193245969615643,0.625895611254241,0.036419703874747925,0.33768468487101116,0,0.7805274326883561
SAR,76.0,0.6813603931776153,0.19849607991902216,0.35790729862125154,0.16897256897228638,0.1766316550716674,0.18431586041769263,0.29485257231978884,0.34480661788788236,0.3698448346463905,0.2886320230400826,0.19928395145825104,0.11250133031073496,89.076,-0.5940009428260071,0.9382874265288189,-1.0719287086379596,0.0030911050728008654,0.010582774617205975,0.9863261203099931,2,0.07958020268909366
STR,2.0,0.7157843816583439,0.23188937193800377,0.29615091440252456,0.18695156435398425,0.28463412686187234,0.3013417804030888,0.1833729410050787,0.21856026515937943,0.4456027186683871,0.25388262345438034,0.14967306113348836,0.09153639188341053,79.989,0.5936910040253877,-0.8679066067590809,0.016831197142517833,0.31751979210883174,0.6267701600443566,0.055710047846811474,1,0.8179431355644906
STR,3.0,0.6636917135875626,0.22940803834282597,0.33614442112236537,0.15677867669863696,0.2667466020355296,0.2905383111341227,0.20752379931155135,0.28836917596947215,0.4013372014508088,0.2677084928458467,0.14351652544743632,0.11312593964286224,79.928,-1.2036034144382401,-0.476614173715517,-0.6193338829320677,0.6769906087986778,0.0013964384192871123,0.3216129527820353,0,0.6381123623608996
STR,4.0,0.7362080299328946,0.2372931396431897,0.3374994710467301,0.15690026931748496,0.2453160603338933,0.27140706598356806,0.22904953584997437,0.2849254033579462,0.398116466486073,0.2569628662957281,0.16959519312721313,0.12213513275564832,79.998,1.2983450447559934,-0.12785398820621424,-0.6656209082630745,0.14125497535917036,0.48049106548602477,0.37825395915480425,1,0.9963714660024806
STR,5.0,0.7285103576509585,0.23722155489182364,0.3317071317818424,0.16128332652284325,0.2611078612232198,0.27572773818976853,0.2399140476107297,0.2861903312758811,0.3644563506506613,0.26316435715092507,0.15970053533270537,0.12468042355768741,80.438,1.0327609627756367,0.0481729333528018,-1.1493696958464503,0.0237107218085371,0.015273216220078075,0.9610160619713848,2,0.1908027484139353
STR,6.0,0.7316350844229887,0.2091491207781578,0.315836869122969,0.1684033418109853,0.16257552127868566,0.18918193784635556,0.30139169223956697,0.2677264561425845,0.3838222325279264,0.25823586436907264,0.13361972365145283,0.08096722268948936,79.785,1.1405698770543786,1.0442343088674835,-0.8710515247380151,0.001576971124221285,0.7632683224189907,0.23515470645678804,1,0.5567578002599959
STR,7.0,0.7261490141226533,0.2368229648137019,0.3985349604716341,0.2195067952352674,0.24661664360906232,0.3072329929452325,0.18827964388688,0.22178783849732617,0.3979634320704824,0.2226015917884914,0.14331989573761397,0.09488249163508161,79.417,0.9512901972980166,-0.788408160597135,-0.6678202534276152,0.04094976097251302,0.10386921907970187,0.8551810199477855,2,0.49986216250787585
STR,8.0,0.725833171265093,0.22804949761839047,0.3093263053069844,0.1620060769484225,0.2453331799331858,0.28054291041502705,0.2001664602132751,0.2904488328198763,0.43023096897385,0.2735974808819894,0.16375570256144503,0.09673007010316696,78.733,0.940393028348376,-0.5958178508667961,-0.20408501461764536,0.2769551653855375,0.6365821457033006,0.08646268891116193,1,0.8547540710505419
STR,9.0,0.72373191467697,0.2607637645869509,0.28714445668854216,0.1725620555774394,0.26820839681659486,0.28910521535051975,0.22991304139445365,0.2877726813838404,0.41330893457135265,0.285327561515986,0.16143998826788197,0.11783072089883952,78.659,0.8678957484535945,-0.11386346326676107,-0.44728125510830535,0.35740845798055776,0.4933082372759514,0.14928330474349094,1,1.000234305547964
STR,10.0,0.6930587296218601,0.22201241788076187,0.3117242990928344,0.14955545216180144,0.15207768005393896,0.194585413357132,0.19742611410531058,0.2882948321534,0.428523807411691,0.28066123712062296,0.15537721560267234,0.11591396952012782,79.893,-0.1903864693269257,-0.6402169642382459,-0.22861961039685968,0.7969160951877363,0.09537961376768922,0.10770429104457442,0,0.6450408453156933
STR,13.0,0.6749782880385832,0.24871958233800937,0.32352306590641183,0.17423746437387555,0.24124000672321969,0.2709852503127846,0.192804955970808,0.2875870206294892,0.4012347144642807,0.2710813904697573,0.1541295080845232,0.11000218475054038,80.847,-0.8141954993583171,-0.7150890117233639,-0.6208067820664159,0.5307721069493416,0.002792239184405012,0.4664356538662535,0,0.708344169697024
STR,15.0,0.7117395191153074,0.2500742257914593,0.2985816219719744,0.16281025239898525,0.2631080835738388,0.28543837264058186,0.19060470869153,0.290542490780892,0.410418036566437,0.2764207810452516,0.17006312625523404,0.12641288606558995,80.203,0.4541356857572934,-0.7507374388012298,-0.488828004731606,0.3023992204131298,0.15229785109010355,0.5453029284967662,2,0.9789628080207613
STR,16.0,0.7413536157787664,0.24534099311672536,0.32939606100362673,0.1697529738009816,0.22490283243339215,0.273421235025426,0.1797037112466273,0.2996263377984948,0.40579256308284933,0.2705050038730363,0.1828899579286314,0.13575178376595085,80.545,1.475877374410232,-0.9273555017573805,-0.5553033312166853,0.008199713211534879,0.34157994133870223,0.6502203454497628,2,0.6861881703825145
STR,17.0,0.7026863348296376,0.22496233235520538,0.3488435362472727,0.17458882071311405,0.11494880346670797,0.1499049139374222,0.21372165724664471,0.29058486672161316,0.41517789320710186,0.27715266727377263,0.15915651599920794,0.11225260440951312,81.17,0.14178390596654966,-0.37619642125696057,-0.42042138099176996,0.6999186265355375,0.11883542430461586,0.18124594915984638,0,0.8123961461979416
STR,18.0,0.6606819093471673,0.22187811228726928,0.3137472086041503,0.16718015634437564,0.27018600193866493,0.3327423911660309,0.19594730122695864,0.2917341008337418,0.45560064099575925,0.28685329054703096,0.1380863712190522,0.06540137010458555,77.769,-1.3074472865658968,-0.6641767043784713,0.16051706049094064,0.9197056398746649,0.04599645852737309,0.034297901597962116,0,0.3342882660328877
STR,19.0,0.7431045487003165,0.23365502044072792,0.3351109864771851,0.1551917022468014,0.22118232187091336,0.2821482517833475,0.21053029105736165,0.30502311389129355,0.4048419703766801,0.2537439361194401,0.16053018083160722,0.1114379925221129,77.915,1.5362878329939693,-0.42790296622074175,-0.5689648429994575,0.06494197906885889,0.6070070403414448,0.32805098058969634,1,0.8462363891655698
STR,20.0,0.6948747580647571,0.2459788474909062,0.3320388060630448,0.16477122642331277,0.244867438981652,0.30848655637223915,0.19954706732317964,0.2894064565976769,0.44522263078021607,0.2954932104411006,0.15422742092616193,0.08256474840935499,78.061,-0.12773009358216614,-0.605853260287851,0.011368736586026917,0.779590227463724,0.1855588823585042,0.03485089017777198,0,0.6236431110666154
STR,21.0,0.7172188936323969,0.21913996107502026,0.31572844519039955,0.16255406814055587,0.27868342144461733,0.31372602152890955,0.2758403305637363,0.2766761057826867,0.3982334214386461,0.27039781640630445,0.1532329075686549,0.09096628152047917,78.594,0.6431843484761164,0.6302509070836931,-0.6639400817090085,0.05211625164818558,0.6591654657898182,0.28871828256199633,1,0.787369195457627
STR,22.0,0.7217499360467072,0.24901942850721795,0.27883634637147536,0.14246923389156696,0.28603106800227995,0.2969656425472298,0.25826823003938615,0.27810744469041926,0.39976081410520814,0.26246399623873967,0.16342281309215087,0.11159796428311612,78.548,0.7995137810557024,0.345547569396673,-0.641989047606036,0.16182893396792372,0.5541576893450468,0.2840133766870294,1,0.9793452402675689
STR,23.0,0.7124217471544645,0.24778432397061687,0.33558376295351466,0.15114286984144226,0.23292101471178908,0.27154983672163185,0.22217985413470795,0.2844324748234121,0.43911222524158394,0.279244281812421,0.17165476394952672,0.13216039144583028,78.927,0.47767382830799426,-0.2391566358591574,-0.07644739825467119,0.5314387173666784,0.4378443285674293,0.03071695406589243,0,0.8045556114134276
STR,24.0,0.6935557297421293,0.24796851293599692,0.32404949579391656,0.14405368192805518,0.22016649349143477,0.2844280099435721,0.24855500509303202,0.2860476208090569,0.4154847561027803,0.2544739299003091,0.16320690383205322,0.12065624023296137,78.439,-0.17323903620021613,0.18817380761447905,-0.41601127870737437,0.5302493684944812,0.24834787605717057,0.2214027554483483,0,1.0161491229387398
STR,25.0,0.7195618090685544,0.22033431678586907,0.3352505019923384,0.16179223712551255,0.26048308830873307,0.2849211433645982,0.26824089504000026,0.34381973541966876,0.42971334579626724,0.30400653849146253,0.15816317660775206,0.0813368984694156,79.058,0.724019310329415,0.507124781373974,-0.2115240735265657,0.05165245808246407,0.9156152647711853,0.03273227714635064,1,0.3457017506588247
STR,26.0,0.6765300550859598,0.23934347899020045,0.32340309984794163,0.15504415455307474,0.27510175227930683,0.31339744888533216,0.21458846707759963,0.2886572404670101,0.41990748610452766,0.25306000924087046,0.14531140098251757,0.09685975009956475,78.926,-0.7606566357083276,-0.362152360237004,-0.3524496948252689,0.8529753506293317,0.022712017021558836,0.12431263234910918,0,0.48079224493622774
STR,27.0,0.7056518209048765,0.23477119673582034,0.3030308644805971,0.1418632704873303,0.2564704905146027,0.28216824600373275,0.234883295168014,0.33742977768349586,0.4292845787439023,0.2991909184560903,0.15115722408169496,0.07469113253351982,79.772,0.24409871855815257,-0.03333536495983013,-0.21768613020965735,0.5595922248423134,0.3772651751835484,0.06314259997413817,0,0.8670528339676911
STR,28.0,0.7174255390895307,0.22473817861458278,0.2790407619989232,0.15776388851529152,0.29359289279926143,0.3121556386135142,0.25956333839038753,0.27986812801116995,0.40039283036957746,0.27844343580386893,0.14905753024236082,0.10997354439907196,79.86,0.6503140030025991,0.36653092705988916,-0.6329059801823647,0.1817205989743544,0.5114164081556986,0.30686299286994706,1,1.0153402766843065
STR,29.0,0.6953979281855103,0.24779577050232024,0.2928039426802802,0.15508811591458285,0.27115813669806066,0.2922926965331182,0.2311853363234661,0.2867294386460538,0.41794441664711224,0.27560455611855794,0.16342066867844815,0.12568887593602812,79.831,-0.1096797465225944,-0.09324972888081391,-0.38066208941743535,0.7271167422493177,0.13416903002815214,0.13871422772253028,0,0.7752159577736921
STR,30.0,0.7132527775891442,0.2342576494290521,0.28761255634480126,0.16883734920351856,0.25767648730938747,0.2943051593744998,0.261215521830897,0.2799670658161836,0.3879776186680783,0.24787398315261444,0.15603701314141305,0.09394336346005239,79.86,0.5063459316411114,0.39329961867603686,-0.8113320924856618,0.15631713428558489,0.21445590782306428,0.629226957891351,2,0.9117890464429026
STR,31.0,0.7234326424138776,0.21536326611385362,0.2976850109367672,0.1499083099921915,0.3152442372227298,0.31644864228165637,0.29938494554082157,0.3283384294467425,0.38213386979587777,0.27945654008883275,0.15413623286753855,0.08385711279313075,81.753,0.857570295986349,1.0117209800122609,-0.8953159517715739,0.002976366211510855,0.5998789110961454,0.3971447226923438,1,0.6906133638215883
STR,32.0,0.7224510658948202,0.21786998606156388,0.3320575757113735,0.16749345124036819,0.2413875391458803,0.30082774251331806,0.2856718643367151,0.2926588019314685,0.43304406719279015,0.29319035500951196,0.15732723696175813,0.082884600771867,79.387,0.8237040713460655,0.789541509585709,-0.16365637024163265,0.005959356054090525,0.9757804321811466,0.018260211764762658,1,0.1275486139788217
STR,33.0,0.7250074944264723,0.22939611601102466,0.2858356631653429,0.15442383972079227,0.24643170899990754,0.28181438242986323,0.2636786872880549,0.2808840659624713,0.39332007825357623,0.26761073234174965,0.1685163466015566,0.12810124291379155,80.446,0.9119056340860731,0.4332078485405567,-0.7345525484153197,0.09830916194710755,0.536885225458434,0.3648056125944583,1,0.9298352448949163
STR,34.0,0.688750645995758,0.23692455309805713,0.33007372746964264,0.14619792811325244,0.13097022957899387,0.1659243429003878,0.21788098277762924,0.28443748241240213,0.4297040720294162,0.27841093814757006,0.1536410255435406,0.10562529191899891,78.583,-0.3390234069655814,-0.3088069899503738,-0.21165735213714643,0.8336713958767037,0.09637003597056357,0.06995856815273281,0,0.5632010568599197
STR,35.0,0.7273748042727517,0.20961820271336,0.26905449387554525,0.1603117861312898,0.289399270418591,0.2713528917258958,0.25330042095161837,0.28141433053970755,0.3923601939642463,0.29848749297616806,0.14170194043045226,0.07953099316020268,81.072,0.9935822486858631,0.2650590799119076,-0.7483475948570545,0.1441809822543577,0.4353986769204872,0.42042034082515456,1,1.005558641080328
STR,36.0,0.7401853378949402,0.24295476223333773,0.29835676277234957,0.1414910962607195,0.17650131678316844,0.19539441948663616,0.30628914135825447,0.3240203313176971,0.4054594967611693,0.2780597221680055,0.17136124687047513,0.1475274961426863,79.544,1.4355696037089476,1.1235828254725722,-0.5600900179317695,0.0003180693902886227,0.9730632853416756,0.02661864526803597,1,0.12565513248961435
STR,37.0,0.7041186346082612,0.25423919311610854,0.3574393378391366,0.1522155083876307,0.10321751883262621,0.18772934522644802,0.26410374672057707,0.29065845703552345,0.3930120601488364,0.245808006796843,0.15915288066672698,0.10314158259081069,78.76,0.19120092553999618,0.4400946654573347,-0.7389792528702365,0.18415990258313678,0.2154226417388538,0.6004174556780093,2,0.9485873285164794
STR,38.0,0.6908252064220709,0.23963352478601485,0.3072681746354354,0.15805924447991204,0.2690140836314016,0.29601672911772975,0.22696429881958208,0.27790682727525806,0.4444040678791209,0.27298028589238366,0.14373755259158816,0.07376866959871346,78.424,-0.267447194552896,-0.16163901815175688,-0.00039529931039540583,0.716853632692685,0.24811287279965397,0.03503349450766086,0,0.7018793088016642
STR,39.0,0.6936173600815724,0.2413259618550331,0.3163133531130315,0.1493862036405903,0.2714024667863092,0.28970661161847766,0.19694169572420578,0.28629930631694783,0.4531600803397124,0.27961647516092225,0.17343828429337857,0.13124421102107883,78.498,-0.17111267429188518,-0.6480655153973044,0.12544236662597472,0.7650910494061641,0.21155047239290228,0.02335847820093361,0,0.6212137176731478
STR,40.0,0.6303422425873039,0.22500227207732157,0.28414210044472404,0.14406188574340162,0.24721309702725053,0.26789801456075535,0.24630864876218195,0.3486548298912791,0.46898240530650437,0.3370888060109642,0.16482248690349888,0.1108552342451337,78.498,-2.35422249975822,0.15177832125010568,0.3528340534776124,0.08853495414849247,0.3771107179948135,0.5343543278566938,2,0.9172827737439273
STR,41.0,0.7003623607020366,0.22855300067908502,0.2908505066470174,0.13986305462701482,0.26346221007167964,0.28782948098305444,0.27101267782363564,0.288998265442237,0.4755495352655832,0.2873713955361506,0.15985876602801422,0.0834755251359468,78.574,0.06160245466296515,0.5520332320598146,0.4472140363374659,0.01842628001167951,0.969053807524347,0.012519912463973574,1,0.15889914880739953
STR,42.0,0.661813582801078,0.24470229126926207,0.3635620927329409,0.18516163682368084,0.22500509268220267,0.29779607115896245,0.21288723780500216,0.283907934244574,0.43099193213540915,0.27208903925471506,0.14615506274125173,0.09658917036726926,78.732,-1.2684024371165734,-0.3897156928851521,-0.19314877754110554,0.8910458039938629,0.017553595063812016,0.09140060094232497,0,0.39242712904959604
STR,43.0,0.672920184566783,0.23788964271114815,0.294730737093139,0.15179665200104275,0.23026243378484287,0.29956754481921366,0.31499936734040107,0.3248973702612389,0.3781383040069588,0.27885156267357536,0.15317286423575663,0.12253295938629961,78.898,-0.885203916079475,1.2647059886191163,-0.9527385142948356,0.00011357221564328464,0.03066967130018776,0.9692167564841686,2,0.13820397354632571
STR,44.0,0.7122473701532647,0.23833502848211072,0.30945205794735026,0.15370541257594347,0.23998042380946671,0.2969109463299815,0.2429754342702691,0.28112071368956604,0.4135321771171273,0.2752743623409499,0.15628208574139904,0.11238783137500037,78.533,0.4716574958264439,0.09777354875524616,-0.44407290872638633,0.42955736129785826,0.41337143653689307,0.15707120216524867,0,1.0188995027414294
STR,45.0,0.6778386881541489,0.247931245308582,0.3366312295558664,0.13113327181218712,0.18726990316198489,0.2358528669697996,0.23711206397065704,0.2881426168173385,0.3950492987080329,0.25079433817963054,0.1516884223325323,0.10019627143708809,78.374,-0.7155063487989002,0.0027751681073963103,-0.7097009316710972,0.5272382772827894,0.009696792771988805,0.46306492994522175,0,0.7389487172544569
STR,46.0,0.6994795766458392,0.2572974089027022,0.33375559970779,0.17024347821191718,0.25786558705947304,0.2843436038741102,0.21741324337772933,0.2850496080795644,0.4105706567172519,0.26838322595171166,0.1608870542513262,0.12891515792718558,78.723,0.031144754651198744,-0.31638530809934506,-0.48663461320323126,0.7007110012982968,0.0786260474659675,0.22066295123573573,0,0.7826127860321856
STR,47.0,0.6731663504201729,0.22302884576511484,0.3054194381474191,0.17504062340788107,0.1843286821279048,0.26488860514345863,0.23158067770113785,0.2831421260185453,0.4004042902864812,0.2487157253287817,0.14336790601008131,0.08870079758104765,79.033,-0.8767107340118411,-0.0868444041677575,-0.6327412831582929,0.6324842824606095,0.008279587567477164,0.3592361299719133,0,0.6972101205310799
STR,48.0,0.68321386659661,0.23444132335585868,0.3043544618960693,0.17057042984016882,0.24720106230514546,0.31313748495487936,0.3415705277886481,0.3254851334361116,0.42442057632117747,0.2845487523630478,0.14212608361866774,0.07123645148916138,78.573,-0.530052645414873,1.6952121796888964,-0.28758949258372085,1.0014710153088618e-07,0.876311687386425,0.12368821246647364,1,0.37421135137245587
STR,49.0,0.7293731621086772,0.24513337590509002,0.2915744314297622,0.16916742297983567,0.23418452768349593,0.30982409961451013,0.21604831480991282,0.22307470566070187,0.43255420738244466,0.23690916107946908,0.16350130238259983,0.10266660310730377,78.418,1.0625293292946312,-0.33849989357096977,-0.17069642591164774,0.2751424628232493,0.6837925177417639,0.04106501943498688,1,0.7460762368654041
STR,50.0,0.6501715791387105,0.23885484161098489,0.31248085161672706,0.1500482736243315,0.2878536860869003,0.29989158178107383,0.1906738936197624,0.289375312199645,0.4088798114736254,0.26371275264009875,0.1463561472411041,0.10968415463496563,80.218,-1.6700733243453778,-0.7496165039444037,-0.51093471783136,0.6924077257940978,0.0005803678134022969,0.30701190639249976,0,0.6213810168915185
STR,53.0,0.6603103830292609,0.2267564446197049,0.3814594107839222,0.18753426923900257,0.17165116861900317,0.22549862896623768,0.2337835227071524,0.2807781204188175,0.3081077021674472,0.23214897589169484,0.1621188402761118,0.07101379527072843,96.321,-1.3202656389792955,-0.051153888696914424,-1.9591883702385198,0.0009219578554273567,2.428546880877584e-10,0.9990780419017176,2,0.007365127322484832
TSU,2.0,0.714085624244042,0.23906650975736973,0.2840292937872587,0.1665519925343256,0.2659692974285972,0.31804790450846526,0.2917735433544517,0.32753372517106805,0.41735999444465105,0.2854526530647998,0.15632134256517866,0.09686178122492953,81.288,0.5350806979665765,0.888400970322189,-0.38906115534043434,0.004874355241049977,0.9315087430672679,0.06361690169168199,1,0.2672968840199383
TSU,3.0,0.7516056504949894,0.2369419959820402,0.262616011947939,0.17246537135634288,0.2918809737294678,0.3094106382740482,0.1993023298464855,0.21240264843929368,0.4529455205927596,0.24499487066694828,0.15578655740743644,0.08253755520512383,80.281,1.8295917349096151,-0.609818499183188,0.12235880571489165,0.04670462921771919,0.9444699755461186,0.00882539523616239,1,0.23880294304549937
TSU,4.0,0.6676876794527071,0.22808334098615443,0.29711026512112915,0.15090814944275938,0.2520118061532567,0.28244205388340987,0.28039532756097557,0.3788339463552421,0.4399354793156446,0.32381535111944626,0.14830549271523907,0.06650789177224904,80.032,-1.065735122953594,0.7040510112016574,-0.06461594282691126,0.01295594300986267,0.7205951861163034,0.26644887087383384,1,0.6448302034619856
TSU,5.0,0.731241507317974,0.23336986171189986,0.2996128314196504,0.15769600517972496,0.25631527409340843,0.28535025464224517,0.306920670345616,0.37113058504921886,0.4382692610639935,0.3207975685609306,0.16950598012593712,0.112487708904254,79.296,1.1269907312690843,1.1338148640554824,-0.08856211885989831,0.0001981069670455309,0.992205363721305,0.007596529311649686,1,0.04652492596115797
TSU,6.0,0.7092995031052749,0.21425266304214136,0.2779815334555122,0.1445511397370238,0.2535157645236736,0.3155607105555405,0.2138087366786847,0.29210184978622433,0.4689410531149173,0.2904786917158235,0.15166431718762047,0.10286551276650324,78.73,0.36995057260788416,-0.37478555948142517,0.35223975746740327,0.5301172171465178,0.46324889124194796,0.006633891611534248,0,0.7261811419870978
TSU,7.0,0.7200715014065759,0.21346923160953873,0.2907979429925602,0.1750191648226857,0.2590665773428857,0.3039275579306497,0.25559177224736906,0.27988130651200543,0.46607630001809547,0.27192150595499687,0.14347438499569848,0.07833228958788935,78.712,0.7416046486924859,0.30218357512007665,0.3110687512804506,0.09662438201688595,0.8967177345069028,0.006657883476211255,1,0.35692777282697696
TSU,8.0,0.7398291758529193,0.24239810422090943,0.2967428933654642,0.1499032576268615,0.29002247813190085,0.30767173416730265,0.28347751749655214,0.3323264675600896,0.44641796100017195,0.30133135432830593,0.15203444983814085,0.0929879132298803,78.951,1.4232813475320312,0.7539886814777863,0.028547511237096215,0.004606480384297893,0.990151239258655,0.00524228035704713,1,0.06211151480944101
TSU,9.0,0.7083396449140241,0.24259708884197423,0.25249352008182774,0.13323759419707787,0.27742597397117297,0.3029433039444103,0.22867448910192079,0.29122397916780857,0.45221385774628803,0.2739790906365643,0.1507212105784826,0.09617533820084613,78.859,0.3368336708721629,-0.1339304991396427,0.11184366023437405,0.4843712308900602,0.5002721970740438,0.015356572035896167,1,0.7617447665655143
TSU,10.0,0.725489492636352,0.23439463782789535,0.29571391689787935,0.1577718144360872,0.26072566088648225,0.2999210949056308,0.2869920909559017,0.33648118791243314,0.4715372235525727,0.31588633752583317,0.15964263972101297,0.10448813599472798,78.697,0.9285354732632329,0.8109318336659079,0.3895508085557766,0.0031196499107171614,0.9916636673186336,0.00521668277064934,1,0.053720305485055145
TSU,11.0,0.6805187695087458,0.2390559723319052,0.27173123633152924,0.14564103353954339,0.29335071637082044,0.3004758557456738,0.20121530473978352,0.2911005302995836,0.5029490474081695,0.2927418039594978,0.15372466215047173,0.09846202946933832,79.297,-0.6230385325392229,-0.5788244620002848,0.8409881054512709,0.6615849719197991,0.3333702578165694,0.0050447702636313325,0,0.6662034589719059
TSU,13.0,0.7016231822162604,0.24133631218207297,0.2740699499736166,0.1539670271557828,0.2930169420902358,0.2920384343269611,0.223411151727674,0.2915262655734131,0.45706387536558274,0.29185073947059803,0.14518785380098195,0.06871058466810845,78.8,0.10510315359269276,-0.21920714069677444,0.18154603899516086,0.5837487667506237,0.40232986939414234,0.013921363855233801,0,0.7400419623599781
TSU,15.0,0.7023243906637302,0.22908363012303493,0.3030681429538388,0.16739212867130268,0.2745596218748858,0.29212080628037546,0.2587806081388468,0.2851886663601399,0.48356724828296693,0.29065481362084855,0.1445291657227172,0.07473611002983413,78.439,0.12929615570778105,0.3538491241750578,0.5624411784636508,0.06661125973464578,0.9239557365595251,0.009433003705829095,1,0.2975099032260792
TSU,16.0,0.7190710299116332,0.24590037507639786,0.3030396439323136,0.1659844552314559,0.2447755158001596,0.26861078801787197,0.27381837426431166,0.3443666859091,0.4722246215662597,0.30493558510723234,0.16720294779489822,0.1342382926943495,78.246,0.7070865120662463,0.5974911521354564,0.39942979879259793,0.016084325626453233,0.9776213001030231,0.00629437427052401,1,0.12045373773258136
TSU,17.0,0.7002750385449132,0.22359784986224007,0.2809997667368321,0.16706018195605868,0.29377813029414246,0.29941820887204046,0.30320190742249037,0.29100225542297714,0.47191189984628656,0.2798999072188708,0.1418961045673043,0.06927665130100599,78.368,0.058589677022303895,1.0735634322580447,0.3949354959913922,0.0001199885620008604,0.9852586218039174,0.014621389634081564,1,0.07749477238651452
TSU,18.0,0.7208855918093826,0.2308831581173451,0.27655340476134177,0.15351397864304697,0.26337852222681263,0.28573626087680487,0.28392091452451557,0.3363467049780919,0.4590768302472862,0.3033357403227702,0.14998505890902966,0.07547345533507918,79.026,0.7696922892621942,0.7611726042880822,0.2104753655680552,0.005017573606254766,0.9875155327003369,0.007466893693408051,1,0.07554074371354734
TSU,19.0,0.7181404697218409,0.22746694039484136,0.2815202229107984,0.15195333775554237,0.26789649709967356,0.29466306259760827,0.20645969524525803,0.290150950358872,0.5068971597216051,0.2876677504948809,0.1577082378465196,0.08305069159527143,78.567,0.6749804461437698,-0.4938547977889011,0.8977286869218252,0.5461314426061743,0.4520909413093852,0.0017776160844408014,0,0.7005115302585141
TSU,20.0,0.7031040816536769,0.22441706508812836,0.30035257627832573,0.1551963232347303,0.2689224960738988,0.29597485201771795,0.24422217385806055,0.2867040557992395,0.4578492590203847,0.2720134053323566,0.15051390846532942,0.09369015264197171,79.131,0.15619695223548963,0.11797323526278124,0.19283323695538152,0.29273567069363976,0.6909409213834294,0.016323407922930574,1,0.6822363214298985
TSU,21.0,0.7146381302863866,0.2357184522909922,0.2768026178730292,0.1630474046566356,0.28863454618339046,0.339745077640893,0.25668862349304983,0.292643747758951,0.417155303879189,0.26392240612023826,0.1506259742809122,0.09152080096504968,79.26,0.5541431891548582,0.3199547693013726,-0.39200288059640814,0.2050713174370412,0.686088397389849,0.10884028517311017,1,0.8247914681567605
TSU,22.0,0.7017471882968319,0.2389301052486481,0.27993622874302926,0.16087486597998213,0.29569923216163907,0.3086487923103075,0.2338361301884963,0.28732132026628515,0.47124309473869,0.2951407605031778,0.14792507549935982,0.08252834528632381,79.152,0.10938159516078218,-0.05030154179022796,0.3853237150482909,0.40027392923966,0.5907378929109817,0.008988177849358356,1,0.7197984707933084
TSU,23.0,0.7166219064490902,0.2383688683414587,0.28256035619942255,0.14721773067717872,0.2886727454770187,0.3008631402202927,0.15585789156676522,0.22032572318101773,0.5052557226986452,0.2663839402402499,0.16751775667914245,0.1215862430132472,79.239,0.6225871747818538,-1.3137056961084699,0.8741386561080877,0.10274855751335142,0.8937132926466435,0.003538149840005483,1,0.3541979533890532
TSU,24.0,0.7057119540136451,0.23970977772158378,0.26804920819352945,0.13957141427971026,0.286937159727846,0.29251698390532715,0.21209748824659844,0.2911714143024913,0.47861407707964265,0.2870786810992921,0.1631187961754296,0.1253702615631264,79.314,0.2461734232096337,-0.40251122264568445,0.4912563205143436,0.5563990640110984,0.43875020325857966,0.004850732730321996,0,0.7135009440163741
TSU,25.0,0.7050065619693959,0.23571420513124774,0.2901798260763045,0.15057008334848324,0.29031999923918034,0.29807071066513957,0.18544684857312946,0.29355202468266706,0.4732084590021922,0.28861645403187125,0.1679022322736603,0.12690479382078032,79.335,0.2218360791858071,-0.8343051368687727,0.4135690896119951,0.5088405388928192,0.48191071632082016,0.009248744786360688,0,0.7388905894173976
TSU,26.0,0.7212134001405933,0.24033098746865264,0.2720060482870956,0.15632352018908546,0.2944079065315927,0.31913503993471226,0.1939244704771149,0.21743790130121285,0.48921153978190113,0.2826747832895577,0.15232580405430796,0.09883951729319196,79.272,0.781002289418269,-0.6969506271806089,0.6435585216934702,0.396802101379627,0.6002641857231158,0.002933712897257054,1,0.6902451593565994
TSU,27.0,0.7093813473300449,0.22416717836932137,0.282449148652636,0.1443922117202672,0.28819572003353144,0.2717355849633161,0.21255518331896375,0.28910770532489904,0.5084925355104805,0.3133608307643753,0.15610669489728213,0.08185512518303698,78.465,0.3727743513431698,-0.395095642785739,0.9206567453807449,0.5634063427223029,0.4343668931599901,0.002226764117706832,0,0.6990597076126858
TSU,28.0,0.6992485651762395,0.2215651181174485,0.2927714125239859,0.14863231073222727,0.2645234258392039,0.28504807504999136,0.30943403498626604,0.3356350140386898,0.4771032970810381,0.3234594851772689,0.1500271297960943,0.07906371851246553,78.369,0.023174427150436775,1.174536421562283,0.4695440365696373,2.9460332115550392e-05,0.9844085817224436,0.015561957945440416,1,0.08055985771042935
TSU,29.0,0.701296062940068,0.23866828056266007,0.263872005236399,0.15063197042774376,0.2711634772163273,0.32080419908272817,0.23322863310428799,0.2798139376887207,0.4854718495510879,0.295300225304929,0.15069184981212871,0.10467264881636432,78.2,0.09381692712270875,-0.0601442152526049,0.5898132932474623,0.36939533503695987,0.6243993270087917,0.006205337954248316,1,0.6934843270695698
TSU,30.0,0.6942038981253199,0.2327509435474894,0.28583175695100194,0.14401145936018347,0.2880533247444019,0.3087080296800093,0.24965716841418847,0.2935982161127256,0.4468498005326068,0.2733562416148269,0.1438798590455014,0.09686685151149564,78.335,-0.15087601544362583,0.20603106809250932,0.034753724289582635,0.3073791367620429,0.6499308959903325,0.0426899672476245,1,0.7772904430299682
TSU,31.0,0.7216332521408817,0.22929046967118624,0.27664510271183645,0.15561669611366802,0.3073943561232817,0.31505843598972233,0.21384385444329468,0.28764822394412765,0.4661351459582597,0.2892936543107452,0.15637142492859804,0.11438665501297568,78.463,0.795487968202734,-0.37421658112947936,0.3119144599627337,0.3919134454937708,0.6020852230636831,0.006001331442546035,1,0.7032840876042445
TSU,32.0,0.7217189268874231,0.23294737605819987,0.26178997111514796,0.16662870393736037,0.30882417321552624,0.3260744124535908,0.2193875332124497,0.297117118846087,0.46128137310494766,0.31461432644003234,0.1610201229366343,0.11081263737324118,78.519,0.7984439070990285,-0.28439784565980664,0.2421581125848491,0.37589473792946876,0.6168610483677708,0.007244213702760548,1,0.7015016495076112
TSU,33.0,0.6871416278633613,0.22873259362141207,0.31307895105650796,0.1504187248863602,0.2720335933144698,0.29997135985488743,0.1931200714739339,0.2902430824297771,0.4825278899571602,0.2976075403115604,0.15384506655432814,0.10672030306920416,78.457,-0.3945375400607406,-0.7099835073829721,0.5475039651625389,0.7145093354634048,0.27867093098096485,0.006819733555630454,0,0.6302697245310838
TSU,34.0,0.7168853669749305,0.2549990177005895,0.2701386591264566,0.1462047400049438,0.2854300755138275,0.32996628750619894,0.24588802068386575,0.30254444527854435,0.4873955157619347,0.3150209555764145,0.149515522692458,0.09220298685974097,78.039,0.6316770553757022,0.14496330117578102,0.617459401233616,0.18964864434671372,0.8058804360712518,0.004470919582034396,1,0.513419875013544
TSU,35.0,0.7194271637754968,0.2511842145630096,0.29798580782065387,0.14722478394259575,0.2710167846132213,0.30815832139726695,0.23694077854298584,0.2925029460208813,0.4848740032090875,0.28931303446571516,0.15422229695953213,0.07706315308194193,77.75,0.7193737960440639,0.0,0.5812213013328182,0.28260961567533077,0.7136669007616749,0.0037234835629942416,1,0.6187040447139214
TSU,36.0,0.716863370443183,0.2528113161462393,0.2927078154961655,0.14944228624531242,0.29752403052321824,0.3193463063402685,0.22348031346331887,0.2968803710994513,0.4924807694977256,0.30207813526663474,0.15478086153255016,0.08444656411823542,77.68,0.630918133915169,-0.2180865816064691,0.6905424928448071,0.43234737832642595,0.564843056464516,0.002809565209058165,1,0.7016824104309585
TSU,37.0,0.7183620481771733,0.2336965489338069,0.2851173447903779,0.1695202367092506,0.2782245544909852,0.2916606902374645,0.19938576411131895,0.3110336554060387,0.5045037504137524,0.323994761336564,0.16116159123482762,0.11147359421658269,77.992,0.6826253170204097,-0.6084666964409585,0.8633316320653932,0.5205885023178358,0.47756612038566876,0.001845377296495182,0,0.7044010571500989
TSU,38.0,0.6712373024436661,0.22600623752610582,0.3096774210296035,0.1607741810066292,0.2543528816070173,0.28081694676582125,0.28240642011946976,0.38102979254606517,0.4758087901586488,0.33856524524485393,0.15320594980697777,0.07759083661575307,78.195,-0.9432664949187962,0.7366347517173347,0.450939936771344,0.0015438652760721074,0.9435653846536342,0.05489075007029376,1,0.22412099641171296
TSU,39.0,0.7100670651722174,0.2429594514731596,0.2768422658135375,0.15790689692665552,0.30183510456423235,0.3008839159338302,0.19793084712764944,0.2944992289341847,0.49726669345438385,0.30170229354233524,0.16242473578022396,0.1163421252520392,78.338,0.3964328986209369,-0.632039275071171,0.7593237449005111,0.5434248364725754,0.45405880093372114,0.0025163625937033897,0,0.7049678556976147
TSU,40.0,0.7214328378346193,0.25482932576459494,0.29518088448744206,0.15175182510577315,0.2597374919313096,0.27658571526742476,0.21876062749964595,0.29691580330507467,0.4576796042372243,0.3010608084995802,0.17134374843899672,0.13521594517980354,78.328,0.788573300028391,-0.294554977904922,0.1903950309770403,0.3812820138775463,0.6098937357549267,0.008824250367526954,1,0.7109536220022352
TSU,41.0,0.7003740884068436,0.22938574366619063,0.2845754492171692,0.14061852384793572,0.3084247593396668,0.32413112569479846,0.29740690620595206,0.27603904758768577,0.4259050298016525,0.2708270722587619,0.14525246741338618,0.09350657427171737,78.074,0.06200708239987207,0.9796727681361006,-0.2662555620971165,0.0018139364329607397,0.9254832042552726,0.07270285931176655,1,0.27370022404234123
TSU,42.0,0.7041064429231642,0.24424682097991873,0.30520007511376596,0.14126564947603704,0.24912123557765872,0.29956774051431456,0.22860128583057554,0.3057601750150118,0.4767310862512214,0.311912675321966,0.15132197920760757,0.07755138397647353,78.189,0.19078028961582383,-0.13511653922931324,0.4641947817266161,0.43974085323556955,0.5538677247098527,0.006391422054577654,1,0.7208136536619213
TSU,43.0,0.6668214944689416,0.22646631748876267,0.2934458776650539,0.13679017978095673,0.2778015166301026,0.2882292933136601,0.2560003292474514,0.34930894055428036,0.4840037975737191,0.32549447297500406,0.1462442437193078,0.07596259756177025,78.046,-1.0956201239399814,0.3088030194715165,0.5687150781482018,0.04818482032985809,0.9003048766519699,0.05151030301817204,1,0.3934604941681603
TSU,44.0,0.6719725202528182,0.23191111904125017,0.2735154149266087,0.14130600659579737,0.26673908226453236,0.3271657250521105,0.22955558856356478,0.2825354417646898,0.477326644965166,0.2848909875444038,0.1493882441223942,0.09490929105774004,78.0,-0.9179001062564102,-0.11965491738909045,0.47275389682931374,0.5140860468725447,0.4601908504207628,0.02572310270669245,0,0.7933711860413446
TSU,45.0,0.6871769812736697,0.23333433973249004,0.29942782919511646,0.13397029289573803,0.27526579688264907,0.32873962807501017,0.2267309019816495,0.30150833744128674,0.47353308577471503,0.2896583064784263,0.14985160413819046,0.09401359264270859,77.879,-0.39331778132358913,-0.16542051591139706,0.4182344867363808,0.5555283577374192,0.4317977900859482,0.01267385217663272,0,0.7445443282095966
TSU,46.0,0.690042554905004,0.2342358711274471,0.27039629572036916,0.14176719377624536,0.2583222765367944,0.3107144666408544,0.24741005118750442,0.27023545265634896,0.486953382230152,0.28591532846522394,0.14241091738693382,0.086455171759081,77.956,-0.29445013479997934,0.16962325368668946,0.6111052472254822,0.15740375543490875,0.8294480251963968,0.013148219368694206,1,0.5030838659008382
TSU,47.0,0.6966318336389019,0.2456596214993508,0.27390529598547375,0.14377055364938016,0.2816297411520238,0.29508071088028365,0.17537373130178413,0.29290815558442457,0.5049113562044494,0.2958005418368522,0.17516884456396747,0.13266327040255385,78.169,-0.0671077020022539,-0.9975098774796475,0.8691895681469498,0.5127012673762861,0.4837835574815976,0.003515175142116313,0,0.7136630660647229
TSU,48.0,0.7060038052611094,0.23975164959550985,0.2663354733135177,0.13529546307789964,0.3037250279966544,0.3009036392993324,0.19391844410132716,0.28992695549489617,0.4926321587163593,0.2837509362355806,0.1654347246649262,0.11238824749331788,78.098,0.2562428367665775,-0.6970482665777056,0.692718193942371,0.5531393855413982,0.4436375726560655,0.0032230418025362096,0,0.7065960903644393
TSU,49.0,0.7070429886543035,0.2479814154101175,0.28067938246376983,0.13643812697930827,0.2968513304866452,0.30642595633591113,0.20597893867124095,0.2328168932881673,0.4785647764006678,0.2614365438836901,0.1554597717740068,0.10171199160999245,78.32,0.29209660624158407,-0.5016440203151422,0.4905477922431476,0.5594668068426679,0.4357612452833081,0.004771947874023838,0,0.712397985514215
TSU,50.0,0.710274284289936,0.2478422658298449,0.2769358350161206,0.16643154606780894,0.26656788459955183,0.2942122980478477,0.21419919122406775,0.3420737815691524,0.49611124116807953,0.3365685331741263,0.17278988031498108,0.08413761443447093,78.64,0.4035823455098645,-0.3684594112709946,0.7427180788551757,0.5239107179560849,0.47339121003808105,0.002698072005834068,0,0.708651021639723
TSU,51.0,0.6823752216212645,0.23409532443924283,0.3162110225009418,0.13767849190580703,0.260829570685872,0.2917932340299483,0.23944981166831175,0.28109197227136173,0.39759069126394114,0.2784320104357924,0.14664638897654336,0.11492066736122253,83.804,-0.558987464633826,0.04065137825484863,-0.6731771248694385,0.5457390515840723,0.020208325329487648,0.4340526230864402,0,0.77160918733653
TSU,52.0,0.7106273310134109,0.21318576398215558,0.3172553151415818,0.1502077653742368,0.20973713097940896,0.2754401533413654,0.3150026679596714,0.3631878941061353,0.354863071705196,0.2833497815724701,0.17231520074578688,0.09074288930875249,92.268,0.4157631173738851,1.2647594652835252,-1.2872401975853578,0.0001852895377180335,0.042486431250642054,0.9573282792116395,2,0.17753674102322078
TSU,56.0,0.6758791909103233,0.22271589227086722,0.28263415145242005,0.16904314414037344,0.2952397073222702,0.32859869208021,0.1989526773435601,0.21557402096687772,0.3117670825213587,0.20370558673120054,0.1344801580657027,0.061270818827672095,102.479,-0.7831126663431918,-0.6154835723186128,-1.906597320992968,0.00010261756768241605,2.1912318505893942e-10,0.9998973822131947,2,0.0010451244402597411
TSU,61.0,0.7385790675388015,0.2125140425820584,0.29228984825475235,0.19625296636860232,0.2596578619452958,0.31613319652322575,0.2839800182721585,0.22205668947559623,0.3032962921751865,0.19116809676108418,0.1459059094246578,0.06389990886002081,102.234,1.3801502740307476,0.7621302037623421,-2.028335896696941,9.642008280771465e-06,1.5372425407218178e-05,0.999974985566312,2,0.0003067449442760746
TSU,62.0,0.7364802957746938,0.23990099700473846,0.3063364567728814,0.1789847130796951,0.2080022288530423,0.2895038419222905,0.26651843276420367,0.23108359753577026,0.3120070417319932,0.21159931532002127,0.15488136371805852,0.07605659074110564,100.84,1.3077387252090482,0.4792174314086286,-1.9031487298537846,4.04559263953108e-05,1.947535641731476e-05,0.9999400687171872,2,0.0006803899543110058
TSU,63.0,0.7394757144078585,0.21767576206175862,0.2791033407303358,0.16808610389757345,0.23585289180310243,0.30404967585195225,0.25918368296913835,0.22363084547201628,0.32006227910638146,0.203733337048482,0.1509352098528797,0.06785855447761412,99.932,1.4110862669981137,0.3603797463600729,-1.787382303718758,8.578917895908654e-05,6.864585059987369e-05,0.999845564970441,2,0.0016157970467774669
TSU,64.0,0.7253598267938116,0.21355932051600304,0.3352655815827399,0.17818924623727392,0.26811938453547646,0.339473087946161,0.23446152978797893,0.22102675789017798,0.3328231593025414,0.21406026579168785,0.15200409107307505,0.07365340469294397,103.104,0.9240617593281636,-0.04016881160728275,-1.6039883916605353,0.0005934693509706907,4.2845814382443786e-05,0.9993636848346472,2,0.00547624707341582
TSU,65.0,0.7233119274114073,0.2185272604055343,0.296040112895735,0.18456142988504143,0.19322328513096174,0.29207568876618456,0.2385620959335556,0.2194822540389272,0.3328037254727496,0.1937066087973784,0.15831549728168123,0.08328804367941747,98.497,0.853405402764332,0.02626859958521035,-1.6042676863500087,0.0008216872307566021,4.7527064761368734e-05,0.9991307857044819,2,0.007179320803621031
TSU,66.0,0.6792047984004618,0.23069445342658404,0.3301668389236795,0.1745446035516326,0.23423288146104673,0.2898189557621791,0.29034626997523066,0.2825089558833709,0.34076306415050417,0.22994072965674492,0.15184248492837368,0.0832104748530266,97.427,-0.6683729918096235,0.8652762736308074,-1.4898794752649314,0.0010477444646928922,8.12108747196742e-05,0.9988710446605872,2,0.009081895161301225
TSU,67.0,0.7127254213462749,0.24724168979619376,0.32372411298887316,0.16834161880445175,0.23064647539281524,0.2793747350978602,0.2651845948918744,0.27533055171784393,0.3343777721298377,0.2320141846605526,0.1634322582669899,0.0969836549462297,97.623,0.4881511555439643,0.4576065776772111,-1.5816461610501769,0.00211765255897979,0.00014466437397520735,0.997737683067045,2,0.016578080895233827
TSU,69.0,0.7129032617681965,0.22968444566262128,0.328546764153673,0.17810761368281644,0.2288769630401595,0.2835785526296813,0.3089299713959152,0.3360816332565668,0.30677023974316564,0.24109726187529373,0.15349140546336595,0.09369244751271437,100.44,0.4942869825141359,1.166369578538564,-1.9784098081369557,9.752161467226233e-06,1.659835123576724e-05,0.9999736494872974,2,0.0003215557079885493
TSU,70.0,0.6616172660282198,0.2223841860720509,0.30342755760169327,0.19005634960174267,0.20963385206444954,0.3072212081801838,0.24858817381370837,0.27940544680730806,0.36050336575141645,0.24773506212941546,0.1425139583488204,0.07715039334112182,93.923,-1.2751757327294897,0.18871120753831175,-1.206180304036138,0.06743838961106167,3.6442650390331714e-05,0.9325251677385479,2,0.24736821225832079
TSU,71.0,0.7038370740905617,0.22516865158164262,0.32401391784960437,0.15000615310588133,0.22244397236462793,0.2781073420913048,0.25075731844871163,0.28356166039831376,0.3786726171730187,0.2473781672538006,0.15778002519757955,0.10330192807261278,91.757,0.18148656139505814,0.2238557092816034,-0.9450595940102124,0.1724637467830051,0.02683744237426332,0.8006988108427314,2,0.5781851816360783
TSU,72.0,0.718946199352317,0.21179949757613878,0.3733404169477216,0.19765590911733155,0.22578289256168294,0.26843573221501704,0.2832439262332227,0.30702246286569584,0.39790736176522573,0.2742750608152274,0.15883629372585417,0.07731962748713976,89.958,0.7027796244403736,0.7502040336360406,-0.6686260718722091,0.02207059085186207,0.7412741016581842,0.2366553074899537,1,0.6471485497390328
TSU,73.0,0.7050981510890205,0.22452403816262162,0.3171004846415303,0.1623238585535979,0.2555677089005823,0.2458864176087317,0.3089997819724603,0.32677832672184953,0.38885927698135475,0.2813767921461278,0.16621990410170837,0.0801330518337836,88.138,0.22499607500843624,1.167500650155227,-0.798661276312724,0.0009267652174132715,0.5376255884481465,0.4614476463344402,1,0.6969964323028603
TSU,74.0,0.6812864889533022,0.21658037465098395,0.3262588892030717,0.16640110339366648,0.1958367484146878,0.27485489828729986,0.311095089697738,0.32500274321846784,0.38147694148524136,0.26060926406911317,0.15190413338088973,0.10510583299568385,88.759,-0.5965507767043238,1.2014488455938612,-0.9047570444687425,0.00037580643702571283,0.07898296031981918,0.9206412332431549,2,0.27958693675771207
TSU,75.0,0.7065819848890122,0.20997487724319747,0.3459325243687242,0.17158747374382544,0.2229642384515791,0.2697175315786295,0.20684174399486668,0.28894306692948235,0.4582716643995544,0.28188756522635544,0.15843857732148076,0.07934126235637072,87.332,0.27619111464490026,-0.48766484036053287,0.19890386639234475,0.5992854574086125,0.38811002728494093,0.012604515306446663,0,0.7293059572119963
TSU,76.0,0.7578044353190406,0.22752921666909884,0.29279847579591034,0.15112284299365797,0.23160622682605325,0.2623675971557845,0.20847506477730857,0.293397494552128,0.34150058035205155,0.259129228088787,0.1627319447919344,0.12850233644955594,94.205,2.0434613979183585,-0.46120176170750565,-1.4792802078688783,9.34860283298751e-06,0.00039474650678300924,0.9995959048903839,2,0.00360600659866579
VER,2.0,0.6946899463698877,0.23490853264646858,0.2504831176221475,0.14670068202719497,0.25481718876871756,0.3136982716135227,0.2462922330003865,0.2888805766731195,0.42482315578429886,0.25935685282215293,0.14281203995420652,0.08248700172030472,79.367,-0.1341064424995269,0.1515123529233616,-0.2818037927322053,0.5291896512965845,0.3450719334320981,0.12573841527131746,0,0.9646631913628094
VER,3.0,0.7181045218055007,0.2456265260733278,0.2758342532115749,0.16598142750487355,0.23883256339795048,0.2959410125392682,0.19075649090736502,0.21946029477828757,0.43923182638793035,0.24944152878673612,0.14707918726305175,0.08061103109105953,79.074,0.6737401758372872,-0.7482782619151269,-0.07472854173553267,0.35090929349077454,0.582520466321121,0.06657024018810437,1,0.862642568745736
VER,4.0,0.7009806302638883,0.24273444019417842,0.2576309461215277,0.15457125439908795,0.31845141740277877,0.32933347058195805,0.18614224684077027,0.2912280354235874,0.4403668281619741,0.2614660774910351,0.14577701556031475,0.09121880735333804,78.129,0.08293391019740257,-0.8230382876070831,-0.05841678170525336,0.6399615576663327,0.2790456453128036,0.08099279702086358,0,0.8453801808685806
VER,5.0,0.7007590537503211,0.2315214615350225,0.2520337914749089,0.14127185250139282,0.29515017119760883,0.2996517983600722,0.24469621736488548,0.2828532267766772,0.45741341115631845,0.30516569265189475,0.14375771012159483,0.09065696069864469,78.019,0.07528910631529133,0.1256536926113432,0.1865694178751441,0.29886068069481125,0.6827000446697341,0.01843927463545459,1,0.6951767262461539
VER,6.0,0.7221692803093439,0.2307440085024035,0.25647346651241887,0.19096201650565992,0.23433491372172177,0.278034490547392,0.22307856035330095,0.2825199288414182,0.46810536907830314,0.2846441937132815,0.15127671173322424,0.08165568889975451,77.64,0.813981941942136,-0.22459578926720045,0.34022966393440407,0.3593670774255342,0.6354652046199161,0.005167717954549839,1,0.6831085150555674
VER,7.0,0.7115132409787422,0.22914491910527762,0.2630525365534666,0.14224359037228398,0.2834551587482927,0.3269261618394876,0.1864403140780505,0.22192110246235777,0.4959115925205318,0.2632242425964793,0.1382337119783974,0.07742039833657523,77.633,0.4463286670936238,-0.8182089994299958,0.7398488138869229,0.4629168234286118,0.5341092367236021,0.0029739398477861933,1,0.7088134011394654
VER,8.0,0.717232404901995,0.20768106793512606,0.2755266505403448,0.14937396718194457,0.24722890587004484,0.2808174257222997,0.2631537011962883,0.29830897513326976,0.4690005841621287,0.2961530810342047,0.14397692960505018,0.07433958384517957,77.397,0.6436505125321041,0.42470201895244936,0.35309531221513196,0.05130323080395295,0.9416983434116855,0.006998425784361436,1,0.2436654424007303
VER,9.0,0.7255424806712588,0.21700943151697158,0.25563601059905927,0.1662559051045124,0.2984274201121958,0.3138579665097738,0.2913281008998579,0.3364332356116961,0.44748340783738577,0.3235193939569375,0.14411825879997922,0.07435397453915041,77.031,0.9303636595111325,0.881183907490422,0.04385965746549689,0.0020280228534142897,0.989788943277798,0.008183033868787474,1,0.062059037436472106
VER,10.0,0.7022473519688468,0.22529087005179513,0.275882050589606,0.1392046073723729,0.29215587519428854,0.31718275418876085,0.2881132262942201,0.33386156818219315,0.442182791633878,0.3110849250279394,0.14848532890073463,0.10085542725409502,77.084,0.12663817673593175,0.8290964789441314,-0.032318531416255764,0.0042443836681661665,0.9643610779484395,0.03139453838339411,1,0.16683997763251007
VER,11.0,0.7161175808784531,0.24372522744782582,0.26698912597983426,0.1445628287038852,0.29537420640389767,0.2951023621544094,0.23831159924855028,0.2806366178931685,0.4394782962161911,0.2657079297170952,0.15191191652624017,0.0939946271625305,76.858,0.6051869999249455,0.022210049942740333,-0.07118638278456454,0.3389934729605638,0.6354809746934913,0.025525552345945075,1,0.7484541131777708
VER,16.0,0.7035268846197337,0.21342668788149097,0.27107516046730906,0.15568718132819304,0.2532780250145371,0.3141737391063002,0.22118882393232128,0.28872697116424983,0.4911793213663089,0.29887682490528883,0.1427174996794005,0.08774263846149274,76.824,0.17078444485481975,-0.2552133165034062,0.6718386369592856,0.49763394265020694,0.4983811807826443,0.003984876567148887,1,0.7163791557174624
VER,17.0,0.7216211075472858,0.22767107648351292,0.281047464576638,0.15822653712167248,0.241749466892198,0.2665331372224206,0.23076668332398545,0.28890498643552187,0.4820618427865362,0.29960100024731284,0.1483668946451326,0.08059310012988179,76.86,0.7950689570233731,-0.10003274870930041,0.5408061345653886,0.3296584900518524,0.6669036175249722,0.0034378924231754223,1,0.6554933428234001
VER,18.0,0.7165485875006762,0.2449335297145471,0.2924371661552271,0.14540893050492706,0.25884149948000795,0.27580114120252136,0.1908333841212178,0.2947903526559545,0.4723955177415546,0.2980155163063952,0.15391599179822898,0.08501495469313679,76.712,0.6200575340160351,-0.7470324373423027,0.401885845527724,0.38653339265416353,0.6063729827097536,0.00709362463608278,1,0.7058616648153907
VER,19.0,0.6835951034137836,0.2358725495134485,0.2689222963988118,0.14452416220520842,0.24017872060536224,0.2981186528147643,0.24444389392172589,0.28266472308563434,0.4537993431882414,0.26784702186154136,0.1441045181291251,0.09106918945073697,76.823,-0.5168992626261865,0.12156554581610553,0.1346295788576588,0.4055925364720851,0.5473994476052332,0.04700801592268149,1,0.8395833233337633
VER,20.0,0.6965386891233682,0.240108716742885,0.2725428282402931,0.15571004237617833,0.2765216926964779,0.29298250194864445,0.2596851769525664,0.2831312507418976,0.4424955137077201,0.275568612545203,0.14821556510146064,0.0955345636390357,77.214,-0.07032136189104439,0.3685049565883019,-0.027824223529397063,0.15484565214258778,0.7938335203777592,0.05132082747965306,1,0.6245245115054803
VER,21.0,0.6914669903410704,0.21649884427571034,0.2695975431096249,0.15684403240928105,0.2791338688786537,0.32611682789020197,0.2987814760197725,0.33756163261777883,0.4745983416433106,0.2924353649131121,0.14005220360187753,0.07239649373169958,76.803,-0.24530444974454382,1.0019435611660068,0.4335438884454816,0.0001829548761102275,0.9788181468731045,0.020998898250785138,1,0.10365521105753334
VER,22.0,0.7040592011576466,0.21996713722528127,0.2749291336015123,0.1601206436127245,0.272368219738991,0.2938904618544584,0.22083188431495515,0.28356980896480116,0.4717764482667844,0.28450262811128213,0.1554337451312076,0.10860057201794315,76.659,0.18915036040260658,-0.26099645553542145,0.39298884382653254,0.5301884641032006,0.4629724450586736,0.006839090838125825,0,0.7270395976963405
VER,23.0,0.6838037733314097,0.22696296867207233,0.2544586638467466,0.16961154648262305,0.27468811174165786,0.30677547352443457,0.2371841881613033,0.2799169783529732,0.4811991951218727,0.2798603652611455,0.1476081504300802,0.09415511992410322,76.604,-0.5096997604286578,0.003943724921449893,0.5284085313030265,0.33792773370329504,0.6460840219146189,0.015988244382086018,1,0.7149775642925454
VER,24.0,0.6901349060279828,0.22612055447999874,0.2907891328926235,0.14688870584627628,0.27037798760686377,0.2796718365282172,0.2186293311394814,0.2907180843824276,0.467275440255301,0.28974001879923916,0.1456137197897121,0.08791589353248527,76.798,-0.2912638484373172,-0.2966822427651021,0.3283022818698,0.6677225855532516,0.3204479121714025,0.011829502275345799,0,0.686851945912174
VER,25.0,0.682836538559492,0.23212559564969049,0.28398058665164094,0.14842425690986974,0.2381253150737264,0.29853316779394096,0.20040571313457836,0.2863505519993795,0.47956760489788536,0.29269979004008245,0.14954231283876576,0.09516675926929037,77.183,-0.5430711679854682,-0.5919414727893991,0.5049600144724213,0.747386439052053,0.24446409944865619,0.008149461499290855,0,0.6011893426453807
VER,26.0,0.6920210460952699,0.23040901903184657,0.26487495695990493,0.13734273772550343,0.28379669527844703,0.3274972977819642,0.2103591970715193,0.3000996738930254,0.47169017158030047,0.30045130103878426,0.14843660846281428,0.0944561082417948,77.212,-0.2261884906005924,-0.4306750325858298,0.3917489121909022,0.6885877884444309,0.3026992147498843,0.008712996805684865,0,0.6599762027151199
VER,27.0,0.7214334788487219,0.2425456373293529,0.26993161317861636,0.14835732772744692,0.28165448473373084,0.2950151755192745,0.2597233490153334,0.2886341343261642,0.44983123162091165,0.28032752333867506,0.15920377349875472,0.10905697511861102,77.259,0.7885954162130938,0.3691234207076659,0.07760157666427753,0.07607448946827114,0.9126330981504757,0.011292412381252882,1,0.3300361800209734
VER,28.0,0.6537661606206906,0.22610612249932813,0.26341990177641106,0.15851771240758547,0.27503247563775474,0.29870502503600393,0.2356273455505302,0.2871993234826376,0.46687659510928997,0.29888139880911174,0.1351518634328727,0.059162064847824096,77.77,-1.546053544335314,-0.021280253676115524,0.32257025002654166,0.4790503508158389,0.4012511847088513,0.11969846447530993,0,0.9730599480902447
VER,29.0,0.6626570795073135,0.23417176055009395,0.2810837743045327,0.16525793714207548,0.22806343797488354,0.27289671149186734,0.3028479004590776,0.36949546969205704,0.4743831260980955,0.3274004066529057,0.1540276862780749,0.07883179358947343,78.001,-1.2393002241132107,1.067827808112918,0.43045090268227265,1.956459823335341e-05,0.9018274631043451,0.09815297229742155,1,0.3212352395857212
VER,30.0,0.6800573172036635,0.23182719202812116,0.29146757271773877,0.1609448646990781,0.25646874517401147,0.2762104246786289,0.3114272309848162,0.3216816937535281,0.40813345093185777,0.31129681811087634,0.15309164299776104,0.08390277518467563,78.16,-0.6389594995970961,1.206830201845709,-0.5216610923021312,0.00026257993703431096,0.5254708893993998,0.47426653066356583,1,0.694080817835819
VER,31.0,0.716430749035986,0.23793684846420488,0.2758647381598015,0.14154459240930506,0.25929129585761734,0.2772639520004434,0.32359520843408035,0.36162225740781473,0.4231535438921285,0.30452412152019404,0.1644922940946563,0.10754632458667349,78.741,0.6159918867241712,1.4039758867287073,-0.3057987407151974,1.3673452388020768e-05,0.9766670736220503,0.023319252925561598,1,0.11085656621850659
VER,32.0,0.7081773535955035,0.22767223216279078,0.29712983074113514,0.16478608692171326,0.24919080958168455,0.274715813030997,0.3096663250112439,0.32677345401922664,0.4499727237650337,0.3005177559207761,0.15623394239586066,0.07929513301692802,78.816,0.3312343170332328,1.1782999867280388,0.07963504124016631,8.177746451327173e-05,0.9850926303618337,0.014825592173652877,1,0.07800185250972232
VER,33.0,0.6529486089995138,0.23024950392470447,0.3023063749399851,0.16761790743653177,0.22985483492157324,0.2672004729971339,0.30913765016064654,0.37074495804611046,0.40615229438784173,0.30644732058964436,0.15077236591479887,0.0705759478681559,78.946,-1.5742606034083957,1.16973439183472,-0.5501334267666602,8.875795793106355e-05,0.0812162998657388,0.9186949421763305,2,0.28263930560601075
VER,34.0,0.6997529711288711,0.2555039033346492,0.28208565981467976,0.13950524978229648,0.27205915903385913,0.27859840558002286,0.20316251795692017,0.2908063506255754,0.4402597481059206,0.2952837712314679,0.16645604458374846,0.10612922658085956,78.044,0.04057737533640696,-0.5472756951730711,-0.05995569047025927,0.7423272440742408,0.2145998380316684,0.043072917894090845,0,0.686910848879958
VER,35.0,0.7130698092980388,0.2257667395652673,0.2766670696073776,0.14684062765204828,0.3033016286294716,0.3001645197893017,0.23667186129653114,0.2890001887964808,0.4753063419094951,0.2920203644747458,0.15325772435083568,0.0935789127438841,78.024,0.5000331835992414,-0.0043569997520308806,0.4437189654431414,0.30415388125013326,0.690246187468121,0.0055999312817457125,1,0.646925203076659
VER,36.0,0.7329541867725992,0.23028277058504362,0.2733497715696808,0.1547810207211282,0.26199781314643433,0.2779558266797045,0.3207902539734297,0.3180809754442783,0.41512462424452196,0.28128100609348583,0.1738775015031692,0.1281647603989752,77.974,1.1860813737416993,1.3585299882204032,-0.42118693973761184,2.6612869573086594e-05,0.984284250442274,0.01568913668815293,1,0.08105696517817848
VER,37.0,0.6937841834053404,0.2256759782439279,0.2703150175684648,0.1494830395783106,0.29422826769482857,0.3162247275144824,0.25614536570722796,0.2908965350591519,0.46947981282329915,0.2876345562734107,0.13967760232717913,0.07273910504909283,77.273,-0.16535695780083368,0.31115290155462144,0.3599825815563895,0.10680178247255533,0.8747631639235904,0.01843505360385415,1,0.42955772056363856
VER,38.0,0.7586716131794013,0.23448668895927557,0.26082032609540623,0.1667816556142273,0.30128012385467107,0.2777840616356319,0.35400572553409143,0.34110586328362336,0.3786436999035581,0.3043462874442841,0.18216869246788264,0.12896979006566053,77.122,2.0733806550031333,1.8966873703196276,-0.9454751806383209,3.5755778717343714e-08,0.9808494736460394,0.019150490598181778,1,0.0947149527428619
VER,39.0,0.6753339231746459,0.24063693627037733,0.2723701671510144,0.13317379687688816,0.29456502437481974,0.30662422356871993,0.22151302225835767,0.2827604974275205,0.46865257335664895,0.2874938786218992,0.1546286027609183,0.11182841788021355,76.966,-0.8019254224218351,-0.2499606521809365,0.3480938497709763,0.7036334507441343,0.27547392340505195,0.02089262585081374,0,0.6833038805951696
VER,40.0,0.6967650900329834,0.24385169868987167,0.2560152906453592,0.138894911418863,0.3168903076112273,0.30450704299174713,0.20860465599517536,0.2950421643919523,0.4645879267570846,0.2983150145934865,0.15504180276888016,0.1076800671347287,77.161,-0.06251010732766793,-0.45910212357884395,0.28967848738456536,0.6849645475402301,0.30450959150468326,0.010525860955086827,0,0.6691943801339029
VER,41.0,0.6870955019256617,0.2507414943787959,0.2736491148337091,0.14613134133368144,0.27202495364795437,0.3154235502418138,0.25291128392270346,0.28816596734208627,0.4496946321048009,0.2736378726965174,0.14129797028977678,0.08613501964892817,76.944,-0.3961289711285683,0.2587542781156646,0.07563842684547782,0.252216085881333,0.6924666533272924,0.0553172607913744,1,0.7620232584396162
VER,42.0,0.7358673833915103,0.25523391730066763,0.2883667192553974,0.15590189193165388,0.2556909923023136,0.3134253813421473,0.21455683125791555,0.2202819637191493,0.45047703360132757,0.25047910899353937,0.15249143745020174,0.09218954070687184,76.8,1.2865921023521392,-0.3626649240845667,0.0868827665025038,0.19814343098318815,0.7912447356824378,0.010611833334373997,1,0.5542549333444617
VER,43.0,0.7183634029877379,0.2195990181537219,0.25647852065499244,0.15923156919887613,0.2632680135114972,0.27163467980995626,0.2808619731688822,0.30004924077912004,0.45941251113037646,0.29648821790012403,0.1435347436459671,0.07175803899961937,76.963,0.6826720605172598,0.7116116077224829,0.2152996276414198,0.007514969982712094,0.9842016813052274,0.008283348712060337,1,0.09213381375531399
VER,44.0,0.6737319689108656,0.22456152980538396,0.25185750290707004,0.14977157874428895,0.2985157791348227,0.30178438869191654,0.2314584077509623,0.2850152772674434,0.4761547758778103,0.29360461629330564,0.1427797636103804,0.07897369097718428,76.722,-0.8571958388461621,-0.08882542304854348,0.4559122955411096,0.4879105672185896,0.48642345372005963,0.025665979061350718,0,0.7946934288106399
VER,45.0,0.7307732790442234,0.24560886623641984,0.2883752254669282,0.16542835927601499,0.23653818441430988,0.29789954083821074,0.29321799908697244,0.2948576861104975,0.45187595672555,0.27816158387112966,0.14889633535893176,0.07600323681894287,76.701,1.1108359806267225,0.9118040556630639,0.10698749129233931,0.0014338198273143377,0.9927559250731485,0.00581025509953698,1,0.046517537120943225
VER,46.0,0.6927350042852973,0.21535227249687497,0.28088605450341325,0.1310152624176198,0.2734530559284414,0.301005119605091,0.2854038216141329,0.2910962184766241,0.4666246634122943,0.3017186360102059,0.14864987825178155,0.07859194571127354,77.075,-0.20155559853583796,0.7851986788776718,0.318949595434282,0.002570361955575587,0.97545725638731,0.02197238165711452,1,0.12345783737564073
VER,47.0,0.6749356405816708,0.26418462782605967,0.2602741786947378,0.1515275358634903,0.2733595858514447,0.3040680418936003,0.22746449774271732,0.2900168165761159,0.4671891941867407,0.296959676328973,0.1458530236984726,0.07882850700557349,77.16,-0.815666916337117,-0.1535347905025514,0.32706279026187224,0.6367253818114661,0.3364679170101324,0.026806701178401424,0,0.7509432873032453
VER,48.0,0.6741293259974467,0.2437419067603484,0.2928543041025281,0.1605841789033025,0.24768041528248552,0.29094223751069337,0.2928310381380199,0.34277487353932057,0.43533750778142827,0.2911780445292273,0.15438433722145892,0.10547814078346869,77.065,-0.8434862766314042,0.9055345107348036,-0.13069602305883984,0.002218385302457507,0.7891732781424924,0.20860833655505,1,0.5273597271431363
VER,49.0,0.6748707769795385,0.253965390141971,0.2640051729699267,0.14678081451562913,0.28409681104672097,0.3116061884915124,0.2510715606104844,0.2797271229685057,0.434499281840172,0.2825126930255746,0.14704472356256276,0.09630253002949785,77.428,-0.8179048318517428,0.22894706373719168,-0.14274264775812445,0.45479260623051443,0.35214998197740316,0.19305741179208263,0,1.043410217409343
VER,50.0,0.6896333568464882,0.23262523486293946,0.27996454544475574,0.15731509078921194,0.23944271927871794,0.2756276613548102,0.2506011916402493,0.2812404657883397,0.46818727896648715,0.2785006157461295,0.15250405322962107,0.10011574824937396,77.314,-0.30856823267926836,0.22132614126495948,0.3414068378126479,0.1806655648227887,0.7969964344348835,0.02233800074232753,1,0.5748979175699784
VER,51.0,0.7013867308700849,0.226806996169627,0.29433079524946615,0.15243424920484838,0.25924354631384744,0.2967319150821253,0.2394063129029842,0.27918868277600223,0.46634026888621943,0.2870772778310506,0.1543461515812708,0.10018699993505416,77.427,0.09694514018201261,0.03994661085058424,0.31486239894759216,0.33890730052342355,0.6492961376595882,0.011796561816988373,1,0.6994926876869488
VER,52.0,0.6809856661391834,0.22244985274713766,0.3000470423982665,0.15348229361601762,0.22819136440500126,0.29589712958773356,0.2666540559881064,0.27515485097098935,0.4113942345925298,0.26790952216877617,0.15389192178460465,0.10174769427553176,84.046,-0.6069297260802248,0.481414800155721,-0.4747985042428745,0.20020877234051498,0.26825438625581055,0.5315368414036744,2,1.0109111963004769
VER,53.0,0.6773999944792624,0.22414303247066453,0.30754208963921253,0.18771716336361796,0.1403877615766696,0.13253089820343794,0.2590321960866204,0.32949297111378784,0.3646879162985551,0.2725086163593664,0.15569335127587505,0.09295371319257326,89.919,-0.730642100575285,0.35792535446714635,-1.146041733400856,0.059526924405421545,0.0006124499703219381,0.9398606256242564,2,0.2307694438186465
VER,54.0,0.6689809507676118,0.2152301868906174,0.3587150227568709,0.1763767640869831,0.06411950668307087,0.09586454580186625,0.28070829043625417,0.2776020258484432,0.31511313148666176,0.24102167379072786,0.15943659537763682,0.09184307738533956,98.946,-1.0211148452462024,0.7091216386454552,-1.8585093364454792,0.0003534964137463004,1.1146032884482138e-07,0.9996463921259249,2,0.0031647910366007417
VER,57.0,0.7087360786468136,0.20211773812373846,0.32257570076144026,0.1843427472409306,0.08320238301131916,0.09920446356686835,0.33878301920328235,0.2718350161337334,0.27035265619859117,0.20266020657672035,0.16220449514594595,0.10592110262317764,103.464,0.3505113756552082,1.6500489394157645,-2.5017877422042676,9.171119467292506e-09,5.8411457001304606e-08,0.9999999324174237,2,1.2102012216789562e-06
VER,62.0,0.6845443230551401,0.2366183500594148,0.3068119258333775,0.1813550576898035,0.24907925415367518,0.2869070377742321,0.33568984097835713,0.32371611836411207,0.28214267205331994,0.23844245612309245,0.16267272622971404,0.10807817491492544,99.272,-0.4841494107470688,1.5999332367724353,-2.332346677200159,4.250145435884308e-08,3.561627037400084e-08,0.9999999218822747,2,1.4103613655193741e-06
VER,63.0,0.6941639170867658,0.22905262036178292,0.3239476102170517,0.17961403577117918,0.22227282691503067,0.2898807840062944,0.30570800366473894,0.27391545256122124,0.266546266876262,0.21779243043866994,0.16943629488461728,0.11169259307536065,99.61,-0.15225543600507557,1.1141672271056986,-2.5564915414648124,3.060898301001128e-07,2.73104404788893e-10,0.9999996936370658,2,4.918246037597569e-06
VER,64.0,0.7005674684805624,0.23106647993723364,0.29581507080338065,0.1884908305766445,0.2404913966074178,0.2803871986423168,0.26462491634072943,0.2133485679628294,0.28879399193662764,0.20567599585050328,0.16302005868401223,0.11673421480444217,98.364,0.0686790564032901,0.44853866053651387,-2.2367567527592485,1.9818640006982994e-05,3.4671229180927143e-09,0.99998017789287,2,0.00023450327600378154
VER,65.0,0.7355808006501193,0.21441128582748503,0.2908305657672508,0.20580620433018346,0.2167248375268806,0.2638213930709282,0.37429580028730564,0.30404416681528423,0.2736021182595404,0.2357446165560066,0.17683595897060933,0.15064897529758856,97.16,1.2767044621024584,2.2254273519828534,-2.4550878633337185,2.667473252428377e-11,2.965394765049336e-05,0.9999703460256755,2,0.0003388438044131149
VER,66.0,0.6983752029146322,0.2295678426585227,0.31985316791160245,0.1856352989189409,0.21176762804787447,0.2835272769652914,0.2845613187513603,0.2775210023288694,0.3306764708483902,0.22849800630488273,0.1643592107726948,0.11313029257931867,94.035,-0.0069582033370381435,0.771548439584433,-1.6348396799357345,0.0008455423999453666,6.663704829708705e-05,0.9990878205517575,2,0.007535224305719932
VER,67.0,0.7151954052648349,0.2488861943140233,0.307271092853195,0.18513842340135447,0.20723766814394098,0.2583226525676062,0.22887170808614737,0.2256506011041046,0.3568095232910676,0.22306361548891035,0.16934254013394257,0.12524425282932639,92.921,0.57337021755267,-0.1307351553054354,-1.2592666279351747,0.016238976445293884,0.0009253747796631144,0.9828356487750427,2,0.09039034494263445
VER,68.0,0.6987797300152976,0.25155956579149796,0.33559755375240313,0.18585632853949616,0.20455524057902497,0.2651169631613485,0.28419971943089245,0.2827316879586655,0.31025042594596614,0.22622764400842682,0.1677021243604558,0.10839564100259816,93.659,0.00699873776560076,0.7656898039990115,-1.9283940605857253,0.00012908418225601487,1.399526138649289e-06,0.9998695162916056,2,0.0013052946982325718
VER,70.0,0.6880190755522885,0.2302127557432377,0.29024259484644105,0.17071308064754884,0.2492437214469209,0.3002571936661527,0.2416704401557653,0.2809815550492146,0.33793107212519663,0.24353805014131205,0.15925484097062895,0.09234232225406337,91.244,-0.3642639546943737,0.07663002185894251,-1.5305796533447418,0.009536036510837191,6.0157321035322e-06,0.9904579477570595,2,0.053936798265179955
VER,71.0,0.67935559209047,0.22258434352432094,0.30829168328780115,0.19464394949202168,0.22201892049175567,0.30417551420335803,0.276074119356268,0.27409722148554727,0.3563725299739802,0.23643924747222506,0.1576713894950002,0.09836218393687797,90.363,-0.6631703276453861,0.6340387552954287,-1.265546908976295,0.010976496865832429,0.0004963867905860833,0.9885271163435813,2,0.06470934691311199
VER,72.0,0.6865999551151012,0.22819385315704363,0.33222795846463893,0.17347287141776313,0.22117486984949508,0.2611965300931807,0.2799958169617627,0.27045877701974436,0.35456139320484614,0.2429364337924281,0.15529215224370418,0.0634511864716946,90.402,-0.41322626235384613,0.6975781367220448,-1.2915757919575757,0.007555521999190474,0.0009138166011308933,0.9915306613996785,2,0.051740477462910626
VER,73.0,0.6894810844575784,0.22259683215958437,0.32055079685081284,0.1721756184890358,0.23742073702752733,0.26736392592810154,0.30365715682815936,0.29706642328029015,0.38924172430295784,0.283915819443607,0.15547560389570822,0.0743637333805091,88.386,-0.31382191471954796,1.080939387403213,-0.793164906988131,0.0019130556678844948,0.23630434113633333,0.7617826031957824,2,0.5601512882225324
VER,74.0,0.7294883210672864,0.22961502222960864,0.29818446259024634,0.18817022351411267,0.2210801594740678,0.26669399378260666,0.21644827800197192,0.300513061230572,0.4174793376559875,0.27536397572739724,0.17972486030534576,0.13619502388528487,86.864,1.0665025286182532,-0.33201968617781347,-0.38734600575293426,0.2710417526175365,0.5927774809601355,0.13618076642232801,1,0.9353384515608612
VER,75.0,0.6950678995683129,0.22093350336140166,0.3097969181634022,0.16680975546298848,0.23925799958759564,0.29054957339020254,0.2922775677105221,0.3257968161190655,0.3828859461098083,0.2936211816129443,0.16391738647571688,0.08084624993997214,85.518,-0.12106635069529821,0.8965671776717282,-0.8845074326680441,0.009884834499773797,0.13677130318290784,0.8533438623173182,2,0.45306893944298043
VER,76.0,0.6924878610542029,0.23017980134012164,0.30254613421318594,0.16820252730491175,0.2525814322626139,0.2878067797847872,0.2600297628099215,0.3296153660961456,0.4306583855872787,0.31378928067451745,0.15587109333479762,0.07679420902547075,85.316,-0.21008250196116326,0.3740879398846247,-0.19794236586533154,0.22762519477315415,0.6501559046161393,0.12221890061070682,1,0.8737149031361248
VER,77.0,0.6761143268029489,0.23369582254244942,0.3188457521940765,0.17522829997326678,0.24658356306558982,0.27894782723675293,0.23097886164700915,0.2803069685190085,0.3922416378801083,0.2718806620661269,0.16412754278047084,0.11508785920018845,85.46,-0.7750000385387914,-0.09659503352744309,-0.7500514321891312,0.5237120309641949,0.004505432645837673,0.4717825363899674,0,0.717504937872387
VER,78.0,0.6926999473614541,0.2290715838840432,0.3511403833483355,0.17154248211227768,0.21028883342352692,0.2601404142634703,0.23552829727692876,0.2814381584376437,0.39999416451038594,0.27577537356488374,0.17302263598219936,0.13229985844254818,85.201,-0.2027651279357581,-0.02288503473500998,-0.6386354353921382,0.5902517634482539,0.04425908662817031,0.36548914992357573,0,0.8170423127116682
ZHO,3.0,0.7091128025470217,0.2385618117698899,0.3189214720713767,0.1592319331263635,0.2602399412831132,0.28685555602442864,0.18394406039730943,0.2946902691399202,0.524694925680035,0.30988625419140226,0.16131143669297549,0.07883392840222432,77.003,0.36350905437317615,-0.8586533250036897,1.1535105667638856,0.5872748874305547,0.41108247153752636,0.001642641031918919,0,0.688552438658329
ZHO,4.0,0.6961307039612254,0.24335954236561885,0.3208326069312748,0.1676251633130208,0.22809569708719768,0.2909338531782058,0.2022422761463919,0.23184184264122673,0.523568108200373,0.27345039696377027,0.15403556393084858,0.07459235987013631,76.946,-0.084397612578356,-0.5621854616277695,1.1373164279118515,0.6394642595184058,0.35807781850737663,0.002457921974217375,0,0.668436132764636
ZHO,5.0,0.7264459637246159,0.24345667710998115,0.32223371335752543,0.15259067958490366,0.24244497463263714,0.2867615359726667,0.203653765469768,0.2908234057044629,0.47810764950746787,0.2886557639980198,0.16273631046174436,0.11258980590558856,76.926,0.9615355136148381,-0.5393164983573908,0.4839781600577295,0.34907350030883133,0.6472598466539397,0.0036666530372291843,1,0.6695175453241329
ZHO,6.0,0.69814666130277,0.24884927964620576,0.30960768985564746,0.165175992613061,0.26212209124787544,0.2750877984185772,0.18847646644651123,0.2945387228118816,0.5150493430762147,0.30059827758422203,0.16539713703145126,0.11896947466876076,77.205,-0.014843316129272019,-0.785219239637944,1.014888379218575,0.6132412359353714,0.3845077175536938,0.002251046510934949,0,0.6811054222733904
ZHO,7.0,0.693959114228741,0.23888814599790198,0.3168864949177867,0.15611928640436412,0.2806339717504624,0.2942588209437365,0.19481375980690602,0.29690261080141805,0.4817469185578707,0.28239440301768315,0.160690109878152,0.10719569207432174,77.408,-0.15932151741816933,-0.6825423531094388,0.5362801782513203,0.6663300220170564,0.32771248658551,0.0059574913974335935,0,0.6666331448784459
ZHO,8.0,0.6863275122109054,0.23926032900749872,0.29957049609462494,0.16373201088443964,0.2460124987871554,0.30439170065593535,0.21395737942455065,0.3069776444089803,0.4758528001558253,0.25375310933039896,0.1523206779652928,0.09958301051266152,77.254,-0.42262605179054435,-0.37237724831723856,0.4515724296266802,0.6823628178221964,0.30834149263758015,0.009295689540223525,0,0.6670603269706027
ZHO,9.0,0.6837546624009381,0.2457864212239801,0.33844555040929686,0.17715804670508573,0.23946217564223793,0.27258781301740503,0.19843233506937585,0.288440662716741,0.4895527986115867,0.30394284882484046,0.16421496133609587,0.10854575072359586,77.523,-0.5113941793265792,-0.6239141627306481,0.6484629476294865,0.7071313369811277,0.28703556261487706,0.005833100403994973,0,0.6333183599202667
ZHO,10.0,0.6816930273389552,0.2419769025910088,0.30485283888407055,0.16206338248278077,0.24362710039601995,0.3061183172105378,0.21439715298661338,0.29478057843887484,0.4607943316880263,0.2670170759995784,0.14660068651912841,0.08250059806210562,78.449,-0.5825244425101818,-0.3652520329354878,0.2351585616596343,0.784601593389466,0.19715297905398993,0.018245427556544076,0,0.5835119642575387
ZHO,13.0,0.7378373888234384,0.24955715158395897,0.3189982562722144,0.16992331284710624,0.24516585738695923,0.2770290942396001,0.2381586086990366,0.33756678936938733,0.4440421360486172,0.30241790008982317,0.17173881430162136,0.11971530631200482,80.561,1.3545609720275527,0.019731295623030127,-0.005596828771853859,0.1326046940440338,0.8572974694478092,0.01009783650815696,1,0.44631454684522304
ZHO,15.0,0.7064903808859662,0.21374377663653849,0.32829752682546576,0.1707531534204929,0.2586871553606001,0.2910734118750411,0.27850413031926674,0.29659922012274137,0.4331593011097537,0.28892508265341954,0.15530494907973005,0.07944635431759393,80.398,0.2730306053164099,0.6734098157342815,-0.16200027767522035,0.02145217175162111,0.9336105398506428,0.04493728839773617,1,0.28597032238273545
ZHO,16.0,0.6882481197034835,0.24334419073550298,0.3223625279819843,0.1788047560058247,0.2646875621892294,0.2799318103877516,0.2082773452544505,0.281045279736908,0.4401110254659075,0.26218976228051233,0.15728956757687795,0.08065710502994651,80.727,-0.35636150335582284,-0.46440521527332007,-0.06209306864044494,0.8436045841469698,0.11507504494251505,0.04132037091051519,0,0.5239481271887453
ZHO,17.0,0.687728074868059,0.23309040076888865,0.3488405382204533,0.18331598136340158,0.24080119992615534,0.280235671752452,0.25874615541529417,0.28277495512880474,0.42571859285150565,0.2725449264887391,0.15642498506210756,0.09804751800434516,80.669,-0.37430402222986864,0.35329092082456776,-0.2689349542012698,0.3044770604355345,0.4983662693064692,0.1971566702579964,1,1.0292784729702231
ZHO,18.0,0.7078961335195385,0.2302475243837614,0.30967698097763574,0.1737794220484074,0.26782462734845297,0.3037986982283512,0.2579056214287075,0.3457653048887184,0.4680759859559994,0.30958945333611665,0.16870076025748568,0.10447071159661171,81.524,0.3215316987644773,0.3396725812817797,0.33980738226849005,0.08914658220032928,0.9006208496616589,0.010232568138011999,1,0.35666575913584375
ZHO,19.0,0.7161689774131383,0.22245432855722552,0.34458609524662587,0.1757464849465049,0.2275410102258549,0.26834520400620054,0.2238375887708368,0.28547631771525717,0.46786672416101305,0.2826474090173481,0.16369447007887605,0.08309881056564027,82.387,0.6069602764404161,-0.21229800371946264,0.3367999612570127,0.41076702747332455,0.5832533297704018,0.005979642756273619,1,0.7105350164738324
ZHO,20.0,0.7214315283101671,0.21832244708259657,0.3116549335332971,0.15870577716555886,0.23819653242245314,0.24199358391898987,0.28954937211662257,0.37925278367268483,0.43881875023537636,0.31557641747126586,0.1812029175568656,0.09523857830362521,80.574,0.7885281189870668,0.8523649270432455,-0.08066509551789876,0.0031683522456297433,0.9829954562645736,0.013836191489796562,1,0.09431692982169325
ZHO,21.0,0.706081689075044,0.24166837289493845,0.3449719142650417,0.17167922334160757,0.19459916110709485,0.2605721657362089,0.19279126164215615,0.28839865718988983,0.4871969055521647,0.2893654827953181,0.1636192806693635,0.10020332206734542,78.245,0.2589299739253634,-0.7153108873647624,0.6146050602489417,0.5427955763303361,0.4532214181109447,0.003983005558719028,0,0.7123371474411558
ZHO,22.0,0.6644982540770804,0.24103181164180246,0.30851480439634876,0.17407429912801417,0.2731488507613316,0.3143187921690499,0.21436038461549115,0.29490656632223183,0.4687785275647482,0.2818495349750599,0.15078163153908455,0.11245664174768075,77.588,-1.1757762599890653,-0.3658477544296433,0.34990400977627645,0.8020460952360633,0.17088454805804856,0.027069356705888115,0,0.5765387654215774
ZHO,23.0,0.6899264637936497,0.24354215234852064,0.35928290943533114,0.17163786572629763,0.23666011167133344,0.2836506366547515,0.32195155131927,0.3198272199207118,0.42295309261549247,0.2866181219488706,0.1626264426532267,0.10676945130359035,77.45,-0.29845549513565495,1.3773453387215941,-0.30867954072540443,1.5992939088086294e-05,0.8891686787878293,0.11081532827308248,1,0.3484073197273938
ZHO,24.0,0.6582237528402514,0.23055814858762239,0.3261526682927867,0.17212801202163033,0.27267359835103244,0.30875024750513996,0.22654876777436433,0.2806562592842136,0.4899677601450073,0.2823932673780585,0.13859636228191688,0.061467573154983905,77.465,-1.392258280765446,-0.16837145604796236,0.6544265972992476,0.42419231647160704,0.5354817542165656,0.040325929311827234,1,0.8277065356515141
ZHO,25.0,0.6967605854382249,0.24024193533356325,0.31849025053754537,0.1629109103792729,0.2312246613526134,0.29784284967167274,0.24441890460624435,0.28667252566229967,0.4621190040774064,0.28140338395503317,0.15163561428575068,0.09897231280294566,77.771,-0.06266552426668434,0.12116066869203902,0.25419618664705773,0.29647126373216437,0.6854419371195917,0.018086799148244005,1,0.6919114238287287
ZHO,26.0,0.7154236909562778,0.23775730345965446,0.3151282557618738,0.17440476043044267,0.2893084129468721,0.28897084643951676,0.2729446689909701,0.28603183143332234,0.4600133858901597,0.27448434063040666,0.15491621827482163,0.07885331594038725,78.161,0.5812465006120794,0.5833353710932071,0.22393514268111578,0.02005681259491981,0.9704957668320071,0.009447420573073172,1,0.15151446003280417
ZHO,27.0,0.6565841045877351,0.24379620801686147,0.3250342635524754,0.17994410950459488,0.2469388979165627,0.2913158691961082,0.19048454456802352,0.28930898064310995,0.4822201586497296,0.2822678217332032,0.14675491762184173,0.0639355894171984,78.097,-1.4488292102576152,-0.752684339058551,0.5430813824358807,0.8524103533019844,0.129244854254474,0.01834479244354167,0,0.4739100353993458
ZHO,28.0,0.6843421089013456,0.22416030084007252,0.3123694561811383,0.15472150393392528,0.28584585735410467,0.3310985305650713,0.22896784110865812,0.2861614403594733,0.4292655188559287,0.26315429636470256,0.14838820922659132,0.07236758160527615,80.78,-0.49112617702549005,-0.12917760717208485,-0.2179600507672633,0.8000376215479331,0.11381339473576618,0.0861489837163007,0,0.6370338124946306
ZHO,29.0,0.6878674380355668,0.2220065523962751,0.32914674208189465,0.15931490419546257,0.2668582507257094,0.27958596092065263,0.36710877143208537,0.36523047163611977,0.4202749085428,0.29955955273236484,0.146790110805307,0.07160076675017343,78.863,-0.36949573245747835,2.1089830429886782,-0.34716925669741877,1.040789966607002e-10,0.9128303462911076,0.0871696536048135,1,0.29594007982609377
ZHO,30.0,0.6885183265995424,0.23506110734971314,0.2901302544585608,0.1617725465265126,0.2647297246592325,0.2933394329249491,0.21421636747418754,0.28942154723932334,0.4619538814877544,0.2657288793541615,0.15772701249798832,0.10571234828978747,79.5,-0.3470388603793284,-0.368181121505279,0.2518231154152959,0.7378843805320096,0.24768846713565684,0.014427152332333626,0,0.631114828064956
ZHO,31.0,0.6843375760825796,0.24705021727166201,0.3009617833305061,0.1523570549489511,0.29936867923996435,0.30416180111306373,0.2495163757503132,0.27568708771128536,0.4429870510758311,0.2694211059525356,0.1597539363806753,0.12763645041056354,79.192,-0.4912825677455233,0.20374994403044355,-0.020760058716706428,0.3890952747509953,0.5289235795052657,0.08198114574373899,1,0.9092131751467951
ZHO,32.0,0.6765407159002335,0.24405452532485547,0.3040374255197899,0.17444801550127803,0.27549265349191127,0.2974527709508163,0.23218312174503708,0.2920103588213563,0.4615627789017104,0.2860812969367335,0.15750438295073527,0.07542503935787408,79.626,-0.7602888176890171,-0.07708360011191352,0.2462023563322128,0.6040532303492506,0.3614230588478587,0.03452371080289059,0,0.7885320001004436
ZHO,33.0,0.7520710932106084,0.24648385237472348,0.2985251220633522,0.17569257636429952,0.24567315202442122,0.27252356386541643,0.23735945011615542,0.3373204041216265,0.4155097909278593,0.28083536017150695,0.18013630669694028,0.15937735702661293,81.602,1.8456503785897567,0.006783320759568786,-0.4156514889093078,0.04354291053519872,0.9108833506771888,0.045573738787612214,1,0.362237106739405
ZHO,34.0,0.6959347178980669,0.24781702840079678,0.33487045707374313,0.17151224007514468,0.2190321710910711,0.29840335948520025,0.23136415206664282,0.28604350205485163,0.4144276209078776,0.2381348908427293,0.16052493620720507,0.10562324344070032,80.587,-0.09115949808847894,-0.09035255453089207,-0.4312039735675594,0.7143925704626864,0.11721260129949895,0.16839482823781468,0,0.791528715822827
ZHO,35.0,0.703377126054459,0.25364150869137847,0.32486296359036887,0.17482993774010458,0.2802480221262538,0.2938000687747093,0.24664999176020208,0.2940553528631557,0.4616759501457756,0.28935912396371055,0.1633903977762913,0.12499677354570775,78.586,0.16561749442871476,0.15730876370903418,0.24782880504598295,0.2398157262706513,0.7459851712361472,0.014199102493201403,1,0.6214509400736195
ZHO,36.0,0.695855378413965,0.24646855823980385,0.34169521243905054,0.16423860181831162,0.24433105925682644,0.29389131233785765,0.27342718401543764,0.3405095130355522,0.45231280433320575,0.29913917753367564,0.1637171732303315,0.12201146456851232,78.846,-0.09389685858893057,0.5911530840501575,0.11326567825983212,0.024707761569396653,0.9437315745038084,0.03156066392679497,1,0.2551580014633705
ZHO,37.0,0.6764530541490531,0.2548030550439892,0.32421386638127,0.1602172671019992,0.2556859603797995,0.2783382711183636,0.2286199838564444,0.28436876558103086,0.44063215291225166,0.26577404044603814,0.1535780563167687,0.10791628167883184,79.099,-0.7633133119594032,-0.13481359363862294,-0.05460364787974203,0.7994689719061121,0.13658446835039242,0.0639465597434956,0,0.6266755394584498
ZHO,38.0,0.6763260760830645,0.23537813098666216,0.32385039991307807,0.16442962158926896,0.26550612476369057,0.28843771382280237,0.20907289845711022,0.29242998639867684,0.4347065234195257,0.2630538498494691,0.15844660547105002,0.11578853270208284,78.681,-0.7676942925795268,-0.4515156548140591,-0.13976426042162732,0.8942196421857418,0.04566548419185511,0.06011487362240324,0,0.40993256706692766
ZHO,39.0,0.7136924958638718,0.2592202255094961,0.3213155980657397,0.19422717020756994,0.273300940642749,0.2977520573271369,0.3082656675834257,0.36986249520540104,0.4326860481416954,0.3082761004511803,0.17527130226651924,0.12672587301185967,78.659,0.5215170340271642,1.1556065219311942,-0.16880166691101076,0.00019295920753121049,0.9786460679191139,0.021160972873355,1,0.10436285978039996
ZHO,40.0,0.7064190594108795,0.2370279485287214,0.3549099713474143,0.1657382428199276,0.2420995900932053,0.303079130290581,0.3066081035118224,0.3019823737913045,0.4524556658726027,0.28212120576079247,0.1499112838886387,0.06777225440153616,78.607,0.270569881113999,1.128750653279543,0.11531882319888999,0.0001311773198908245,0.9845655993964572,0.01530322328365212,1,0.08045001844148203
ZHO,41.0,0.703219581447966,0.2139298683949787,0.3462665277023108,0.17340571778731295,0.23386724833131567,0.2623013754487445,0.29011887973637535,0.3375945572329074,0.4492106729502257,0.3087209119296236,0.1628567459132488,0.07671030599383483,78.831,0.16018191102714782,0.8615920948458153,0.06868317287634818,0.0024440961810523946,0.9757430272764256,0.02181287654252193,1,0.1220991650129055
ZHO,42.0,0.7027369103789763,0.2593478187105127,0.3298822854756119,0.17738328785969515,0.2372572998822925,0.3080898494729511,0.22519564640898623,0.28584455342914294,0.4413078071434079,0.2748095165980289,0.15754200516140177,0.10993679089111584,78.666,0.14352885695300588,-0.19029474111481753,-0.04489343426236792,0.6326924027106182,0.33599536549741976,0.031312231791961895,0,0.7645418134075935
ZHO,43.0,0.692595744482886,0.24222971031010196,0.33719910768321026,0.18732723254886827,0.22261255507977185,0.2948557300103487,0.2673887603931765,0.2918506713643822,0.434010238099562,0.2669428732773273,0.1468617090688827,0.07524837286338745,78.701,-0.20636032201919274,0.4933184878251014,-0.14977097522295255,0.10150593472763021,0.7977049832220561,0.10078908205031381,1,0.6437865299885308
ZHO,44.0,0.6784132750747564,0.2342099548381045,0.3378287591668556,0.17613999295613975,0.2628195766565487,0.2863813891731928,0.2936011309458867,0.33283923457942544,0.4448117697189181,0.29815090119403115,0.15473148022126862,0.07645249723959084,78.721,-0.6956820260376488,0.9180115616385713,0.005464017147747188,0.0012506819610580886,0.8969134435925289,0.10183587444641289,1,0.33857330374072264
ZHO,45.0,0.6977793699832276,0.2471730092130334,0.3351691838493727,0.1673809734123799,0.20364357353644666,0.2846427492032356,0.22497398078395128,0.29020414813501627,0.4748701513602277,0.28328853004437005,0.15758260396209553,0.10595854097466609,78.762,-0.027515553183183543,-0.19388616965294123,0.4374502214377672,0.5209670050061826,0.47116444598842655,0.007868549005391025,0,0.7324023083100064
ZHO,46.0,0.7238764234953496,0.24126185296700728,0.327803906781649,0.17066957879115005,0.26347416875158247,0.30186759866241913,0.2535037345410866,0.28467288375943217,0.4677123992292894,0.2786900941559702,0.16211516999819803,0.08486602057386035,78.66,0.8728815727991566,0.2683531685974648,0.3345820693465918,0.10566757832548512,0.8887937320874432,0.005538689587071907,1,0.3710423480573528
ZHO,47.0,0.6786190801451636,0.2535923686252642,0.32513620771575164,0.16880796061995815,0.23793678802989612,0.2747483071603333,0.2307625528335076,0.278742668057068,0.4344875144031626,0.26702387686274365,0.161848328436151,0.12029578039571495,78.809,-0.6885813664240569,-0.10009967095480528,-0.14291176432962133,0.7945278077520213,0.12371665503393804,0.0817555372140407,0,0.6460031191806348
ZHO,48.0,0.673230074399205,0.24023422014609974,0.29661127540850935,0.1678057723670204,0.2678604178416724,0.2869249292365851,0.2835006983179377,0.33518885095758283,0.43854867963580524,0.2918419683392117,0.1541167717217741,0.09754077037736576,78.947,-0.8745121376243216,0.7543642573635296,-0.08454643465954849,0.009285531168362109,0.785678866678857,0.20503560215278102,1,0.5578547175894871
ZHO,49.0,0.7073792658628976,0.23612149514655975,0.2822750250090405,0.1551024803494427,0.25007240496535926,0.2797835957904323,0.21374538539636365,0.2840557148325446,0.46306708267462016,0.26837898198335647,0.16042440750932244,0.10706433708546419,79.065,0.3036987984971517,-0.37581197755242135,0.267821566731264,0.5628663119931469,0.42807095623419394,0.00906273177265924,0,0.7293177747321967
ZHO,50.0,0.7030612920307949,0.249643552478425,0.3166186410003013,0.1610554913985644,0.23374513360617583,0.3059067317966524,0.2112275755814677,0.28611970751360155,0.4405454403206943,0.2659987601254159,0.15646590750909495,0.10476894630719853,81.664,0.15472063026500796,-0.4166055558140914,-0.05584984415664103,0.698692445015919,0.2658754004820388,0.0354321545020424,0,0.721073074970958
ZHO,51.0,0.679610575078002,0.22044089027612412,0.36413764841953733,0.17440855975070557,0.11860285334737757,0.15815727030165994,0.26159203134876025,0.2889320133955355,0.36896753948838745,0.25536345543536015,0.15680680064328226,0.11200067956810605,90.253,-0.654372937969131,0.3993998294196556,-1.0845368194095295,0.06766956014578959,0.001643689698077733,0.9306867501561326,2,0.2596331304037109
ZHO,56.0,0.6935002679581973,0.22959402338772508,0.2873763710249492,0.18660589424207297,0.2669981270536796,0.2959878160054289,0.2585540856603181,0.27458989203466416,0.3023489812326099,0.18982284461533902,0.18289532863041374,0.12887990088050866,101.908,-0.17515257141334045,0.35017900485102593,-2.0419502443770456,0.00015311876789369058,2.1746952168996097e-08,0.9998468594851541,2,0.001498553170933411
ZHO,61.0,0.6835677478201367,0.2222335321281917,0.28971110937409494,0.18031638903724928,0.219234958115579,0.26363503561279156,0.35177938888163984,0.314426736204593,0.3163363513390947,0.2315350238799453,0.15963505497509614,0.06759141458517365,101.501,-0.517843081739242,1.8606162429726394,-1.8409297439254846,1.8425804127488556e-08,6.830480380139433e-05,0.9999316767703945,2,0.000723796656359255
ZHO,62.0,0.6891821197265363,0.25105339403058197,0.32938037418359273,0.20126478535412767,0.20663956338896006,0.2871667513819312,0.2525812753318142,0.20983258774741856,0.32837138774818964,0.18420534840478267,0.16665971475357916,0.09011049024799807,100.987,-0.3241367567562296,0.25340747582749357,-1.6679673483149338,0.003295327529006052,2.1664242296818956e-06,0.9967025060467645,2,0.022153926394411893
ZHO,63.0,0.6819778559630286,0.22810610260005695,0.2860005942395338,0.19304846815587534,0.2368573468728737,0.2726734945936431,0.28938332562846075,0.26676874285924695,0.30723215220239974,0.20732420537668833,0.16272133571432376,0.09006603212500623,100.738,-0.5726973225866975,0.8496746402829706,-1.9717713998433908,8.802839591145999e-05,1.7684602987984874e-07,0.9999117947580588,2,0.0009129470062959525
ZHO,64.0,0.6728842004815649,0.2031521165038543,0.31004034942364295,0.17381541266224146,0.14520483878763096,0.13162586935829224,0.39175716100476815,0.3450458826262551,0.2967755812377343,0.22423526675864383,0.14080766569923137,0.06365484892639177,102.573,-0.8864454342798508,2.5083364822788994,-2.1220487652324564,2.0920064266086718e-13,7.280705940511894e-06,0.9999927192938504,2,9.343421266573016e-05
ZHO,65.0,0.6964731528988986,0.22971304876704765,0.30571196532655204,0.1898025842578236,0.2033734972880584,0.2834865912711032,0.32680913530004324,0.2636424734172476,0.34008867885050414,0.20565498654101746,0.15049535460458008,0.06267257321887078,99.444,-0.07258248413355503,1.4560479599878864,-1.4995714523464794,1.0548983608984887e-05,0.0028300702357163545,0.9971593807806743,2,0.019562772928099437
ZHO,66.0,0.6938880614917557,0.2428187752156312,0.3421000924925782,0.18928337647047683,0.1989131149608757,0.28275377750064185,0.22763590140175596,0.2896002502194861,0.34311964594204447,0.21622041916480453,0.16754901924593033,0.1063399035284545,94.287,-0.16177296965376353,-0.1507577068094296,-1.456011689720968,0.010361097044963605,1.1542363727833386e-05,0.9896273605913085,2,0.05779696305376956
ZHO,69.0,0.6656606455240488,0.23203506840733065,0.305101321994615,0.1925192678956718,0.22799761180872613,0.25984573532088484,0.20390266296259502,0.21348159683424886,0.3992177652308289,0.22065323584719432,0.15929704343666823,0.07691648987935844,93.879,-1.13567158236212,-0.5352838588416089,-0.6497935137541619,0.6284887817719851,0.001202397087977826,0.3703088211400369,0,0.6678491871069792
ZHO,70.0,0.6843876919721044,0.24876677451578705,0.354843222302155,0.17544848500124083,0.22654506452733972,0.2795375902814072,0.2342343750005459,0.29227946438701446,0.37439498535721094,0.24206071858202674,0.16331973090049468,0.12044592906150027,90.405,-0.4895534758818318,-0.04384917560612031,-1.0065358888258142,0.22013063091303467,0.0012679084519091092,0.7786014606350561,2,0.5364823250432389
ZHO,71.0,0.6581958479257953,0.2165900938637453,0.3303941893733789,0.17090719635298832,0.2225954120350847,0.25779066638442644,0.2346191155424484,0.2848801623505571,0.4041186476195935,0.26527938522279093,0.1552555238361209,0.07203700690766845,89.336,-1.3932210524731916,-0.037615605733732474,-0.5793601282825822,0.5863929804789417,0.004652273889313293,0.4089547456317448,0,0.7036478780488349
ZHO,72.0,0.6745175696349011,0.2330558041330845,0.3296333645639833,0.16706728956066266,0.22877283591235603,0.2856621104241983,0.23263744368698822,0.2880615371607424,0.38312933818585904,0.2415249453057619,0.16038648803319078,0.11400375431345995,87.964,-0.8300911454460972,-0.0697226717426103,-0.8810095058554134,0.3704491149928471,0.0014958689542847632,0.628055016052868,2,0.6697268531295557
ZHO,73.0,0.7131075742876231,0.24496268733174287,0.303967819431738,0.15431736440068816,0.3125687350334128,0.3296994926243859,0.16576490364588603,0.21962291063784503,0.4148835818693474,0.21416777786244354,0.169378140400016,0.12758868372213894,90.119,0.5013361463290631,-1.153192193381645,-0.42465109765427145,0.0485685946352737,0.15379709044910583,0.7976343149156202,2,0.6151851460085724
ZHO,74.0,0.6439038761574384,0.204063561838662,0.28854224238730314,0.15622837857092797,0.19211456143078262,0.2313890875035864,0.31841512849641074,0.3523685128136336,0.4159237582111346,0.2936748462736152,0.17894964440320785,0.11298795035941829,88.049,-1.8863207925979528,1.3200481829407362,-0.40970212817737184,3.9035403066240925e-06,0.10306174081590051,0.8969343556437933,2,0.3318107837932708
ZHO,75.0,0.6896708054182645,0.2535595310114168,0.308101125541253,0.15585272753712018,0.25700370724681876,0.2856728276426519,0.19345842113474382,0.2245188424249341,0.4310369894627287,0.2450609584889653,0.1614557589803477,0.11097812110339071,86.612,-0.30727618695525966,-0.7045015630016291,-0.19250123290492038,0.8132659861589393,0.08423253041376864,0.10250148342729203,0,0.6099915044364757
ZHO,76.0,0.6569597138388321,0.2279358560240679,0.3056666558165086,0.16714459402619683,0.22495852086265755,0.2749768545045938,0.2652264050873081,0.3430062386240396,0.42097537735808355,0.2880801096016737,0.15999718184612516,0.07838269337252765,85.717,-1.4358699890174453,0.4582839868562006,-0.337102418490733,0.12474233952289407,0.13465884642260054,0.7405988140545051,2,0.7520432522411755
ZHO,77.0,0.6974699762694416,0.2558136135926291,0.29432751519951555,0.17381647929367838,0.27222359988757083,0.2664132331522058,0.25893969711627385,0.34290187808868583,0.41426772326814415,0.27783522245801406,0.18822467602794937,0.14393105515097315,86.615,-0.03819021461806692,0.3564266852810812,-0.4335019540539226,0.31029711727923415,0.43953465353191373,0.25016822918885195,1,1.0710704658409302
