Race,Feature,Mean_Abs_SHAP
2022_Barcelona,LapNumber,0.007618255
2022_Barcelona,Stint,0.0
2022_Barcelona,TyreLife,0.0005664281
2022_Barcelona,Position,0.014520819
2022_Barcelona,AirTemp,0.00044224327
2022_Barcelona,Humidity,0.037714723
2022_Barcelona,Pressure,0.0048600705
2022_Barcelona,TrackTemp,0.003317868
2022_Barcelona,WindDirection,0.00087807246
2022_Barcelona,WindSpeed,0.008025198
2022_Barcelona,FuelLoad,0.00989056
2022_Barcelona,Track_Evolution,0.004578714
2022_Barcelona,Cumulative_Field_Dist_KM,0.012723688
2022_Barcelona,Lap_Damage,0.0049607237
2022_Barcelona,LatOffset_Mean,0.0020976188
2022_Barcelona,Accumulated_Tyre_Wear,0.0009863707
2022_Barcelona,LatOffset_Std,0.00044789142
2022_Barcelona,Energy_Lap,0.0005966888
2022_Barcelona,Gap_To_Car_Ahead,0.00022804829
2022_Barcelona,Dirty_Air_Fraction,0.00014713961
2022_Barcelona,Aero_Loss,0.00033382617
2022_Barcelona,DRS_Fraction,0.000929006
2022_Barcelona,Traction_1_5,0.00024556907
2022_Barcelona,Asphalt_Grip_1_5,0.0
2022_Barcelona,Asphalt_Abrasion_1_5,0.0
2022_Barcelona,Track_Evolution_1_5,0.0
2022_Barcelona,Tyre_Stress_1_5,0.0
2022_Barcelona,Braking_1_5,0.00031789823
2022_Barcelona,Lateral_1_5,0.0
2022_Barcelona,Downforce_1_5,0.0
2022_Barcelona,Min_Pressure_Front_PSI,0.0
2022_Barcelona,Min_Pressure_Rear_PSI,0.0
2022_Barcelona,Circuit_Length_KM,0.0
2022_Barcelona,Compound_Int,0.0010332777
2022_Barcelona,Wear_Severity_Index,0.0
2022_Barcelona,Track_Flow_Type,0.0
2022_Barcelona,Grip_Aero_Balance,0.0
2022_Barcelona,Total_Min_Pressure,0.0
2022_Barcelona,Pressure_Delta,6.57507e-05
2022_Barcelona,Prev_LapTime,0.0035753837
2022_Barcelona,Lag_2,0.0009355659
2022_Barcelona,Rolling_Avg_3,0.00060685666
2022_Barcelona,Prev_Delta,0.13468689
2022_Barcelona,Driver_Encoded,0.0005877685
2022_Barcelona,Location_Encoded,0.0
2022_Barcelona,Team_Encoded,0.000160904
2022_Barcelona,Mean_Apex_Speed_Ratio,0.0007668685
2022_Barcelona,Std_Apex_Speed_Ratio,0.004923152
2022_Barcelona,Mean_Brake_Fraction,0.0017926979
2022_Barcelona,Std_Brake_Fraction,0.003997204
2022_Barcelona,Mean_Brake_Point_Norm,0.0012891655
2022_Barcelona,Std_Brake_Point_Norm,0.0020275102
2022_Barcelona,Mean_Throttle_On_Dist_Norm,0.0017699167
2022_Barcelona,Std_Throttle_On_Dist_Norm,0.006150971
2022_Barcelona,Mean_Throttle_Integral_Norm,0.0006677874
2022_Barcelona,Std_Throttle_Integral_Norm,0.00435277
2022_Barcelona,Mean_Speed_Variability,0.007939449
2022_Barcelona,Std_Speed_Variability,0.00057616393
2022_Barcelona,P_0,0.0015832217
2022_Barcelona,P_1,0.0021859962
2022_Barcelona,P_2,0.0004984093
2022_Barcelona,Style_Cluster_ID,0.00014623391
2022_Barcelona,Style_Entropy,0.0048822477
2022_Barcelona,Year,0.0
2022_Barcelona,Tyre_Compound_Interaction,0.00071002473
2022_Baku,LapNumber,0.0063736127
2022_Baku,Stint,0.0008533305
2022_Baku,TyreLife,0.00016660847
2022_Baku,Position,0.0191767
2022_Baku,AirTemp,0.00012297175
2022_Baku,Humidity,0.015891971
2022_Baku,Pressure,0.0031872764
2022_Baku,TrackTemp,0.0015750382
2022_Baku,WindDirection,0.0015160358
2022_Baku,WindSpeed,0.0020895835
2022_Baku,FuelLoad,0.012894902
2022_Baku,Track_Evolution,0.012061996
2022_Baku,Cumulative_Field_Dist_KM,0.0045510246
2022_Baku,Lap_Damage,0.0030145515
2022_Baku,LatOffset_Mean,0.0018486072
2022_Baku,Accumulated_Tyre_Wear,0.005043153
2022_Baku,LatOffset_Std,0.0030499655
2022_Baku,Energy_Lap,0.00044320818
2022_Baku,Gap_To_Car_Ahead,0.00090510794
2022_Baku,Dirty_Air_Fraction,0.00032140475
2022_Baku,Aero_Loss,0.00026234548
2022_Baku,DRS_Fraction,0.0020007493
2022_Baku,Traction_1_5,0.00052886014
2022_Baku,Asphalt_Grip_1_5,0.0
2022_Baku,Asphalt_Abrasion_1_5,0.0059232665
2022_Baku,Track_Evolution_1_5,0.0
2022_Baku,Tyre_Stress_1_5,0.0
2022_Baku,Braking_1_5,0.0
2022_Baku,Lateral_1_5,0.0
2022_Baku,Downforce_1_5,0.0
2022_Baku,Min_Pressure_Front_PSI,0.0017995163
2022_Baku,Min_Pressure_Rear_PSI,0.00048905564
2022_Baku,Circuit_Length_KM,0.0
2022_Baku,Compound_Int,0.00034765835
2022_Baku,Wear_Severity_Index,0.0010751255
2022_Baku,Track_Flow_Type,0.0
2022_Baku,Grip_Aero_Balance,0.0
2022_Baku,Total_Min_Pressure,0.00017199565
2022_Baku,Pressure_Delta,0.0
2022_Baku,Prev_LapTime,0.15535651
2022_Baku,Lag_2,0.0007103623
2022_Baku,Rolling_Avg_3,0.0027483534
2022_Baku,Prev_Delta,0.10390984
2022_Baku,Driver_Encoded,0.00075857266
2022_Baku,Location_Encoded,0.0
2022_Baku,Team_Encoded,0.00079120905
2022_Baku,Mean_Apex_Speed_Ratio,0.00035717766
2022_Baku,Std_Apex_Speed_Ratio,0.0008759507
2022_Baku,Mean_Brake_Fraction,0.0028924462
2022_Baku,Std_Brake_Fraction,0.0045841704
2022_Baku,Mean_Brake_Point_Norm,0.0020504321
2022_Baku,Std_Brake_Point_Norm,0.0009764036
2022_Baku,Mean_Throttle_On_Dist_Norm,0.001386149
2022_Baku,Std_Throttle_On_Dist_Norm,0.0021637552
2022_Baku,Mean_Throttle_Integral_Norm,0.00034942047
2022_Baku,Std_Throttle_Integral_Norm,0.0008643562
2022_Baku,Mean_Speed_Variability,0.0036005345
2022_Baku,Std_Speed_Variability,0.0011040206
2022_Baku,P_0,0.00070104306
2022_Baku,P_1,0.0027417168
2022_Baku,P_2,0.00073632196
2022_Baku,Style_Cluster_ID,0.0
2022_Baku,Style_Entropy,0.002583167
2022_Baku,Year,0.0
2022_Baku,Tyre_Compound_Interaction,0.0010648468
2022_Montréal,LapNumber,0.01028547
2022_Montréal,Stint,0.0025850814
2022_Montréal,TyreLife,0.00077558146
2022_Montréal,Position,0.028078154
2022_Montréal,AirTemp,0.0008497203
2022_Montréal,Humidity,0.03637603
2022_Montréal,Pressure,0.0008522169
2022_Montréal,TrackTemp,0.00091232156
2022_Montréal,WindDirection,0.0013859805
2022_Montréal,WindSpeed,0.0010861148
2022_Montréal,FuelLoad,0.008409614
2022_Montréal,Track_Evolution,0.0069787656
2022_Montréal,Cumulative_Field_Dist_KM,0.007433602
2022_Montréal,Lap_Damage,0.0032790923
2022_Montréal,LatOffset_Mean,0.0029040428
2022_Montréal,Accumulated_Tyre_Wear,0.0012518126
2022_Montréal,LatOffset_Std,0.0022119936
2022_Montréal,Energy_Lap,0.03935032
2022_Montréal,Gap_To_Car_Ahead,0.00094300084
2022_Montréal,Dirty_Air_Fraction,0.0002425355
2022_Montréal,Aero_Loss,0.0005164775
2022_Montréal,DRS_Fraction,0.0005010248
2022_Montréal,Traction_1_5,2.797924e-05
2022_Montréal,Asphalt_Grip_1_5,0.0
2022_Montréal,Asphalt_Abrasion_1_5,0.005341841
2022_Montréal,Track_Evolution_1_5,0.0
2022_Montréal,Tyre_Stress_1_5,0.0
2022_Montréal,Braking_1_5,0.0
2022_Montréal,Lateral_1_5,0.0
2022_Montréal,Downforce_1_5,0.0
2022_Montréal,Min_Pressure_Front_PSI,0.004172586
2022_Montréal,Min_Pressure_Rear_PSI,0.0
2022_Montréal,Circuit_Length_KM,4.6454887e-05
2022_Montréal,Compound_Int,0.00082635507
2022_Montréal,Wear_Severity_Index,0.00084661954
2022_Montréal,Track_Flow_Type,0.0
2022_Montréal,Grip_Aero_Balance,0.00019348584
2022_Montréal,Total_Min_Pressure,8.266329e-05
2022_Montréal,Pressure_Delta,0.0
2022_Montréal,Prev_LapTime,0.008094682
2022_Montréal,Lag_2,0.00042935193
2022_Montréal,Rolling_Avg_3,0.0015285127
2022_Montréal,Prev_Delta,0.084782496
2022_Montréal,Driver_Encoded,0.00012023637
2022_Montréal,Location_Encoded,0.0
2022_Montréal,Team_Encoded,0.00055787637
2022_Montréal,Mean_Apex_Speed_Ratio,0.0003994134
2022_Montréal,Std_Apex_Speed_Ratio,0.0014192426
2022_Montréal,Mean_Brake_Fraction,0.0016325271
2022_Montréal,Std_Brake_Fraction,0.0017884048
2022_Montréal,Mean_Brake_Point_Norm,0.0071652443
2022_Montréal,Std_Brake_Point_Norm,0.024403198
2022_Montréal,Mean_Throttle_On_Dist_Norm,0.0014204847
2022_Montréal,Std_Throttle_On_Dist_Norm,0.0013777218
2022_Montréal,Mean_Throttle_Integral_Norm,0.00026326644
2022_Montréal,Std_Throttle_Integral_Norm,0.0013171929
2022_Montréal,Mean_Speed_Variability,0.004882217
2022_Montréal,Std_Speed_Variability,0.00081820396
2022_Montréal,P_0,0.0005988407
2022_Montréal,P_1,0.0008922764
2022_Montréal,P_2,0.0013971765
2022_Montréal,Style_Cluster_ID,0.0
2022_Montréal,Style_Entropy,0.00032632105
2022_Montréal,Year,0.0
2022_Montréal,Tyre_Compound_Interaction,0.0005572287
2022_Silverstone,LapNumber,0.0014589191
2022_Silverstone,Stint,0.00042757706
2022_Silverstone,TyreLife,0.00018747721
2022_Silverstone,Position,0.014928425
2022_Silverstone,AirTemp,0.0013389258
2022_Silverstone,Humidity,0.00069081463
2022_Silverstone,Pressure,0.0025120848
2022_Silverstone,TrackTemp,0.0010969684
2022_Silverstone,WindDirection,0.00077822537
2022_Silverstone,WindSpeed,0.0015164652
2022_Silverstone,FuelLoad,0.0112857735
2022_Silverstone,Track_Evolution,0.001745113
2022_Silverstone,Cumulative_Field_Dist_KM,0.005259949
2022_Silverstone,Lap_Damage,0.00611304
2022_Silverstone,LatOffset_Mean,0.000486844
2022_Silverstone,Accumulated_Tyre_Wear,0.0007311367
2022_Silverstone,LatOffset_Std,0.00041783592
2022_Silverstone,Energy_Lap,0.007482024
2022_Silverstone,Gap_To_Car_Ahead,0.0010825479
2022_Silverstone,Dirty_Air_Fraction,7.757911e-05
2022_Silverstone,Aero_Loss,0.00056823104
2022_Silverstone,DRS_Fraction,0.00019274325
2022_Silverstone,Traction_1_5,0.0002894357
2022_Silverstone,Asphalt_Grip_1_5,0.0
2022_Silverstone,Asphalt_Abrasion_1_5,0.014934946
2022_Silverstone,Track_Evolution_1_5,0.0
2022_Silverstone,Tyre_Stress_1_5,0.0
2022_Silverstone,Braking_1_5,0.0
2022_Silverstone,Lateral_1_5,0.0
2022_Silverstone,Downforce_1_5,0.0
2022_Silverstone,Min_Pressure_Front_PSI,0.004926944
2022_Silverstone,Min_Pressure_Rear_PSI,0.0
2022_Silverstone,Circuit_Length_KM,0.0
2022_Silverstone,Compound_Int,0.00089926255
2022_Silverstone,Wear_Severity_Index,0.0062423944
2022_Silverstone,Track_Flow_Type,0.0
2022_Silverstone,Grip_Aero_Balance,0.00013843826
2022_Silverstone,Total_Min_Pressure,8.7278764e-05
2022_Silverstone,Pressure_Delta,0.00017373588
2022_Silverstone,Prev_LapTime,0.0012671651
2022_Silverstone,Lag_2,0.00019994339
2022_Silverstone,Rolling_Avg_3,0.00057931
2022_Silverstone,Prev_Delta,0.10584927
2022_Silverstone,Driver_Encoded,0.0003576795
2022_Silverstone,Location_Encoded,0.00022077846
2022_Silverstone,Team_Encoded,0.00045467724
2022_Silverstone,Mean_Apex_Speed_Ratio,0.00069797627
2022_Silverstone,Std_Apex_Speed_Ratio,0.00037135358
2022_Silverstone,Mean_Brake_Fraction,0.001639755
2022_Silverstone,Std_Brake_Fraction,0.00259269
2022_Silverstone,Mean_Brake_Point_Norm,0.0003320703
2022_Silverstone,Std_Brake_Point_Norm,0.00019179507
2022_Silverstone,Mean_Throttle_On_Dist_Norm,0.00068980485
2022_Silverstone,Std_Throttle_On_Dist_Norm,0.0016949057
2022_Silverstone,Mean_Throttle_Integral_Norm,0.00077998533
2022_Silverstone,Std_Throttle_Integral_Norm,0.0016147742
2022_Silverstone,Mean_Speed_Variability,0.011513376
2022_Silverstone,Std_Speed_Variability,0.00041877196
2022_Silverstone,P_0,0.00039936538
2022_Silverstone,P_1,0.0012733409
2022_Silverstone,P_2,0.0007460286
2022_Silverstone,Style_Cluster_ID,4.170771e-05
2022_Silverstone,Style_Entropy,0.0010024447
2022_Silverstone,Year,0.0
2022_Silverstone,Tyre_Compound_Interaction,0.0023243485
2022_Spielberg,LapNumber,0.0010602827
2022_Spielberg,Stint,0.00012527578
2022_Spielberg,TyreLife,0.00023393433
2022_Spielberg,Position,0.02339575
2022_Spielberg,AirTemp,0.0011939905
2022_Spielberg,Humidity,0.0015143543
2022_Spielberg,Pressure,0.036077052
2022_Spielberg,TrackTemp,0.0008483
2022_Spielberg,WindDirection,0.00054530264
2022_Spielberg,WindSpeed,0.0005624413
2022_Spielberg,FuelLoad,0.0065863566
2022_Spielberg,Track_Evolution,0.0011554562
2022_Spielberg,Cumulative_Field_Dist_KM,0.006206436
2022_Spielberg,Lap_Damage,0.0020969799
2022_Spielberg,LatOffset_Mean,0.0010854065
2022_Spielberg,Accumulated_Tyre_Wear,0.0025339199
2022_Spielberg,LatOffset_Std,0.0006313348
2022_Spielberg,Energy_Lap,0.015854195
2022_Spielberg,Gap_To_Car_Ahead,0.0010311141
2022_Spielberg,Dirty_Air_Fraction,0.00075392047
2022_Spielberg,Aero_Loss,0.00073957286
2022_Spielberg,DRS_Fraction,0.00019251784
2022_Spielberg,Traction_1_5,2.4567014e-05
2022_Spielberg,Asphalt_Grip_1_5,0.0
2022_Spielberg,Asphalt_Abrasion_1_5,0.043500222
2022_Spielberg,Track_Evolution_1_5,0.0
2022_Spielberg,Tyre_Stress_1_5,0.0
2022_Spielberg,Braking_1_5,0.0
2022_Spielberg,Lateral_1_5,0.0
2022_Spielberg,Downforce_1_5,0.0
2022_Spielberg,Min_Pressure_Front_PSI,0.0050869226
2022_Spielberg,Min_Pressure_Rear_PSI,0.0
2022_Spielberg,Circuit_Length_KM,0.0001432953
2022_Spielberg,Compound_Int,0.0007616188
2022_Spielberg,Wear_Severity_Index,0.0
2022_Spielberg,Track_Flow_Type,0.0
2022_Spielberg,Grip_Aero_Balance,9.3748e-05
2022_Spielberg,Total_Min_Pressure,0.0011389652
2022_Spielberg,Pressure_Delta,0.00027403305
2022_Spielberg,Prev_LapTime,0.0037460946
2022_Spielberg,Lag_2,0.0001784007
2022_Spielberg,Rolling_Avg_3,0.00033333446
2022_Spielberg,Prev_Delta,0.08835265
2022_Spielberg,Driver_Encoded,0.0015710037
2022_Spielberg,Location_Encoded,0.00021135707
2022_Spielberg,Team_Encoded,0.00032876176
2022_Spielberg,Mean_Apex_Speed_Ratio,0.0014712221
2022_Spielberg,Std_Apex_Speed_Ratio,0.00046423182
2022_Spielberg,Mean_Brake_Fraction,0.0022331157
2022_Spielberg,Std_Brake_Fraction,0.0062457835
2022_Spielberg,Mean_Brake_Point_Norm,0.0025008726
2022_Spielberg,Std_Brake_Point_Norm,0.0010154276
2022_Spielberg,Mean_Throttle_On_Dist_Norm,0.0015572505
2022_Spielberg,Std_Throttle_On_Dist_Norm,0.0047201095
2022_Spielberg,Mean_Throttle_Integral_Norm,0.0004440137
2022_Spielberg,Std_Throttle_Integral_Norm,0.003489579
2022_Spielberg,Mean_Speed_Variability,0.002521798
2022_Spielberg,Std_Speed_Variability,0.00094428123
2022_Spielberg,P_0,0.00037759103
2022_Spielberg,P_1,0.0018839672
2022_Spielberg,P_2,0.00089673727
2022_Spielberg,Style_Cluster_ID,0.0
2022_Spielberg,Style_Entropy,0.00067887304
2022_Spielberg,Year,0.0
2022_Spielberg,Tyre_Compound_Interaction,0.000805723
2022_Le Castellet,LapNumber,0.0015211584
2022_Le Castellet,Stint,0.00029765462
2022_Le Castellet,TyreLife,0.00044969667
2022_Le Castellet,Position,0.017846469
2022_Le Castellet,AirTemp,0.00016880692
2022_Le Castellet,Humidity,0.001355853
2022_Le Castellet,Pressure,0.00034093473
2022_Le Castellet,TrackTemp,0.0014284265
2022_Le Castellet,WindDirection,0.0011624149
2022_Le Castellet,WindSpeed,0.0009383656
2022_Le Castellet,FuelLoad,0.004232383
2022_Le Castellet,Track_Evolution,0.0017128056
2022_Le Castellet,Cumulative_Field_Dist_KM,0.005487708
2022_Le Castellet,Lap_Damage,0.0009941951
2022_Le Castellet,LatOffset_Mean,0.00019648387
2022_Le Castellet,Accumulated_Tyre_Wear,0.00048070625
2022_Le Castellet,LatOffset_Std,0.0001404507
2022_Le Castellet,Energy_Lap,0.0054316525
2022_Le Castellet,Gap_To_Car_Ahead,0.00083908864
2022_Le Castellet,Dirty_Air_Fraction,0.00030879673
2022_Le Castellet,Aero_Loss,0.00044819206
2022_Le Castellet,DRS_Fraction,9.217242e-05
2022_Le Castellet,Traction_1_5,0.0
2022_Le Castellet,Asphalt_Grip_1_5,0.0
2022_Le Castellet,Asphalt_Abrasion_1_5,0.011126418
2022_Le Castellet,Track_Evolution_1_5,0.0
2022_Le Castellet,Tyre_Stress_1_5,0.0
2022_Le Castellet,Braking_1_5,0.00055841345
2022_Le Castellet,Lateral_1_5,0.0
2022_Le Castellet,Downforce_1_5,0.0
2022_Le Castellet,Min_Pressure_Front_PSI,0.010928337
2022_Le Castellet,Min_Pressure_Rear_PSI,0.0
2022_Le Castellet,Circuit_Length_KM,3.4457185e-05
2022_Le Castellet,Compound_Int,0.0016420365
2022_Le Castellet,Wear_Severity_Index,0.00022778074
2022_Le Castellet,Track_Flow_Type,0.0
2022_Le Castellet,Grip_Aero_Balance,0.0
2022_Le Castellet,Total_Min_Pressure,0.0026126725
2022_Le Castellet,Pressure_Delta,0.00012173521
2022_Le Castellet,Prev_LapTime,0.0008035638
2022_Le Castellet,Lag_2,0.0002281473
2022_Le Castellet,Rolling_Avg_3,0.0003632231
2022_Le Castellet,Prev_Delta,0.10631265
2022_Le Castellet,Driver_Encoded,0.00030263883
2022_Le Castellet,Location_Encoded,0.0006489551
2022_Le Castellet,Team_Encoded,0.000112038106
2022_Le Castellet,Mean_Apex_Speed_Ratio,0.00028318682
2022_Le Castellet,Std_Apex_Speed_Ratio,0.0005757911
2022_Le Castellet,Mean_Brake_Fraction,0.0004576173
2022_Le Castellet,Std_Brake_Fraction,0.0052952403
2022_Le Castellet,Mean_Brake_Point_Norm,0.00053297903
2022_Le Castellet,Std_Brake_Point_Norm,0.00031426997
2022_Le Castellet,Mean_Throttle_On_Dist_Norm,0.0008525676
2022_Le Castellet,Std_Throttle_On_Dist_Norm,0.0026056925
2022_Le Castellet,Mean_Throttle_Integral_Norm,0.0005229114
2022_Le Castellet,Std_Throttle_Integral_Norm,0.002766358
2022_Le Castellet,Mean_Speed_Variability,0.0030711133
2022_Le Castellet,Std_Speed_Variability,0.0012074464
2022_Le Castellet,P_0,0.00014795657
2022_Le Castellet,P_1,0.00028048307
2022_Le Castellet,P_2,0.00012686718
2022_Le Castellet,Style_Cluster_ID,0.0
2022_Le Castellet,Style_Entropy,0.00020128017
2022_Le Castellet,Year,0.0
2022_Le Castellet,Tyre_Compound_Interaction,0.0010295182
2022_Spa-Francorchamps,LapNumber,0.0025408985
2022_Spa-Francorchamps,Stint,0.00024370481
2022_Spa-Francorchamps,TyreLife,0.0011549713
2022_Spa-Francorchamps,Position,0.015700784
2022_Spa-Francorchamps,AirTemp,0.0057386537
2022_Spa-Francorchamps,Humidity,0.0018053433
2022_Spa-Francorchamps,Pressure,0.0008871637
2022_Spa-Francorchamps,TrackTemp,0.00066073186
2022_Spa-Francorchamps,WindDirection,0.0007256444
2022_Spa-Francorchamps,WindSpeed,0.00040436487
2022_Spa-Francorchamps,FuelLoad,0.021696517
2022_Spa-Francorchamps,Track_Evolution,0.0021266218
2022_Spa-Francorchamps,Cumulative_Field_Dist_KM,0.008478448
2022_Spa-Francorchamps,Lap_Damage,0.0093085375
2022_Spa-Francorchamps,LatOffset_Mean,0.0019733543
2022_Spa-Francorchamps,Accumulated_Tyre_Wear,0.0013541931
2022_Spa-Francorchamps,LatOffset_Std,0.0004889422
2022_Spa-Francorchamps,Energy_Lap,0.016093956
2022_Spa-Francorchamps,Gap_To_Car_Ahead,0.0021849042
2022_Spa-Francorchamps,Dirty_Air_Fraction,0.000871096
2022_Spa-Francorchamps,Aero_Loss,0.00075599557
2022_Spa-Francorchamps,DRS_Fraction,0.013557596
2022_Spa-Francorchamps,Traction_1_5,0.0
2022_Spa-Francorchamps,Asphalt_Grip_1_5,0.0
2022_Spa-Francorchamps,Asphalt_Abrasion_1_5,0.020061264
2022_Spa-Francorchamps,Track_Evolution_1_5,0.0
2022_Spa-Francorchamps,Tyre_Stress_1_5,0.0
2022_Spa-Francorchamps,Braking_1_5,0.0
2022_Spa-Francorchamps,Lateral_1_5,0.0
2022_Spa-Francorchamps,Downforce_1_5,0.0
2022_Spa-Francorchamps,Min_Pressure_Front_PSI,0.010526911
2022_Spa-Francorchamps,Min_Pressure_Rear_PSI,0.000111897505
2022_Spa-Francorchamps,Circuit_Length_KM,0.0005712679
2022_Spa-Francorchamps,Compound_Int,0.00045436432
2022_Spa-Francorchamps,Wear_Severity_Index,0.0013789956
2022_Spa-Francorchamps,Track_Flow_Type,0.0
2022_Spa-Francorchamps,Grip_Aero_Balance,0.0005689533
2022_Spa-Francorchamps,Total_Min_Pressure,0.0022455184
2022_Spa-Francorchamps,Pressure_Delta,0.00010978193
2022_Spa-Francorchamps,Prev_LapTime,0.16763666
2022_Spa-Francorchamps,Lag_2,0.0015651195
2022_Spa-Francorchamps,Rolling_Avg_3,0.08395774
2022_Spa-Francorchamps,Prev_Delta,0.12552768
2022_Spa-Francorchamps,Driver_Encoded,8.385962e-05
2022_Spa-Francorchamps,Location_Encoded,8.8209665e-05
2022_Spa-Francorchamps,Team_Encoded,0.0002467726
2022_Spa-Francorchamps,Mean_Apex_Speed_Ratio,0.00014666995
2022_Spa-Francorchamps,Std_Apex_Speed_Ratio,0.00027271442
2022_Spa-Francorchamps,Mean_Brake_Fraction,0.0010811839
2022_Spa-Francorchamps,Std_Brake_Fraction,0.0032531025
2022_Spa-Francorchamps,Mean_Brake_Point_Norm,0.00020370517
2022_Spa-Francorchamps,Std_Brake_Point_Norm,0.00026131514
2022_Spa-Francorchamps,Mean_Throttle_On_Dist_Norm,0.0016737309
2022_Spa-Francorchamps,Std_Throttle_On_Dist_Norm,0.0013776137
2022_Spa-Francorchamps,Mean_Throttle_Integral_Norm,0.007881097
2022_Spa-Francorchamps,Std_Throttle_Integral_Norm,0.00037912995
2022_Spa-Francorchamps,Mean_Speed_Variability,0.028410086
2022_Spa-Francorchamps,Std_Speed_Variability,0.0010827236
2022_Spa-Francorchamps,P_0,0.0040653003
2022_Spa-Francorchamps,P_1,0.0018593365
2022_Spa-Francorchamps,P_2,0.0016596359
2022_Spa-Francorchamps,Style_Cluster_ID,0.0
2022_Spa-Francorchamps,Style_Entropy,0.0024976276
2022_Spa-Francorchamps,Year,0.0
2022_Spa-Francorchamps,Tyre_Compound_Interaction,0.0007064202
2022_Zandvoort,LapNumber,0.0029055767
2022_Zandvoort,Stint,0.0
2022_Zandvoort,TyreLife,0.0013380018
2022_Zandvoort,Position,0.02131046
2022_Zandvoort,AirTemp,0.0004105937
2022_Zandvoort,Humidity,0.0091656055
2022_Zandvoort,Pressure,0.0024258243
2022_Zandvoort,TrackTemp,0.0004910439
2022_Zandvoort,WindDirection,0.00026137938
2022_Zandvoort,WindSpeed,0.00018140834
2022_Zandvoort,FuelLoad,0.006781918
2022_Zandvoort,Track_Evolution,0.0011991131
2022_Zandvoort,Cumulative_Field_Dist_KM,0.025305264
2022_Zandvoort,Lap_Damage,0.00374539
2022_Zandvoort,LatOffset_Mean,0.0004952563
2022_Zandvoort,Accumulated_Tyre_Wear,0.00027039976
2022_Zandvoort,LatOffset_Std,0.0005054276
2022_Zandvoort,Energy_Lap,0.0022580568
2022_Zandvoort,Gap_To_Car_Ahead,0.001041549
2022_Zandvoort,Dirty_Air_Fraction,4.7183497e-05
2022_Zandvoort,Aero_Loss,0.00064715376
2022_Zandvoort,DRS_Fraction,1.0533695e-05
2022_Zandvoort,Traction_1_5,0.0
2022_Zandvoort,Asphalt_Grip_1_5,0.0
2022_Zandvoort,Asphalt_Abrasion_1_5,0.0172712
2022_Zandvoort,Track_Evolution_1_5,0.0
2022_Zandvoort,Tyre_Stress_1_5,0.0
2022_Zandvoort,Braking_1_5,0.0
2022_Zandvoort,Lateral_1_5,0.0
2022_Zandvoort,Downforce_1_5,0.00047053106
2022_Zandvoort,Min_Pressure_Front_PSI,0.0030902894
2022_Zandvoort,Min_Pressure_Rear_PSI,1.7720306e-05
2022_Zandvoort,Circuit_Length_KM,0.0
2022_Zandvoort,Compound_Int,0.0036966207
2022_Zandvoort,Wear_Severity_Index,0.0011599251
2022_Zandvoort,Track_Flow_Type,0.00031068825
2022_Zandvoort,Grip_Aero_Balance,2.90619e-05
2022_Zandvoort,Total_Min_Pressure,0.00022228113
2022_Zandvoort,Pressure_Delta,0.0011390649
2022_Zandvoort,Prev_LapTime,0.006514788
2022_Zandvoort,Lag_2,0.0030726066
2022_Zandvoort,Rolling_Avg_3,0.00081261416
2022_Zandvoort,Prev_Delta,0.09286483
2022_Zandvoort,Driver_Encoded,0.0006310153
2022_Zandvoort,Location_Encoded,2.6742538e-05
2022_Zandvoort,Team_Encoded,0.0001422901
2022_Zandvoort,Mean_Apex_Speed_Ratio,0.0018577687
2022_Zandvoort,Std_Apex_Speed_Ratio,0.00017037654
2022_Zandvoort,Mean_Brake_Fraction,0.000841318
2022_Zandvoort,Std_Brake_Fraction,0.0019358429
2022_Zandvoort,Mean_Brake_Point_Norm,0.00012776683
2022_Zandvoort,Std_Brake_Point_Norm,0.00038687803
2022_Zandvoort,Mean_Throttle_On_Dist_Norm,0.000679317
2022_Zandvoort,Std_Throttle_On_Dist_Norm,0.001302904
2022_Zandvoort,Mean_Throttle_Integral_Norm,0.00016535407
2022_Zandvoort,Std_Throttle_Integral_Norm,0.0008503052
2022_Zandvoort,Mean_Speed_Variability,0.0012187108
2022_Zandvoort,Std_Speed_Variability,0.0007465516
2022_Zandvoort,P_0,0.0009189865
2022_Zandvoort,P_1,0.00064715295
2022_Zandvoort,P_2,0.0006465337
2022_Zandvoort,Style_Cluster_ID,0.0
2022_Zandvoort,Style_Entropy,0.00063548074
2022_Zandvoort,Year,0.0
2022_Zandvoort,Tyre_Compound_Interaction,0.0010816959
2022_Monza,LapNumber,0.00081125327
2022_Monza,Stint,0.0
2022_Monza,TyreLife,0.002168156
2022_Monza,Position,0.01810497
2022_Monza,AirTemp,0.00027905713
2022_Monza,Humidity,0.0017137657
2022_Monza,Pressure,0.00207985
2022_Monza,TrackTemp,0.0010667494
2022_Monza,WindDirection,0.0003772714
2022_Monza,WindSpeed,0.00052399724
2022_Monza,FuelLoad,0.0037218502
2022_Monza,Track_Evolution,0.0012878921
2022_Monza,Cumulative_Field_Dist_KM,0.0027973293
2022_Monza,Lap_Damage,0.003852821
2022_Monza,LatOffset_Mean,0.00033030246
2022_Monza,Accumulated_Tyre_Wear,0.00024025785
2022_Monza,LatOffset_Std,0.00018443844
2022_Monza,Energy_Lap,0.002898879
2022_Monza,Gap_To_Car_Ahead,0.0011784862
2022_Monza,Dirty_Air_Fraction,0.00031314613
2022_Monza,Aero_Loss,0.0007357512
2022_Monza,DRS_Fraction,8.123391e-05
2022_Monza,Traction_1_5,0.0
2022_Monza,Asphalt_Grip_1_5,9.2986564e-05
2022_Monza,Asphalt_Abrasion_1_5,0.014942168
2022_Monza,Track_Evolution_1_5,0.0
2022_Monza,Tyre_Stress_1_5,0.0
2022_Monza,Braking_1_5,0.0
2022_Monza,Lateral_1_5,0.0
2022_Monza,Downforce_1_5,1.1776578e-05
2022_Monza,Min_Pressure_Front_PSI,0.0029624214
2022_Monza,Min_Pressure_Rear_PSI,1.980001e-05
2022_Monza,Circuit_Length_KM,7.212178e-05
2022_Monza,Compound_Int,0.0008356959
2022_Monza,Wear_Severity_Index,0.0024820827
2022_Monza,Track_Flow_Type,0.0002401418
2022_Monza,Grip_Aero_Balance,0.0
2022_Monza,Total_Min_Pressure,0.0008240686
2022_Monza,Pressure_Delta,0.0
2022_Monza,Prev_LapTime,0.00055552094
2022_Monza,Lag_2,9.23613e-05
2022_Monza,Rolling_Avg_3,7.137179e-05
2022_Monza,Prev_Delta,0.08424487
2022_Monza,Driver_Encoded,0.00012532967
2022_Monza,Location_Encoded,1.132348e-05
2022_Monza,Team_Encoded,0.00013971416
2022_Monza,Mean_Apex_Speed_Ratio,8.186047e-05
2022_Monza,Std_Apex_Speed_Ratio,1.9538253e-05
2022_Monza,Mean_Brake_Fraction,0.0009039082
2022_Monza,Std_Brake_Fraction,0.0016940474
2022_Monza,Mean_Brake_Point_Norm,0.0009688999
2022_Monza,Std_Brake_Point_Norm,0.00015497183
2022_Monza,Mean_Throttle_On_Dist_Norm,0.00050320645
2022_Monza,Std_Throttle_On_Dist_Norm,0.0012269085
2022_Monza,Mean_Throttle_Integral_Norm,0.0003289961
2022_Monza,Std_Throttle_Integral_Norm,0.00052909926
2022_Monza,Mean_Speed_Variability,0.0005774599
2022_Monza,Std_Speed_Variability,8.1980994e-05
2022_Monza,P_0,0.00058926357
2022_Monza,P_1,0.000829667
2022_Monza,P_2,0.0019446294
2022_Monza,Style_Cluster_ID,0.0
2022_Monza,Style_Entropy,0.00031460245
2022_Monza,Year,0.0
2022_Monza,Tyre_Compound_Interaction,0.0005400654
2022_Marina Bay,LapNumber,0.006531145
2022_Marina Bay,Stint,0.0003304411
2022_Marina Bay,TyreLife,0.001558003
2022_Marina Bay,Position,0.013231836
2022_Marina Bay,AirTemp,0.00037666838
2022_Marina Bay,Humidity,0.0036249405
2022_Marina Bay,Pressure,0.00058850273
2022_Marina Bay,TrackTemp,0.000669245
2022_Marina Bay,WindDirection,0.00047199818
2022_Marina Bay,WindSpeed,0.00067258783
2022_Marina Bay,FuelLoad,0.0068053105
2022_Marina Bay,Track_Evolution,0.0054297447
2022_Marina Bay,Cumulative_Field_Dist_KM,0.0028735283
2022_Marina Bay,Lap_Damage,0.004840813
2022_Marina Bay,LatOffset_Mean,0.00083070796
2022_Marina Bay,Accumulated_Tyre_Wear,0.00033585666
2022_Marina Bay,LatOffset_Std,0.0006340474
2022_Marina Bay,Energy_Lap,0.0009840196
2022_Marina Bay,Gap_To_Car_Ahead,0.002426654
2022_Marina Bay,Dirty_Air_Fraction,0.0002570513
2022_Marina Bay,Aero_Loss,0.0017694617
2022_Marina Bay,DRS_Fraction,0.00079647463
2022_Marina Bay,Traction_1_5,0.0
2022_Marina Bay,Asphalt_Grip_1_5,0.00015216107
2022_Marina Bay,Asphalt_Abrasion_1_5,0.026152372
2022_Marina Bay,Track_Evolution_1_5,2.3022352e-05
2022_Marina Bay,Tyre_Stress_1_5,0.0
2022_Marina Bay,Braking_1_5,5.6495308e-05
2022_Marina Bay,Lateral_1_5,0.0
2022_Marina Bay,Downforce_1_5,0.00022516452
2022_Marina Bay,Min_Pressure_Front_PSI,0.007884476
2022_Marina Bay,Min_Pressure_Rear_PSI,0.00043996397
2022_Marina Bay,Circuit_Length_KM,1.0618941e-05
2022_Marina Bay,Compound_Int,0.0
2022_Marina Bay,Wear_Severity_Index,0.0037067535
2022_Marina Bay,Track_Flow_Type,0.00010458596
2022_Marina Bay,Grip_Aero_Balance,0.0
2022_Marina Bay,Total_Min_Pressure,0.0068841283
2022_Marina Bay,Pressure_Delta,0.0
2022_Marina Bay,Prev_LapTime,0.08064876
2022_Marina Bay,Lag_2,0.008042724
2022_Marina Bay,Rolling_Avg_3,0.023016127
2022_Marina Bay,Prev_Delta,0.17974097
2022_Marina Bay,Driver_Encoded,8.296785e-05
2022_Marina Bay,Location_Encoded,3.8230726e-05
2022_Marina Bay,Team_Encoded,9.02948e-05
2022_Marina Bay,Mean_Apex_Speed_Ratio,0.00065081834
2022_Marina Bay,Std_Apex_Speed_Ratio,0.00016948536
2022_Marina Bay,Mean_Brake_Fraction,0.0014749643
2022_Marina Bay,Std_Brake_Fraction,0.0035417378
2022_Marina Bay,Mean_Brake_Point_Norm,0.00018941102
2022_Marina Bay,Std_Brake_Point_Norm,0.0012521453
2022_Marina Bay,Mean_Throttle_On_Dist_Norm,0.0019686697
2022_Marina Bay,Std_Throttle_On_Dist_Norm,0.0016214296
2022_Marina Bay,Mean_Throttle_Integral_Norm,0.0017890818
2022_Marina Bay,Std_Throttle_Integral_Norm,0.0013462848
2022_Marina Bay,Mean_Speed_Variability,0.0054297126
2022_Marina Bay,Std_Speed_Variability,0.001072509
2022_Marina Bay,P_0,0.0005436176
2022_Marina Bay,P_1,0.00076563354
2022_Marina Bay,P_2,0.001316148
2022_Marina Bay,Style_Cluster_ID,0.0
2022_Marina Bay,Style_Entropy,0.0031645799
2022_Marina Bay,Year,0.0
2022_Marina Bay,Tyre_Compound_Interaction,0.00084497046
2022_Austin,LapNumber,0.0028808226
2022_Austin,Stint,0.00038276814
2022_Austin,TyreLife,0.0023578913
2022_Austin,Position,0.015713608
2022_Austin,AirTemp,0.0006558565
2022_Austin,Humidity,0.00061882136
2022_Austin,Pressure,0.0011903712
2022_Austin,TrackTemp,0.0005435019
2022_Austin,WindDirection,0.000292373
2022_Austin,WindSpeed,0.00039046071
2022_Austin,FuelLoad,0.0099207
2022_Austin,Track_Evolution,0.001342148
2022_Austin,Cumulative_Field_Dist_KM,0.0037548319
2022_Austin,Lap_Damage,0.011039258
2022_Austin,LatOffset_Mean,0.0005089346
2022_Austin,Accumulated_Tyre_Wear,0.00049162545
2022_Austin,LatOffset_Std,0.0005253338
2022_Austin,Energy_Lap,0.0039961394
2022_Austin,Gap_To_Car_Ahead,0.0010355024
2022_Austin,Dirty_Air_Fraction,0.00033243813
2022_Austin,Aero_Loss,0.00093548576
2022_Austin,DRS_Fraction,0.00031190747
2022_Austin,Traction_1_5,5.7431258e-05
2022_Austin,Asphalt_Grip_1_5,0.00025820616
2022_Austin,Asphalt_Abrasion_1_5,0.045522105
2022_Austin,Track_Evolution_1_5,0.0
2022_Austin,Tyre_Stress_1_5,5.212326e-05
2022_Austin,Braking_1_5,0.00037664175
2022_Austin,Lateral_1_5,0.0
2022_Austin,Downforce_1_5,0.00013028331
2022_Austin,Min_Pressure_Front_PSI,0.00082216435
2022_Austin,Min_Pressure_Rear_PSI,0.0
2022_Austin,Circuit_Length_KM,7.1606315e-05
2022_Austin,Compound_Int,0.0007411984
2022_Austin,Wear_Severity_Index,0.0086048525
2022_Austin,Track_Flow_Type,0.0015292108
2022_Austin,Grip_Aero_Balance,5.3347452e-05
2022_Austin,Total_Min_Pressure,0.0006297068
2022_Austin,Pressure_Delta,3.6431433e-05
2022_Austin,Prev_LapTime,0.00241069
2022_Austin,Lag_2,0.00051069
2022_Austin,Rolling_Avg_3,0.0005847451
2022_Austin,Prev_Delta,0.12506229
2022_Austin,Driver_Encoded,0.0005068853
2022_Austin,Location_Encoded,2.2771752e-05
2022_Austin,Team_Encoded,7.5623415e-05
2022_Austin,Mean_Apex_Speed_Ratio,0.00024169359
2022_Austin,Std_Apex_Speed_Ratio,0.00018402697
2022_Austin,Mean_Brake_Fraction,0.0015002937
2022_Austin,Std_Brake_Fraction,0.00028430222
2022_Austin,Mean_Brake_Point_Norm,0.00013174249
2022_Austin,Std_Brake_Point_Norm,0.00040573813
2022_Austin,Mean_Throttle_On_Dist_Norm,0.0018636248
2022_Austin,Std_Throttle_On_Dist_Norm,0.0011451264
2022_Austin,Mean_Throttle_Integral_Norm,0.0002819154
2022_Austin,Std_Throttle_Integral_Norm,0.0008757434
2022_Austin,Mean_Speed_Variability,0.0001343348
2022_Austin,Std_Speed_Variability,0.00040698747
2022_Austin,P_0,0.0007280819
2022_Austin,P_1,0.0010805959
2022_Austin,P_2,0.0015004949
2022_Austin,Style_Cluster_ID,0.0
2022_Austin,Style_Entropy,0.0010522446
2022_Austin,Year,0.0
2022_Austin,Tyre_Compound_Interaction,0.00075156556
2022_Mexico City,LapNumber,0.0022104392
2022_Mexico City,Stint,0.00021507735
2022_Mexico City,TyreLife,0.00089494325
2022_Mexico City,Position,0.017395532
2022_Mexico City,AirTemp,0.0011712997
2022_Mexico City,Humidity,0.010859931
2022_Mexico City,Pressure,8.44406e-05
2022_Mexico City,TrackTemp,0.0006924763
2022_Mexico City,WindDirection,0.00066233665
2022_Mexico City,WindSpeed,0.00036385318
2022_Mexico City,FuelLoad,0.009670773
2022_Mexico City,Track_Evolution,0.00077602995
2022_Mexico City,Cumulative_Field_Dist_KM,0.0039501437
2022_Mexico City,Lap_Damage,0.0028077234
2022_Mexico City,LatOffset_Mean,0.0004200112
2022_Mexico City,Accumulated_Tyre_Wear,0.00071740657
2022_Mexico City,LatOffset_Std,0.0004039831
2022_Mexico City,Energy_Lap,0.008999471
2022_Mexico City,Gap_To_Car_Ahead,0.0011299134
2022_Mexico City,Dirty_Air_Fraction,0.0004739413
2022_Mexico City,Aero_Loss,0.0012501347
2022_Mexico City,DRS_Fraction,5.749804e-05
2022_Mexico City,Traction_1_5,5.697831e-05
2022_Mexico City,Asphalt_Grip_1_5,0.00018178853
2022_Mexico City,Asphalt_Abrasion_1_5,0.017104456
2022_Mexico City,Track_Evolution_1_5,0.0
2022_Mexico City,Tyre_Stress_1_5,0.00078490993
2022_Mexico City,Braking_1_5,0.0001488995
2022_Mexico City,Lateral_1_5,0.0
2022_Mexico City,Downforce_1_5,0.0053061773
2022_Mexico City,Min_Pressure_Front_PSI,0.0012956954
2022_Mexico City,Min_Pressure_Rear_PSI,4.6268848e-05
2022_Mexico City,Circuit_Length_KM,0.00024011401
2022_Mexico City,Compound_Int,0.0005785312
2022_Mexico City,Wear_Severity_Index,0.0059613115
2022_Mexico City,Track_Flow_Type,0.00020644725
2022_Mexico City,Grip_Aero_Balance,0.00035024603
2022_Mexico City,Total_Min_Pressure,0.00042868615
2022_Mexico City,Pressure_Delta,3.1636817e-05
2022_Mexico City,Prev_LapTime,0.003940532
2022_Mexico City,Lag_2,0.00018418838
2022_Mexico City,Rolling_Avg_3,0.0011827517
2022_Mexico City,Prev_Delta,0.12057491
2022_Mexico City,Driver_Encoded,0.00042818618
2022_Mexico City,Location_Encoded,2.2743734e-05
2022_Mexico City,Team_Encoded,0.0002614661
2022_Mexico City,Mean_Apex_Speed_Ratio,0.0006049974
2022_Mexico City,Std_Apex_Speed_Ratio,0.00024686762
2022_Mexico City,Mean_Brake_Fraction,0.00070848
2022_Mexico City,Std_Brake_Fraction,0.0011767523
2022_Mexico City,Mean_Brake_Point_Norm,0.00050755293
2022_Mexico City,Std_Brake_Point_Norm,0.00052468304
2022_Mexico City,Mean_Throttle_On_Dist_Norm,0.0021162706
2022_Mexico City,Std_Throttle_On_Dist_Norm,0.00056413567
2022_Mexico City,Mean_Throttle_Integral_Norm,0.0012285851
2022_Mexico City,Std_Throttle_Integral_Norm,0.0012566873
2022_Mexico City,Mean_Speed_Variability,0.00011747579
2022_Mexico City,Std_Speed_Variability,0.0001832973
2022_Mexico City,P_0,0.0005053262
2022_Mexico City,P_1,0.0006157324
2022_Mexico City,P_2,0.00088574685
2022_Mexico City,Style_Cluster_ID,0.0
2022_Mexico City,Style_Entropy,0.001126527
2022_Mexico City,Year,0.0
2022_Mexico City,Tyre_Compound_Interaction,0.0009007084
2022_São Paulo,LapNumber,0.005597634
2022_São Paulo,Stint,0.00016768316
2022_São Paulo,TyreLife,0.0023857092
2022_São Paulo,Position,0.016560685
2022_São Paulo,AirTemp,0.0006323529
2022_São Paulo,Humidity,0.007339285
2022_São Paulo,Pressure,0.00024116239
2022_São Paulo,TrackTemp,0.00046608702
2022_São Paulo,WindDirection,0.0002132957
2022_São Paulo,WindSpeed,0.0006509761
2022_São Paulo,FuelLoad,0.0059766457
2022_São Paulo,Track_Evolution,0.001022833
2022_São Paulo,Cumulative_Field_Dist_KM,0.005667095
2022_São Paulo,Lap_Damage,0.0022860635
2022_São Paulo,LatOffset_Mean,0.0003326121
2022_São Paulo,Accumulated_Tyre_Wear,0.00031758487
2022_São Paulo,LatOffset_Std,0.00028424588
2022_São Paulo,Energy_Lap,0.004660144
2022_São Paulo,Gap_To_Car_Ahead,0.000941464
2022_São Paulo,Dirty_Air_Fraction,0.00012988695
2022_São Paulo,Aero_Loss,0.0005581885
2022_São Paulo,DRS_Fraction,0.0001625136
2022_São Paulo,Traction_1_5,4.6732886e-05
2022_São Paulo,Asphalt_Grip_1_5,0.000115252944
2022_São Paulo,Asphalt_Abrasion_1_5,0.031704854
2022_São Paulo,Track_Evolution_1_5,0.0
2022_São Paulo,Tyre_Stress_1_5,0.0
2022_São Paulo,Braking_1_5,0.000164697
2022_São Paulo,Lateral_1_5,0.0
2022_São Paulo,Downforce_1_5,0.0
2022_São Paulo,Min_Pressure_Front_PSI,0.0011991727
2022_São Paulo,Min_Pressure_Rear_PSI,6.160076e-05
2022_São Paulo,Circuit_Length_KM,0.00013830618
2022_São Paulo,Compound_Int,0.0002846071
2022_São Paulo,Wear_Severity_Index,0.00070950686
2022_São Paulo,Track_Flow_Type,0.0003976439
2022_São Paulo,Grip_Aero_Balance,2.5701785e-05
2022_São Paulo,Total_Min_Pressure,0.00030034425
2022_São Paulo,Pressure_Delta,0.0
2022_São Paulo,Prev_LapTime,0.0027287495
2022_São Paulo,Lag_2,0.00016021218
2022_São Paulo,Rolling_Avg_3,0.00068245543
2022_São Paulo,Prev_Delta,0.0827964
2022_São Paulo,Driver_Encoded,0.00021519557
2022_São Paulo,Location_Encoded,6.614941e-05
2022_São Paulo,Team_Encoded,4.332875e-05
2022_São Paulo,Mean_Apex_Speed_Ratio,0.0003110427
2022_São Paulo,Std_Apex_Speed_Ratio,0.00015590434
2022_São Paulo,Mean_Brake_Fraction,0.00066349655
2022_São Paulo,Std_Brake_Fraction,0.0006197857
2022_São Paulo,Mean_Brake_Point_Norm,0.00029971346
2022_São Paulo,Std_Brake_Point_Norm,0.00051144446
2022_São Paulo,Mean_Throttle_On_Dist_Norm,0.00086017157
2022_São Paulo,Std_Throttle_On_Dist_Norm,0.000325843
2022_São Paulo,Mean_Throttle_Integral_Norm,0.00018832872
2022_São Paulo,Std_Throttle_Integral_Norm,0.0006325577
2022_São Paulo,Mean_Speed_Variability,3.351596e-05
2022_São Paulo,Std_Speed_Variability,0.00039805874
2022_São Paulo,P_0,0.0007155408
2022_São Paulo,P_1,0.0021542427
2022_São Paulo,P_2,0.0015280381
2022_São Paulo,Style_Cluster_ID,0.0
2022_São Paulo,Style_Entropy,0.00042631495
2022_São Paulo,Year,0.0
2022_São Paulo,Tyre_Compound_Interaction,0.00058363477
2022_Yas Island,LapNumber,0.002100108
2022_Yas Island,Stint,0.00023635186
2022_Yas Island,TyreLife,0.0011848798
2022_Yas Island,Position,0.017859317
2022_Yas Island,AirTemp,0.0011456241
2022_Yas Island,Humidity,0.0037565746
2022_Yas Island,Pressure,0.00017864343
2022_Yas Island,TrackTemp,0.00051064417
2022_Yas Island,WindDirection,0.00017710161
2022_Yas Island,WindSpeed,0.00041656956
2022_Yas Island,FuelLoad,0.013739686
2022_Yas Island,Track_Evolution,0.0006213152
2022_Yas Island,Cumulative_Field_Dist_KM,0.008848917
2022_Yas Island,Lap_Damage,0.001305231
2022_Yas Island,LatOffset_Mean,0.00016283132
2022_Yas Island,Accumulated_Tyre_Wear,0.00023844311
2022_Yas Island,LatOffset_Std,0.00019103238
2022_Yas Island,Energy_Lap,0.00039830565
2022_Yas Island,Gap_To_Car_Ahead,0.00046917103
2022_Yas Island,Dirty_Air_Fraction,0.00015322906
2022_Yas Island,Aero_Loss,0.0004699371
2022_Yas Island,DRS_Fraction,0.00010315645
2022_Yas Island,Traction_1_5,0.0
2022_Yas Island,Asphalt_Grip_1_5,0.0
2022_Yas Island,Asphalt_Abrasion_1_5,0.012943481
2022_Yas Island,Track_Evolution_1_5,0.0
2022_Yas Island,Tyre_Stress_1_5,0.0
2022_Yas Island,Braking_1_5,0.0003460531
2022_Yas Island,Lateral_1_5,0.0
2022_Yas Island,Downforce_1_5,1.0872194e-05
2022_Yas Island,Min_Pressure_Front_PSI,0.0013730185
2022_Yas Island,Min_Pressure_Rear_PSI,4.649862e-05
2022_Yas Island,Circuit_Length_KM,0.00017518071
2022_Yas Island,Compound_Int,0.0026631195
2022_Yas Island,Wear_Severity_Index,0.0016630712
2022_Yas Island,Track_Flow_Type,0.00042507026
2022_Yas Island,Grip_Aero_Balance,0.00027537448
2022_Yas Island,Total_Min_Pressure,0.00037910853
2022_Yas Island,Pressure_Delta,0.0
2022_Yas Island,Prev_LapTime,0.0007898055
2022_Yas Island,Lag_2,0.00019640446
2022_Yas Island,Rolling_Avg_3,0.0010686433
2022_Yas Island,Prev_Delta,0.09559681
2022_Yas Island,Driver_Encoded,0.0002183147
2022_Yas Island,Location_Encoded,0.0
2022_Yas Island,Team_Encoded,2.5781495e-05
2022_Yas Island,Mean_Apex_Speed_Ratio,0.00038039262
2022_Yas Island,Std_Apex_Speed_Ratio,6.037904e-05
2022_Yas Island,Mean_Brake_Fraction,0.00063542393
2022_Yas Island,Std_Brake_Fraction,0.000105543324
2022_Yas Island,Mean_Brake_Point_Norm,0.00027270755
2022_Yas Island,Std_Brake_Point_Norm,0.00022656519
2022_Yas Island,Mean_Throttle_On_Dist_Norm,0.00035926382
2022_Yas Island,Std_Throttle_On_Dist_Norm,0.00052742014
2022_Yas Island,Mean_Throttle_Integral_Norm,0.00017572427
2022_Yas Island,Std_Throttle_Integral_Norm,0.00071031036
2022_Yas Island,Mean_Speed_Variability,6.406612e-05
2022_Yas Island,Std_Speed_Variability,0.00021193676
2022_Yas Island,P_0,0.00037710342
2022_Yas Island,P_1,0.0010614787
2022_Yas Island,P_2,0.0005096457
2022_Yas Island,Style_Cluster_ID,0.0
2022_Yas Island,Style_Entropy,0.00061790436
2022_Yas Island,Year,0.0
2022_Yas Island,Tyre_Compound_Interaction,0.0005298394
2023_Sakhir,LapNumber,0.002915867
2023_Sakhir,Stint,0.00021298807
2023_Sakhir,TyreLife,0.0016454502
2023_Sakhir,Position,0.017325396
2023_Sakhir,AirTemp,0.0003909972
2023_Sakhir,Humidity,0.0035230855
2023_Sakhir,Pressure,0.0006285391
2023_Sakhir,TrackTemp,0.000428098
2023_Sakhir,WindDirection,0.00016486125
2023_Sakhir,WindSpeed,0.0018606692
2023_Sakhir,FuelLoad,0.009932813
2023_Sakhir,Track_Evolution,0.0012312738
2023_Sakhir,Cumulative_Field_Dist_KM,0.012600685
2023_Sakhir,Lap_Damage,0.002685848
2023_Sakhir,LatOffset_Mean,0.00026312604
2023_Sakhir,Accumulated_Tyre_Wear,0.00035125588
2023_Sakhir,LatOffset_Std,0.00027446673
2023_Sakhir,Energy_Lap,0.0012074686
2023_Sakhir,Gap_To_Car_Ahead,0.00063462654
2023_Sakhir,Dirty_Air_Fraction,0.00038785712
2023_Sakhir,Aero_Loss,0.00047821866
2023_Sakhir,DRS_Fraction,7.772349e-05
2023_Sakhir,Traction_1_5,0.000114780494
2023_Sakhir,Asphalt_Grip_1_5,0.0
2023_Sakhir,Asphalt_Abrasion_1_5,0.023896337
2023_Sakhir,Track_Evolution_1_5,2.792067e-05
2023_Sakhir,Tyre_Stress_1_5,8.984736e-06
2023_Sakhir,Braking_1_5,0.0011647553
2023_Sakhir,Lateral_1_5,0.0
2023_Sakhir,Downforce_1_5,4.753256e-05
2023_Sakhir,Min_Pressure_Front_PSI,0.0043350477
2023_Sakhir,Min_Pressure_Rear_PSI,0.001978725
2023_Sakhir,Circuit_Length_KM,0.00012925614
2023_Sakhir,Compound_Int,0.00042604894
2023_Sakhir,Wear_Severity_Index,0.00061277294
2023_Sakhir,Track_Flow_Type,0.0006014349
2023_Sakhir,Grip_Aero_Balance,0.0
2023_Sakhir,Total_Min_Pressure,0.0014813088
2023_Sakhir,Pressure_Delta,8.2961255e-05
2023_Sakhir,Prev_LapTime,0.0015835556
2023_Sakhir,Lag_2,0.0003330463
2023_Sakhir,Rolling_Avg_3,0.0019705975
2023_Sakhir,Prev_Delta,0.08083085
2023_Sakhir,Driver_Encoded,0.00013767142
2023_Sakhir,Location_Encoded,0.00020416292
2023_Sakhir,Team_Encoded,4.666172e-05
2023_Sakhir,Mean_Apex_Speed_Ratio,0.00019286852
2023_Sakhir,Std_Apex_Speed_Ratio,0.00030503812
2023_Sakhir,Mean_Brake_Fraction,0.00052373274
2023_Sakhir,Std_Brake_Fraction,0.00015861011
2023_Sakhir,Mean_Brake_Point_Norm,0.0005483571
2023_Sakhir,Std_Brake_Point_Norm,0.00015870426
2023_Sakhir,Mean_Throttle_On_Dist_Norm,0.00010796973
2023_Sakhir,Std_Throttle_On_Dist_Norm,0.0004847248
2023_Sakhir,Mean_Throttle_Integral_Norm,0.00013411483
2023_Sakhir,Std_Throttle_Integral_Norm,0.00031549245
2023_Sakhir,Mean_Speed_Variability,0.00035004597
2023_Sakhir,Std_Speed_Variability,0.00027476656
2023_Sakhir,P_0,0.00037365739
2023_Sakhir,P_1,0.0016360213
2023_Sakhir,P_2,0.00032597702
2023_Sakhir,Style_Cluster_ID,0.0
2023_Sakhir,Style_Entropy,0.0006312536
2023_Sakhir,Year,0.0
2023_Sakhir,Tyre_Compound_Interaction,0.00048808742
2023_Jeddah,LapNumber,0.0017996867
2023_Jeddah,Stint,0.0001539007
2023_Jeddah,TyreLife,0.0008899614
2023_Jeddah,Position,0.018138368
2023_Jeddah,AirTemp,0.0007424841
2023_Jeddah,Humidity,0.001463268
2023_Jeddah,Pressure,0.00017583938
2023_Jeddah,TrackTemp,0.00034880682
2023_Jeddah,WindDirection,0.00041016896
2023_Jeddah,WindSpeed,0.0002298143
2023_Jeddah,FuelLoad,0.0075971587
2023_Jeddah,Track_Evolution,0.0012300204
2023_Jeddah,Cumulative_Field_Dist_KM,0.014356634
2023_Jeddah,Lap_Damage,0.0038786442
2023_Jeddah,LatOffset_Mean,0.00010064796
2023_Jeddah,Accumulated_Tyre_Wear,0.00041465613
2023_Jeddah,LatOffset_Std,0.00016910465
2023_Jeddah,Energy_Lap,0.0011691379
2023_Jeddah,Gap_To_Car_Ahead,0.0004928167
2023_Jeddah,Dirty_Air_Fraction,3.5218734e-05
2023_Jeddah,Aero_Loss,0.00042790297
2023_Jeddah,DRS_Fraction,0.0002707775
2023_Jeddah,Traction_1_5,0.0008860838
2023_Jeddah,Asphalt_Grip_1_5,0.0
2023_Jeddah,Asphalt_Abrasion_1_5,0.012154046
2023_Jeddah,Track_Evolution_1_5,0.0
2023_Jeddah,Tyre_Stress_1_5,0.0
2023_Jeddah,Braking_1_5,7.91539e-05
2023_Jeddah,Lateral_1_5,4.2019252e-05
2023_Jeddah,Downforce_1_5,0.00014219481
2023_Jeddah,Min_Pressure_Front_PSI,0.0036208543
2023_Jeddah,Min_Pressure_Rear_PSI,9.330246e-06
2023_Jeddah,Circuit_Length_KM,0.00014628838
2023_Jeddah,Compound_Int,0.0004773115
2023_Jeddah,Wear_Severity_Index,0.0022534262
2023_Jeddah,Track_Flow_Type,0.0013266772
2023_Jeddah,Grip_Aero_Balance,0.00014478868
2023_Jeddah,Total_Min_Pressure,0.0001229995
2023_Jeddah,Pressure_Delta,0.0
2023_Jeddah,Prev_LapTime,0.0019929158
2023_Jeddah,Lag_2,0.0001632168
2023_Jeddah,Rolling_Avg_3,0.00093797257
2023_Jeddah,Prev_Delta,0.088404134
2023_Jeddah,Driver_Encoded,0.00023796703
2023_Jeddah,Location_Encoded,0.00014361738
2023_Jeddah,Team_Encoded,3.9892686e-05
2023_Jeddah,Mean_Apex_Speed_Ratio,0.0007134102
2023_Jeddah,Std_Apex_Speed_Ratio,0.00013316324
2023_Jeddah,Mean_Brake_Fraction,0.0005162927
2023_Jeddah,Std_Brake_Fraction,0.00012704794
2023_Jeddah,Mean_Brake_Point_Norm,0.00050169247
2023_Jeddah,Std_Brake_Point_Norm,9.7591095e-05
2023_Jeddah,Mean_Throttle_On_Dist_Norm,0.00047148418
2023_Jeddah,Std_Throttle_On_Dist_Norm,0.0003119157
2023_Jeddah,Mean_Throttle_Integral_Norm,9.4999166e-05
2023_Jeddah,Std_Throttle_Integral_Norm,0.00038911522
2023_Jeddah,Mean_Speed_Variability,0.00017031429
2023_Jeddah,Std_Speed_Variability,6.406995e-05
2023_Jeddah,P_0,0.00037147454
2023_Jeddah,P_1,0.0006968428
2023_Jeddah,P_2,0.00024202304
2023_Jeddah,Style_Cluster_ID,0.0
2023_Jeddah,Style_Entropy,0.00040666893
2023_Jeddah,Year,0.0
2023_Jeddah,Tyre_Compound_Interaction,0.00021968993
2023_Melbourne,LapNumber,0.0027445578
2023_Melbourne,Stint,0.00058023277
2023_Melbourne,TyreLife,0.0008170882
2023_Melbourne,Position,0.014460504
2023_Melbourne,AirTemp,0.0015069732
2023_Melbourne,Humidity,0.0018206501
2023_Melbourne,Pressure,0.00026352576
2023_Melbourne,TrackTemp,0.00025481218
2023_Melbourne,WindDirection,0.00049631426
2023_Melbourne,WindSpeed,0.0001258908
2023_Melbourne,FuelLoad,0.0029410631
2023_Melbourne,Track_Evolution,0.00071816624
2023_Melbourne,Cumulative_Field_Dist_KM,0.0047506057
2023_Melbourne,Lap_Damage,0.0045021526
2023_Melbourne,LatOffset_Mean,0.0001360007
2023_Melbourne,Accumulated_Tyre_Wear,0.00016896015
2023_Melbourne,LatOffset_Std,0.00033517435
2023_Melbourne,Energy_Lap,8.9619214e-05
2023_Melbourne,Gap_To_Car_Ahead,0.00017403308
2023_Melbourne,Dirty_Air_Fraction,0.00018463038
2023_Melbourne,Aero_Loss,0.0005038696
2023_Melbourne,DRS_Fraction,0.000116837786
2023_Melbourne,Traction_1_5,0.005886667
2023_Melbourne,Asphalt_Grip_1_5,2.0157986e-05
2023_Melbourne,Asphalt_Abrasion_1_5,0.010798914
2023_Melbourne,Track_Evolution_1_5,0.0
2023_Melbourne,Tyre_Stress_1_5,2.8637813e-05
2023_Melbourne,Braking_1_5,0.00030784373
2023_Melbourne,Lateral_1_5,0.0
2023_Melbourne,Downforce_1_5,0.0003135489
2023_Melbourne,Min_Pressure_Front_PSI,1.8494471e-05
2023_Melbourne,Min_Pressure_Rear_PSI,0.0
2023_Melbourne,Circuit_Length_KM,9.055072e-05
2023_Melbourne,Compound_Int,0.00055954343
2023_Melbourne,Wear_Severity_Index,0.002315007
2023_Melbourne,Track_Flow_Type,0.005566204
2023_Melbourne,Grip_Aero_Balance,0.00011312046
2023_Melbourne,Total_Min_Pressure,0.00039317724
2023_Melbourne,Pressure_Delta,4.5909266e-05
2023_Melbourne,Prev_LapTime,0.003914979
2023_Melbourne,Lag_2,0.00012082346
2023_Melbourne,Rolling_Avg_3,0.00086711074
2023_Melbourne,Prev_Delta,0.09270769
2023_Melbourne,Driver_Encoded,0.00023814118
2023_Melbourne,Location_Encoded,2.189268e-05
2023_Melbourne,Team_Encoded,3.8324262e-05
2023_Melbourne,Mean_Apex_Speed_Ratio,0.00090967113
2023_Melbourne,Std_Apex_Speed_Ratio,0.00010777011
2023_Melbourne,Mean_Brake_Fraction,0.00065109675
2023_Melbourne,Std_Brake_Fraction,7.6333e-05
2023_Melbourne,Mean_Brake_Point_Norm,0.00024407469
2023_Melbourne,Std_Brake_Point_Norm,0.00030655638
2023_Melbourne,Mean_Throttle_On_Dist_Norm,0.0005761266
2023_Melbourne,Std_Throttle_On_Dist_Norm,0.0011073025
2023_Melbourne,Mean_Throttle_Integral_Norm,0.00011180188
2023_Melbourne,Std_Throttle_Integral_Norm,0.00049413746
2023_Melbourne,Mean_Speed_Variability,0.0005634034
2023_Melbourne,Std_Speed_Variability,0.00045840125
2023_Melbourne,P_0,0.00032237647
2023_Melbourne,P_1,0.0005633187
2023_Melbourne,P_2,0.00071881845
2023_Melbourne,Style_Cluster_ID,0.0
2023_Melbourne,Style_Entropy,5.0892486e-05
2023_Melbourne,Year,0.0
2023_Melbourne,Tyre_Compound_Interaction,0.0003297623
2023_Baku,LapNumber,0.0023742241
2023_Baku,Stint,0.00057245954
2023_Baku,TyreLife,0.00085479795
2023_Baku,Position,0.017048158
2023_Baku,AirTemp,0.00032667036
2023_Baku,Humidity,0.0013069937
2023_Baku,Pressure,0.00032347106
2023_Baku,TrackTemp,0.00033580628
2023_Baku,WindDirection,0.00024577952
2023_Baku,WindSpeed,0.00021323486
2023_Baku,FuelLoad,0.003361549
2023_Baku,Track_Evolution,0.0008307302
2023_Baku,Cumulative_Field_Dist_KM,0.0072258012
2023_Baku,Lap_Damage,0.004807079
2023_Baku,LatOffset_Mean,7.569737e-05
2023_Baku,Accumulated_Tyre_Wear,0.00042864916
2023_Baku,LatOffset_Std,0.00033174604
2023_Baku,Energy_Lap,0.00021493135
2023_Baku,Gap_To_Car_Ahead,0.00025231054
2023_Baku,Dirty_Air_Fraction,3.8576116e-05
2023_Baku,Aero_Loss,0.0003631235
2023_Baku,DRS_Fraction,6.331478e-05
2023_Baku,Traction_1_5,0.0015143394
2023_Baku,Asphalt_Grip_1_5,0.00035646989
2023_Baku,Asphalt_Abrasion_1_5,0.011584073
2023_Baku,Track_Evolution_1_5,0.0
2023_Baku,Tyre_Stress_1_5,0.0
2023_Baku,Braking_1_5,0.0011045244
2023_Baku,Lateral_1_5,0.00010954799
2023_Baku,Downforce_1_5,0.00046126853
2023_Baku,Min_Pressure_Front_PSI,4.2905012e-05
2023_Baku,Min_Pressure_Rear_PSI,3.612393e-05
2023_Baku,Circuit_Length_KM,3.8132384e-05
2023_Baku,Compound_Int,0.0007282579
2023_Baku,Wear_Severity_Index,0.0023465538
2023_Baku,Track_Flow_Type,0.0021708084
2023_Baku,Grip_Aero_Balance,0.00015032038
2023_Baku,Total_Min_Pressure,0.00062043103
2023_Baku,Pressure_Delta,4.95495e-05
2023_Baku,Prev_LapTime,0.0006380683
2023_Baku,Lag_2,0.00015499315
2023_Baku,Rolling_Avg_3,0.00059432344
2023_Baku,Prev_Delta,0.07855886
2023_Baku,Driver_Encoded,0.00023559635
2023_Baku,Location_Encoded,1.6334507e-05
2023_Baku,Team_Encoded,3.0396932e-05
2023_Baku,Mean_Apex_Speed_Ratio,0.00035383215
2023_Baku,Std_Apex_Speed_Ratio,7.081966e-05
2023_Baku,Mean_Brake_Fraction,0.00046400365
2023_Baku,Std_Brake_Fraction,5.082994e-05
2023_Baku,Mean_Brake_Point_Norm,6.145937e-05
2023_Baku,Std_Brake_Point_Norm,5.3872205e-05
2023_Baku,Mean_Throttle_On_Dist_Norm,0.00022414511
2023_Baku,Std_Throttle_On_Dist_Norm,0.00042480946
2023_Baku,Mean_Throttle_Integral_Norm,0.00010440085
2023_Baku,Std_Throttle_Integral_Norm,0.00019836426
2023_Baku,Mean_Speed_Variability,0.00021313869
2023_Baku,Std_Speed_Variability,0.00018189034
2023_Baku,P_0,0.00010727865
2023_Baku,P_1,0.00047552594
2023_Baku,P_2,0.0003942785
2023_Baku,Style_Cluster_ID,0.0
2023_Baku,Style_Entropy,8.3207684e-05
2023_Baku,Year,0.0
2023_Baku,Tyre_Compound_Interaction,0.00029766178
2023_Miami,LapNumber,0.005030109
2023_Miami,Stint,0.00081711536
2023_Miami,TyreLife,0.0008617568
2023_Miami,Position,0.020932786
2023_Miami,AirTemp,0.00043006818
2023_Miami,Humidity,0.004784775
2023_Miami,Pressure,0.0011502511
2023_Miami,TrackTemp,0.00024409816
2023_Miami,WindDirection,0.00047723282
2023_Miami,WindSpeed,0.00026794965
2023_Miami,FuelLoad,0.00834285
2023_Miami,Track_Evolution,0.0011415858
2023_Miami,Cumulative_Field_Dist_KM,0.008229821
2023_Miami,Lap_Damage,0.0065023266
2023_Miami,LatOffset_Mean,0.00024044435
2023_Miami,Accumulated_Tyre_Wear,0.00045184788
2023_Miami,LatOffset_Std,0.0001576266
2023_Miami,Energy_Lap,0.00026676906
2023_Miami,Gap_To_Car_Ahead,0.00035916019
2023_Miami,Dirty_Air_Fraction,0.000108035056
2023_Miami,Aero_Loss,0.00032911912
2023_Miami,DRS_Fraction,0.00017689628
2023_Miami,Traction_1_5,0.0010380802
2023_Miami,Asphalt_Grip_1_5,2.6536438e-05
2023_Miami,Asphalt_Abrasion_1_5,0.0099999225
2023_Miami,Track_Evolution_1_5,0.0
2023_Miami,Tyre_Stress_1_5,0.0
2023_Miami,Braking_1_5,0.0001345124
2023_Miami,Lateral_1_5,3.3315344e-05
2023_Miami,Downforce_1_5,0.000811658
2023_Miami,Min_Pressure_Front_PSI,2.6502628e-05
2023_Miami,Min_Pressure_Rear_PSI,2.1209858e-05
2023_Miami,Circuit_Length_KM,4.6845875e-05
2023_Miami,Compound_Int,0.0005908124
2023_Miami,Wear_Severity_Index,0.0030312669
2023_Miami,Track_Flow_Type,0.0013293944
2023_Miami,Grip_Aero_Balance,7.843815e-05
2023_Miami,Total_Min_Pressure,0.0003871933
2023_Miami,Pressure_Delta,5.5426943e-05
2023_Miami,Prev_LapTime,0.0011701324
2023_Miami,Lag_2,0.00016503017
2023_Miami,Rolling_Avg_3,0.0009885089
2023_Miami,Prev_Delta,0.08976588
2023_Miami,Driver_Encoded,0.00014237086
2023_Miami,Location_Encoded,0.00022784721
2023_Miami,Team_Encoded,2.2325808e-05
2023_Miami,Mean_Apex_Speed_Ratio,0.00027445846
2023_Miami,Std_Apex_Speed_Ratio,0.00018647643
2023_Miami,Mean_Brake_Fraction,0.001015979
2023_Miami,Std_Brake_Fraction,0.0003527241
2023_Miami,Mean_Brake_Point_Norm,2.4093373e-05
2023_Miami,Std_Brake_Point_Norm,7.912034e-05
2023_Miami,Mean_Throttle_On_Dist_Norm,0.00058568
2023_Miami,Std_Throttle_On_Dist_Norm,0.00050431455
2023_Miami,Mean_Throttle_Integral_Norm,0.00016080291
2023_Miami,Std_Throttle_Integral_Norm,0.00013000745
2023_Miami,Mean_Speed_Variability,0.00023481369
2023_Miami,Std_Speed_Variability,0.00025007635
2023_Miami,P_0,4.4613345e-05
2023_Miami,P_1,0.0005302875
2023_Miami,P_2,0.00028083764
2023_Miami,Style_Cluster_ID,0.0
2023_Miami,Style_Entropy,8.8746936e-05
2023_Miami,Year,0.0
2023_Miami,Tyre_Compound_Interaction,0.0001366575
2023_Monaco,LapNumber,0.0032466894
2023_Monaco,Stint,0.0017257957
2023_Monaco,TyreLife,0.00095668057
2023_Monaco,Position,0.0163664
2023_Monaco,AirTemp,0.00072063744
2023_Monaco,Humidity,0.0021774487
2023_Monaco,Pressure,0.0005746872
2023_Monaco,TrackTemp,0.0001651248
2023_Monaco,WindDirection,0.00018148591
2023_Monaco,WindSpeed,0.00020812756
2023_Monaco,FuelLoad,0.0009818029
2023_Monaco,Track_Evolution,0.00029573555
2023_Monaco,Cumulative_Field_Dist_KM,0.0046672286
2023_Monaco,Lap_Damage,0.00644183
2023_Monaco,LatOffset_Mean,0.00010206762
2023_Monaco,Accumulated_Tyre_Wear,0.0009235838
2023_Monaco,LatOffset_Std,0.0008048788
2023_Monaco,Energy_Lap,0.0023275972
2023_Monaco,Gap_To_Car_Ahead,0.00060857116
2023_Monaco,Dirty_Air_Fraction,0.00024786472
2023_Monaco,Aero_Loss,0.00038873364
2023_Monaco,DRS_Fraction,8.105022e-05
2023_Monaco,Traction_1_5,0.00038000953
2023_Monaco,Asphalt_Grip_1_5,9.440036e-05
2023_Monaco,Asphalt_Abrasion_1_5,0.009269275
2023_Monaco,Track_Evolution_1_5,0.0
2023_Monaco,Tyre_Stress_1_5,0.0
2023_Monaco,Braking_1_5,0.0003726749
2023_Monaco,Lateral_1_5,3.780613e-05
2023_Monaco,Downforce_1_5,0.0008665051
2023_Monaco,Min_Pressure_Front_PSI,9.74688e-05
2023_Monaco,Min_Pressure_Rear_PSI,8.911327e-06
2023_Monaco,Circuit_Length_KM,5.7801157e-05
2023_Monaco,Compound_Int,0.0025505733
2023_Monaco,Wear_Severity_Index,0.0040840013
2023_Monaco,Track_Flow_Type,0.00023259342
2023_Monaco,Grip_Aero_Balance,0.00018675832
2023_Monaco,Total_Min_Pressure,0.0030740742
2023_Monaco,Pressure_Delta,0.0002501057
2023_Monaco,Prev_LapTime,0.0045005474
2023_Monaco,Lag_2,0.00016002571
2023_Monaco,Rolling_Avg_3,0.0011758764
2023_Monaco,Prev_Delta,0.15843056
2023_Monaco,Driver_Encoded,0.001066314
2023_Monaco,Location_Encoded,0.00058218173
2023_Monaco,Team_Encoded,0.0002441841
2023_Monaco,Mean_Apex_Speed_Ratio,0.0010717036
2023_Monaco,Std_Apex_Speed_Ratio,8.964613e-05
2023_Monaco,Mean_Brake_Fraction,0.0007335166
2023_Monaco,Std_Brake_Fraction,0.00014494648
2023_Monaco,Mean_Brake_Point_Norm,7.495454e-05
2023_Monaco,Std_Brake_Point_Norm,0.0003317781
2023_Monaco,Mean_Throttle_On_Dist_Norm,0.0004971846
2023_Monaco,Std_Throttle_On_Dist_Norm,0.0013579421
2023_Monaco,Mean_Throttle_Integral_Norm,0.00056565076
2023_Monaco,Std_Throttle_Integral_Norm,0.0011125543
2023_Monaco,Mean_Speed_Variability,0.0005756691
2023_Monaco,Std_Speed_Variability,0.00020903454
2023_Monaco,P_0,5.8570975e-05
2023_Monaco,P_1,0.00065870857
2023_Monaco,P_2,0.00030416602
2023_Monaco,Style_Cluster_ID,0.0
2023_Monaco,Style_Entropy,5.282572e-05
2023_Monaco,Year,0.0016822489
2023_Monaco,Tyre_Compound_Interaction,0.0019591816
2023_Barcelona,LapNumber,0.023096971
2023_Barcelona,Stint,0.0018289057
2023_Barcelona,TyreLife,0.001954548
2023_Barcelona,Position,0.017703155
2023_Barcelona,AirTemp,0.0009810574
2023_Barcelona,Humidity,0.0075418926
2023_Barcelona,Pressure,0.00058153225
2023_Barcelona,TrackTemp,0.0006512826
2023_Barcelona,WindDirection,0.00011392047
2023_Barcelona,WindSpeed,6.903248e-05
2023_Barcelona,FuelLoad,0.0039192466
2023_Barcelona,Track_Evolution,0.0024048341
2023_Barcelona,Cumulative_Field_Dist_KM,0.009944046
2023_Barcelona,Lap_Damage,0.007539368
2023_Barcelona,LatOffset_Mean,3.3630386e-05
2023_Barcelona,Accumulated_Tyre_Wear,0.00011804943
2023_Barcelona,LatOffset_Std,0.00017096361
2023_Barcelona,Energy_Lap,2.4404562e-05
2023_Barcelona,Gap_To_Car_Ahead,0.0005213696
2023_Barcelona,Dirty_Air_Fraction,0.0
2023_Barcelona,Aero_Loss,0.00031838685
2023_Barcelona,DRS_Fraction,0.0
2023_Barcelona,Traction_1_5,0.00026528965
2023_Barcelona,Asphalt_Grip_1_5,0.0
2023_Barcelona,Asphalt_Abrasion_1_5,0.02134429
2023_Barcelona,Track_Evolution_1_5,0.00020074885
2023_Barcelona,Tyre_Stress_1_5,0.0027848778
2023_Barcelona,Braking_1_5,0.00022449257
2023_Barcelona,Lateral_1_5,0.0
2023_Barcelona,Downforce_1_5,0.00085969217
2023_Barcelona,Min_Pressure_Front_PSI,2.9585932e-05
2023_Barcelona,Min_Pressure_Rear_PSI,2.338814e-05
2023_Barcelona,Circuit_Length_KM,0.0009442491
2023_Barcelona,Compound_Int,0.00048511906
2023_Barcelona,Wear_Severity_Index,0.0047834953
2023_Barcelona,Track_Flow_Type,0.0018308118
2023_Barcelona,Grip_Aero_Balance,8.9200876e-05
2023_Barcelona,Total_Min_Pressure,0.0006458113
2023_Barcelona,Pressure_Delta,3.186833e-05
2023_Barcelona,Prev_LapTime,0.0009725913
2023_Barcelona,Lag_2,0.00032125277
2023_Barcelona,Rolling_Avg_3,0.0006289759
2023_Barcelona,Prev_Delta,0.10977299
2023_Barcelona,Driver_Encoded,4.726422e-06
2023_Barcelona,Location_Encoded,0.0005950035
2023_Barcelona,Team_Encoded,0.0
2023_Barcelona,Mean_Apex_Speed_Ratio,7.968776e-05
2023_Barcelona,Std_Apex_Speed_Ratio,0.00012350224
2023_Barcelona,Mean_Brake_Fraction,8.822951e-05
2023_Barcelona,Std_Brake_Fraction,7.934028e-05
2023_Barcelona,Mean_Brake_Point_Norm,0.0001270854
2023_Barcelona,Std_Brake_Point_Norm,0.00031374284
2023_Barcelona,Mean_Throttle_On_Dist_Norm,0.00014243858
2023_Barcelona,Std_Throttle_On_Dist_Norm,0.000455127
2023_Barcelona,Mean_Throttle_Integral_Norm,0.00020039042
2023_Barcelona,Std_Throttle_Integral_Norm,1.8322264e-05
2023_Barcelona,Mean_Speed_Variability,3.185275e-05
2023_Barcelona,Std_Speed_Variability,0.00014777237
2023_Barcelona,P_0,0.00022744128
2023_Barcelona,P_1,0.0006321727
2023_Barcelona,P_2,0.000120538425
2023_Barcelona,Style_Cluster_ID,0.0
2023_Barcelona,Style_Entropy,7.10311e-05
2023_Barcelona,Year,0.00032864817
2023_Barcelona,Tyre_Compound_Interaction,0.0026355225
2023_Montréal,LapNumber,0.02157729
2023_Montréal,Stint,0.0015296767
2023_Montréal,TyreLife,0.005096649
2023_Montréal,Position,0.015213686
2023_Montréal,AirTemp,0.0015431718
2023_Montréal,Humidity,0.005247167
2023_Montréal,Pressure,0.0004872772
2023_Montréal,TrackTemp,0.0016138792
2023_Montréal,WindDirection,0.00014809435
2023_Montréal,WindSpeed,8.038542e-05
2023_Montréal,FuelLoad,0.0027335063
2023_Montréal,Track_Evolution,0.0028337797
2023_Montréal,Cumulative_Field_Dist_KM,0.0061668144
2023_Montréal,Lap_Damage,0.008395512
2023_Montréal,LatOffset_Mean,0.0001640005
2023_Montréal,Accumulated_Tyre_Wear,0.00040531717
2023_Montréal,LatOffset_Std,2.473093e-05
2023_Montréal,Energy_Lap,0.00022482061
2023_Montréal,Gap_To_Car_Ahead,6.254181e-05
2023_Montréal,Dirty_Air_Fraction,0.0
2023_Montréal,Aero_Loss,0.0
2023_Montréal,DRS_Fraction,0.0
2023_Montréal,Traction_1_5,0.0011448152
2023_Montréal,Asphalt_Grip_1_5,0.0
2023_Montréal,Asphalt_Abrasion_1_5,0.0070222956
2023_Montréal,Track_Evolution_1_5,0.0016233869
2023_Montréal,Tyre_Stress_1_5,0.0024499935
2023_Montréal,Braking_1_5,8.771874e-05
2023_Montréal,Lateral_1_5,0.0
2023_Montréal,Downforce_1_5,0.0025236262
2023_Montréal,Min_Pressure_Front_PSI,2.1500491e-05
2023_Montréal,Min_Pressure_Rear_PSI,0.00014324281
2023_Montréal,Circuit_Length_KM,0.0006623801
2023_Montréal,Compound_Int,0.00074422476
2023_Montréal,Wear_Severity_Index,0.0029831273
2023_Montréal,Track_Flow_Type,0.0001688159
2023_Montréal,Grip_Aero_Balance,3.7102265e-05
2023_Montréal,Total_Min_Pressure,0.0
2023_Montréal,Pressure_Delta,0.0
2023_Montréal,Prev_LapTime,0.0017575766
2023_Montréal,Lag_2,0.0009875939
2023_Montréal,Rolling_Avg_3,0.0013360982
2023_Montréal,Prev_Delta,0.061590385
2023_Montréal,Driver_Encoded,2.36015e-05
2023_Montréal,Location_Encoded,0.00038153262
2023_Montréal,Team_Encoded,0.0
2023_Montréal,Mean_Apex_Speed_Ratio,0.00052267156
2023_Montréal,Std_Apex_Speed_Ratio,3.8909442e-05
2023_Montréal,Mean_Brake_Fraction,2.1401189e-05
2023_Montréal,Std_Brake_Fraction,2.565668e-05
2023_Montréal,Mean_Brake_Point_Norm,8.574894e-05
2023_Montréal,Std_Brake_Point_Norm,2.0950243e-05
2023_Montréal,Mean_Throttle_On_Dist_Norm,1.7495084e-05
2023_Montréal,Std_Throttle_On_Dist_Norm,9.29297e-05
2023_Montréal,Mean_Throttle_Integral_Norm,0.00013309561
2023_Montréal,Std_Throttle_Integral_Norm,7.836551e-05
2023_Montréal,Mean_Speed_Variability,0.00041362614
2023_Montréal,Std_Speed_Variability,2.1298723e-05
2023_Montréal,P_0,6.099328e-05
2023_Montréal,P_1,0.0001416101
2023_Montréal,P_2,0.0
2023_Montréal,Style_Cluster_ID,0.0
2023_Montréal,Style_Entropy,0.00021119889
2023_Montréal,Year,5.842015e-05
2023_Montréal,Tyre_Compound_Interaction,0.005043483
2023_Spielberg,LapNumber,0.015811188
2023_Spielberg,Stint,0.0014425388
2023_Spielberg,TyreLife,0.0016804871
2023_Spielberg,Position,0.01914024
2023_Spielberg,AirTemp,0.0005010219
2023_Spielberg,Humidity,0.007747067
2023_Spielberg,Pressure,0.000558198
2023_Spielberg,TrackTemp,0.0002526236
2023_Spielberg,WindDirection,0.00012871588
2023_Spielberg,WindSpeed,6.8529866e-05
2023_Spielberg,FuelLoad,0.005456975
2023_Spielberg,Track_Evolution,0.0026126734
2023_Spielberg,Cumulative_Field_Dist_KM,0.0056481618
2023_Spielberg,Lap_Damage,0.0056373514
2023_Spielberg,LatOffset_Mean,9.017172e-05
2023_Spielberg,Accumulated_Tyre_Wear,0.00015996491
2023_Spielberg,LatOffset_Std,7.353303e-05
2023_Spielberg,Energy_Lap,0.00015002952
2023_Spielberg,Gap_To_Car_Ahead,9.695884e-05
2023_Spielberg,Dirty_Air_Fraction,0.0
2023_Spielberg,Aero_Loss,3.7521884e-06
2023_Spielberg,DRS_Fraction,6.307566e-06
2023_Spielberg,Traction_1_5,0.0005274062
2023_Spielberg,Asphalt_Grip_1_5,0.0
2023_Spielberg,Asphalt_Abrasion_1_5,0.015310122
2023_Spielberg,Track_Evolution_1_5,0.00044260648
2023_Spielberg,Tyre_Stress_1_5,0.002040769
2023_Spielberg,Braking_1_5,0.00026628366
2023_Spielberg,Lateral_1_5,0.0
2023_Spielberg,Downforce_1_5,0.00097022846
2023_Spielberg,Min_Pressure_Front_PSI,0.0
2023_Spielberg,Min_Pressure_Rear_PSI,0.000113028196
2023_Spielberg,Circuit_Length_KM,0.0009184501
2023_Spielberg,Compound_Int,0.0011449242
2023_Spielberg,Wear_Severity_Index,0.002781868
2023_Spielberg,Track_Flow_Type,0.00011961338
2023_Spielberg,Grip_Aero_Balance,6.579599e-05
2023_Spielberg,Total_Min_Pressure,4.1757987e-05
2023_Spielberg,Pressure_Delta,0.0
2023_Spielberg,Prev_LapTime,0.0038971212
2023_Spielberg,Lag_2,0.0013591223
2023_Spielberg,Rolling_Avg_3,0.0008045005
2023_Spielberg,Prev_Delta,0.10049159
2023_Spielberg,Driver_Encoded,7.2809516e-06
2023_Spielberg,Location_Encoded,0.0012465185
2023_Spielberg,Team_Encoded,0.0
2023_Spielberg,Mean_Apex_Speed_Ratio,5.6671597e-05
2023_Spielberg,Std_Apex_Speed_Ratio,3.4086686e-05
2023_Spielberg,Mean_Brake_Fraction,0.00017743533
2023_Spielberg,Std_Brake_Fraction,0.00025366145
2023_Spielberg,Mean_Brake_Point_Norm,1.43286225e-05
2023_Spielberg,Std_Brake_Point_Norm,4.2549313e-05
2023_Spielberg,Mean_Throttle_On_Dist_Norm,7.5570446e-05
2023_Spielberg,Std_Throttle_On_Dist_Norm,0.00026862446
2023_Spielberg,Mean_Throttle_Integral_Norm,1.2168737e-05
2023_Spielberg,Std_Throttle_Integral_Norm,3.1194508e-05
2023_Spielberg,Mean_Speed_Variability,2.1407579e-05
2023_Spielberg,Std_Speed_Variability,2.5118246e-05
2023_Spielberg,P_0,7.151633e-05
2023_Spielberg,P_1,0.00011003043
2023_Spielberg,P_2,5.1647535e-06
2023_Spielberg,Style_Cluster_ID,3.0051401e-06
2023_Spielberg,Style_Entropy,0.0001612828
2023_Spielberg,Year,0.0004019333
2023_Spielberg,Tyre_Compound_Interaction,0.0023522873
2023_Silverstone,LapNumber,0.014167987
2023_Silverstone,Stint,0.00034280788
2023_Silverstone,TyreLife,0.0013435936
2023_Silverstone,Position,0.01798565
2023_Silverstone,AirTemp,0.0012787479
2023_Silverstone,Humidity,0.0059172832
2023_Silverstone,Pressure,0.00054204464
2023_Silverstone,TrackTemp,0.00032388468
2023_Silverstone,WindDirection,8.33543e-05
2023_Silverstone,WindSpeed,7.3570554e-05
2023_Silverstone,FuelLoad,0.0024239128
2023_Silverstone,Track_Evolution,0.00045543857
2023_Silverstone,Cumulative_Field_Dist_KM,0.007325589
2023_Silverstone,Lap_Damage,0.005327299
2023_Silverstone,LatOffset_Mean,8.319059e-06
2023_Silverstone,Accumulated_Tyre_Wear,0.00015093767
2023_Silverstone,LatOffset_Std,4.0004226e-05
2023_Silverstone,Energy_Lap,0.00025493393
2023_Silverstone,Gap_To_Car_Ahead,6.7755085e-05
2023_Silverstone,Dirty_Air_Fraction,0.0
2023_Silverstone,Aero_Loss,4.8571223e-05
2023_Silverstone,DRS_Fraction,7.867306e-06
2023_Silverstone,Traction_1_5,0.00023432517
2023_Silverstone,Asphalt_Grip_1_5,1.3617255e-05
2023_Silverstone,Asphalt_Abrasion_1_5,0.007511838
2023_Silverstone,Track_Evolution_1_5,0.00010017183
2023_Silverstone,Tyre_Stress_1_5,0.0014697446
2023_Silverstone,Braking_1_5,2.139776e-05
2023_Silverstone,Lateral_1_5,0.0
2023_Silverstone,Downforce_1_5,0.0007976579
2023_Silverstone,Min_Pressure_Front_PSI,3.953205e-05
2023_Silverstone,Min_Pressure_Rear_PSI,0.00010110121
2023_Silverstone,Circuit_Length_KM,0.0006838699
2023_Silverstone,Compound_Int,0.0004195071
2023_Silverstone,Wear_Severity_Index,0.004331822
2023_Silverstone,Track_Flow_Type,0.0
2023_Silverstone,Grip_Aero_Balance,3.529285e-05
2023_Silverstone,Total_Min_Pressure,0.00016593905
2023_Silverstone,Pressure_Delta,2.041435e-05
2023_Silverstone,Prev_LapTime,0.0009094493
2023_Silverstone,Lag_2,0.00020100089
2023_Silverstone,Rolling_Avg_3,0.0005611669
2023_Silverstone,Prev_Delta,0.07558545
2023_Silverstone,Driver_Encoded,0.0
2023_Silverstone,Location_Encoded,0.0007496266
2023_Silverstone,Team_Encoded,0.0
2023_Silverstone,Mean_Apex_Speed_Ratio,4.916914e-05
2023_Silverstone,Std_Apex_Speed_Ratio,2.0486726e-05
2023_Silverstone,Mean_Brake_Fraction,2.4255001e-05
2023_Silverstone,Std_Brake_Fraction,6.92287e-05
2023_Silverstone,Mean_Brake_Point_Norm,2.2190883e-05
2023_Silverstone,Std_Brake_Point_Norm,4.5704173e-06
2023_Silverstone,Mean_Throttle_On_Dist_Norm,2.4004155e-05
2023_Silverstone,Std_Throttle_On_Dist_Norm,9.039103e-05
2023_Silverstone,Mean_Throttle_Integral_Norm,3.5620287e-05
2023_Silverstone,Std_Throttle_Integral_Norm,2.1996102e-05
2023_Silverstone,Mean_Speed_Variability,1.4837506e-05
2023_Silverstone,Std_Speed_Variability,2.9524264e-05
2023_Silverstone,P_0,0.000112424364
2023_Silverstone,P_1,0.00014952991
2023_Silverstone,P_2,2.3311868e-06
2023_Silverstone,Style_Cluster_ID,2.7968185e-06
2023_Silverstone,Style_Entropy,0.00017810619
2023_Silverstone,Year,0.00031261955
2023_Silverstone,Tyre_Compound_Interaction,0.0021146485
2023_Budapest,LapNumber,0.018896803
2023_Budapest,Stint,0.00090736465
2023_Budapest,TyreLife,0.0015752811
2023_Budapest,Position,0.014114498
2023_Budapest,AirTemp,0.00027116772
2023_Budapest,Humidity,0.009402414
2023_Budapest,Pressure,0.000986431
2023_Budapest,TrackTemp,0.0013710494
2023_Budapest,WindDirection,8.219767e-05
2023_Budapest,WindSpeed,3.881127e-05
2023_Budapest,FuelLoad,0.002372807
2023_Budapest,Track_Evolution,0.0014293549
2023_Budapest,Cumulative_Field_Dist_KM,0.00524866
2023_Budapest,Lap_Damage,0.0058651734
2023_Budapest,LatOffset_Mean,4.5678273e-05
2023_Budapest,Accumulated_Tyre_Wear,0.00012255213
2023_Budapest,LatOffset_Std,1.1508944e-05
2023_Budapest,Energy_Lap,0.00010072095
2023_Budapest,Gap_To_Car_Ahead,7.3895346e-05
2023_Budapest,Dirty_Air_Fraction,0.0
2023_Budapest,Aero_Loss,0.00016021449
2023_Budapest,DRS_Fraction,7.2770345e-06
2023_Budapest,Traction_1_5,8.028506e-05
2023_Budapest,Asphalt_Grip_1_5,1.2805769e-05
2023_Budapest,Asphalt_Abrasion_1_5,0.008810442
2023_Budapest,Track_Evolution_1_5,0.00020582747
2023_Budapest,Tyre_Stress_1_5,0.0017553124
2023_Budapest,Braking_1_5,6.983641e-05
2023_Budapest,Lateral_1_5,0.0
2023_Budapest,Downforce_1_5,0.0007498817
2023_Budapest,Min_Pressure_Front_PSI,3.4895573e-05
2023_Budapest,Min_Pressure_Rear_PSI,0.00094050466
2023_Budapest,Circuit_Length_KM,0.0006141684
2023_Budapest,Compound_Int,0.00067544734
2023_Budapest,Wear_Severity_Index,0.0019233179
2023_Budapest,Track_Flow_Type,0.0
2023_Budapest,Grip_Aero_Balance,4.2977492e-05
2023_Budapest,Total_Min_Pressure,0.0
2023_Budapest,Pressure_Delta,4.6838835e-05
2023_Budapest,Prev_LapTime,0.0012251716
2023_Budapest,Lag_2,2.7887156e-05
2023_Budapest,Rolling_Avg_3,0.0005356956
2023_Budapest,Prev_Delta,0.09001048
2023_Budapest,Driver_Encoded,9.442885e-05
2023_Budapest,Location_Encoded,0.00011894929
2023_Budapest,Team_Encoded,0.0
2023_Budapest,Mean_Apex_Speed_Ratio,6.7547175e-05
2023_Budapest,Std_Apex_Speed_Ratio,5.624873e-05
2023_Budapest,Mean_Brake_Fraction,8.331489e-05
2023_Budapest,Std_Brake_Fraction,0.00018091087
2023_Budapest,Mean_Brake_Point_Norm,6.1508814e-05
2023_Budapest,Std_Brake_Point_Norm,6.1843486e-05
2023_Budapest,Mean_Throttle_On_Dist_Norm,0.000102461185
2023_Budapest,Std_Throttle_On_Dist_Norm,7.231003e-05
2023_Budapest,Mean_Throttle_Integral_Norm,3.583388e-05
2023_Budapest,Std_Throttle_Integral_Norm,3.8983228e-05
2023_Budapest,Mean_Speed_Variability,2.7693924e-05
2023_Budapest,Std_Speed_Variability,0.0007681597
2023_Budapest,P_0,5.4222037e-05
2023_Budapest,P_1,0.00015304092
2023_Budapest,P_2,8.949764e-06
2023_Budapest,Style_Cluster_ID,0.0
2023_Budapest,Style_Entropy,4.053124e-05
2023_Budapest,Year,0.00059853646
2023_Budapest,Tyre_Compound_Interaction,0.0027826426
2023_Spa-Francorchamps,LapNumber,0.015371697
2023_Spa-Francorchamps,Stint,0.0006391513
2023_Spa-Francorchamps,TyreLife,0.0009937696
2023_Spa-Francorchamps,Position,0.013188108
2023_Spa-Francorchamps,AirTemp,0.0021965965
2023_Spa-Francorchamps,Humidity,0.015459356
2023_Spa-Francorchamps,Pressure,0.0036298414
2023_Spa-Francorchamps,TrackTemp,0.00031387756
2023_Spa-Francorchamps,WindDirection,0.00019379907
2023_Spa-Francorchamps,WindSpeed,3.3594428e-05
2023_Spa-Francorchamps,FuelLoad,0.0031663473
2023_Spa-Francorchamps,Track_Evolution,0.003142755
2023_Spa-Francorchamps,Cumulative_Field_Dist_KM,0.01722488
2023_Spa-Francorchamps,Lap_Damage,0.04424734
2023_Spa-Francorchamps,LatOffset_Mean,9.008362e-05
2023_Spa-Francorchamps,Accumulated_Tyre_Wear,0.0002027368
2023_Spa-Francorchamps,LatOffset_Std,4.8781538e-05
2023_Spa-Francorchamps,Energy_Lap,0.004185819
2023_Spa-Francorchamps,Gap_To_Car_Ahead,3.0668296e-05
2023_Spa-Francorchamps,Dirty_Air_Fraction,0.00013210047
2023_Spa-Francorchamps,Aero_Loss,0.000112719215
2023_Spa-Francorchamps,DRS_Fraction,0.00013337527
2023_Spa-Francorchamps,Traction_1_5,9.379604e-05
2023_Spa-Francorchamps,Asphalt_Grip_1_5,0.0
2023_Spa-Francorchamps,Asphalt_Abrasion_1_5,0.040523637
2023_Spa-Francorchamps,Track_Evolution_1_5,5.9261834e-05
2023_Spa-Francorchamps,Tyre_Stress_1_5,0.0011821417
2023_Spa-Francorchamps,Braking_1_5,0.0008552658
2023_Spa-Francorchamps,Lateral_1_5,0.00017976345
2023_Spa-Francorchamps,Downforce_1_5,0.0005311746
2023_Spa-Francorchamps,Min_Pressure_Front_PSI,1.7796081e-05
2023_Spa-Francorchamps,Min_Pressure_Rear_PSI,7.989442e-05
2023_Spa-Francorchamps,Circuit_Length_KM,0.0031172235
2023_Spa-Francorchamps,Compound_Int,0.00037181933
2023_Spa-Francorchamps,Wear_Severity_Index,0.0034858107
2023_Spa-Francorchamps,Track_Flow_Type,0.0
2023_Spa-Francorchamps,Grip_Aero_Balance,6.045699e-05
2023_Spa-Francorchamps,Total_Min_Pressure,2.247118e-05
2023_Spa-Francorchamps,Pressure_Delta,0.00014449822
2023_Spa-Francorchamps,Prev_LapTime,0.04038647
2023_Spa-Francorchamps,Lag_2,0.0011501118
2023_Spa-Francorchamps,Rolling_Avg_3,0.038925502
2023_Spa-Francorchamps,Prev_Delta,0.121501975
2023_Spa-Francorchamps,Driver_Encoded,5.0656756e-05
2023_Spa-Francorchamps,Location_Encoded,0.0010526932
2023_Spa-Francorchamps,Team_Encoded,0.0
2023_Spa-Francorchamps,Mean_Apex_Speed_Ratio,0.00014136125
2023_Spa-Francorchamps,Std_Apex_Speed_Ratio,0.003167449
2023_Spa-Francorchamps,Mean_Brake_Fraction,8.5630876e-05
2023_Spa-Francorchamps,Std_Brake_Fraction,4.5703233e-05
2023_Spa-Francorchamps,Mean_Brake_Point_Norm,0.00017083624
2023_Spa-Francorchamps,Std_Brake_Point_Norm,3.1693155e-05
2023_Spa-Francorchamps,Mean_Throttle_On_Dist_Norm,0.00021743303
2023_Spa-Francorchamps,Std_Throttle_On_Dist_Norm,8.1658094e-05
2023_Spa-Francorchamps,Mean_Throttle_Integral_Norm,7.9063284e-05
2023_Spa-Francorchamps,Std_Throttle_Integral_Norm,0.0005030172
2023_Spa-Francorchamps,Mean_Speed_Variability,4.794391e-06
2023_Spa-Francorchamps,Std_Speed_Variability,6.029223e-06
2023_Spa-Francorchamps,P_0,0.00060138054
2023_Spa-Francorchamps,P_1,0.00014734217
2023_Spa-Francorchamps,P_2,0.00013675896
2023_Spa-Francorchamps,Style_Cluster_ID,2.7199544e-06
2023_Spa-Francorchamps,Style_Entropy,0.00015040254
2023_Spa-Francorchamps,Year,0.00033423025
2023_Spa-Francorchamps,Tyre_Compound_Interaction,0.002541575
2023_Monza,LapNumber,0.016450407
2023_Monza,Stint,0.0014070587
2023_Monza,TyreLife,0.0012454872
2023_Monza,Position,0.017411208
2023_Monza,AirTemp,0.00018818771
2023_Monza,Humidity,0.006908034
2023_Monza,Pressure,0.0012347724
2023_Monza,TrackTemp,0.00023242566
2023_Monza,WindDirection,6.5854045e-05
2023_Monza,WindSpeed,7.851837e-05
2023_Monza,FuelLoad,0.0018664986
2023_Monza,Track_Evolution,0.0018959226
2023_Monza,Cumulative_Field_Dist_KM,0.010815606
2023_Monza,Lap_Damage,0.0045849634
2023_Monza,LatOffset_Mean,2.385029e-05
2023_Monza,Accumulated_Tyre_Wear,0.00017751455
2023_Monza,LatOffset_Std,0.00027075678
2023_Monza,Energy_Lap,0.00011466334
2023_Monza,Gap_To_Car_Ahead,8.80304e-05
2023_Monza,Dirty_Air_Fraction,0.0
2023_Monza,Aero_Loss,0.0001433669
2023_Monza,DRS_Fraction,0.0
2023_Monza,Traction_1_5,0.00030769384
2023_Monza,Asphalt_Grip_1_5,1.7431146e-05
2023_Monza,Asphalt_Abrasion_1_5,0.008965083
2023_Monza,Track_Evolution_1_5,3.58424e-05
2023_Monza,Tyre_Stress_1_5,0.0012798172
2023_Monza,Braking_1_5,0.0003198488
2023_Monza,Lateral_1_5,0.0
2023_Monza,Downforce_1_5,0.0012586829
2023_Monza,Min_Pressure_Front_PSI,3.7702805e-05
2023_Monza,Min_Pressure_Rear_PSI,0.00015975356
2023_Monza,Circuit_Length_KM,0.00039890112
2023_Monza,Compound_Int,0.00036505394
2023_Monza,Wear_Severity_Index,0.00091137463
2023_Monza,Track_Flow_Type,0.0001771831
2023_Monza,Grip_Aero_Balance,0.00012977087
2023_Monza,Total_Min_Pressure,0.00019657124
2023_Monza,Pressure_Delta,6.9998445e-05
2023_Monza,Prev_LapTime,0.0010277635
2023_Monza,Lag_2,5.0124178e-05
2023_Monza,Rolling_Avg_3,0.0006379842
2023_Monza,Prev_Delta,0.08221382
2023_Monza,Driver_Encoded,6.2118716e-06
2023_Monza,Location_Encoded,0.00017447828
2023_Monza,Team_Encoded,4.1219314e-06
2023_Monza,Mean_Apex_Speed_Ratio,0.0003378483
2023_Monza,Std_Apex_Speed_Ratio,1.9955784e-05
2023_Monza,Mean_Brake_Fraction,7.841357e-05
2023_Monza,Std_Brake_Fraction,6.085305e-06
2023_Monza,Mean_Brake_Point_Norm,2.914167e-05
2023_Monza,Std_Brake_Point_Norm,1.4842293e-05
2023_Monza,Mean_Throttle_On_Dist_Norm,2.2612178e-06
2023_Monza,Std_Throttle_On_Dist_Norm,9.4016104e-05
2023_Monza,Mean_Throttle_Integral_Norm,5.4457458e-05
2023_Monza,Std_Throttle_Integral_Norm,9.01219e-06
2023_Monza,Mean_Speed_Variability,2.426954e-06
2023_Monza,Std_Speed_Variability,4.4085955e-06
2023_Monza,P_0,1.2607692e-05
2023_Monza,P_1,0.00014270347
2023_Monza,P_2,7.938032e-05
2023_Monza,Style_Cluster_ID,2.752874e-06
2023_Monza,Style_Entropy,3.4241246e-05
2023_Monza,Year,0.00012575295
2023_Monza,Tyre_Compound_Interaction,0.0018354174
2023_Marina Bay,LapNumber,0.020581529
2023_Marina Bay,Stint,0.0005063482
2023_Marina Bay,TyreLife,0.0013201892
2023_Marina Bay,Position,0.014313204
2023_Marina Bay,AirTemp,0.0009353363
2023_Marina Bay,Humidity,0.004690018
2023_Marina Bay,Pressure,0.0013344965
2023_Marina Bay,TrackTemp,0.00039822637
2023_Marina Bay,WindDirection,0.00012032103
2023_Marina Bay,WindSpeed,8.852812e-05
2023_Marina Bay,FuelLoad,0.0017644014
2023_Marina Bay,Track_Evolution,0.0029490683
2023_Marina Bay,Cumulative_Field_Dist_KM,0.014440501
2023_Marina Bay,Lap_Damage,0.0062662535
2023_Marina Bay,LatOffset_Mean,7.057681e-05
2023_Marina Bay,Accumulated_Tyre_Wear,0.0001361678
2023_Marina Bay,LatOffset_Std,2.576276e-06
2023_Marina Bay,Energy_Lap,0.0003165772
2023_Marina Bay,Gap_To_Car_Ahead,0.000101165206
2023_Marina Bay,Dirty_Air_Fraction,0.0
2023_Marina Bay,Aero_Loss,0.0
2023_Marina Bay,DRS_Fraction,1.3518126e-05
2023_Marina Bay,Traction_1_5,0.0001484864
2023_Marina Bay,Asphalt_Grip_1_5,0.0
2023_Marina Bay,Asphalt_Abrasion_1_5,0.0077609555
2023_Marina Bay,Track_Evolution_1_5,0.0001205279
2023_Marina Bay,Tyre_Stress_1_5,0.001160744
2023_Marina Bay,Braking_1_5,0.00036168436
2023_Marina Bay,Lateral_1_5,0.0
2023_Marina Bay,Downforce_1_5,0.00051988225
2023_Marina Bay,Min_Pressure_Front_PSI,2.4722978e-05
2023_Marina Bay,Min_Pressure_Rear_PSI,0.0007839039
2023_Marina Bay,Circuit_Length_KM,0.00047646253
2023_Marina Bay,Compound_Int,0.00078646437
2023_Marina Bay,Wear_Severity_Index,0.0018979488
2023_Marina Bay,Track_Flow_Type,0.00014935805
2023_Marina Bay,Grip_Aero_Balance,0.0005124304
2023_Marina Bay,Total_Min_Pressure,0.0004908686
2023_Marina Bay,Pressure_Delta,4.567663e-06
2023_Marina Bay,Prev_LapTime,0.0008259453
2023_Marina Bay,Lag_2,0.00013050299
2023_Marina Bay,Rolling_Avg_3,0.00062394334
2023_Marina Bay,Prev_Delta,0.10076367
2023_Marina Bay,Driver_Encoded,0.0
2023_Marina Bay,Location_Encoded,0.00041083046
2023_Marina Bay,Team_Encoded,7.784209e-06
2023_Marina Bay,Mean_Apex_Speed_Ratio,0.00024316637
2023_Marina Bay,Std_Apex_Speed_Ratio,2.2981227e-05
2023_Marina Bay,Mean_Brake_Fraction,0.00015592537
2023_Marina Bay,Std_Brake_Fraction,2.8985713e-05
2023_Marina Bay,Mean_Brake_Point_Norm,3.4658016e-05
2023_Marina Bay,Std_Brake_Point_Norm,3.143915e-05
2023_Marina Bay,Mean_Throttle_On_Dist_Norm,6.8311856e-05
2023_Marina Bay,Std_Throttle_On_Dist_Norm,0.00013650791
2023_Marina Bay,Mean_Throttle_Integral_Norm,3.137412e-05
2023_Marina Bay,Std_Throttle_Integral_Norm,4.0074294e-05
2023_Marina Bay,Mean_Speed_Variability,1.463195e-06
2023_Marina Bay,Std_Speed_Variability,7.834122e-06
2023_Marina Bay,P_0,8.285598e-05
2023_Marina Bay,P_1,5.3171578e-05
2023_Marina Bay,P_2,4.641338e-06
2023_Marina Bay,Style_Cluster_ID,2.9581404e-06
2023_Marina Bay,Style_Entropy,8.0364e-06
2023_Marina Bay,Year,3.989774e-05
2023_Marina Bay,Tyre_Compound_Interaction,0.0026783496
2023_Suzuka,LapNumber,0.015182622
2023_Suzuka,Stint,0.00084915996
2023_Suzuka,TyreLife,0.0011411906
2023_Suzuka,Position,0.012863714
2023_Suzuka,AirTemp,0.00047186247
2023_Suzuka,Humidity,0.0046951654
2023_Suzuka,Pressure,0.00091155857
2023_Suzuka,TrackTemp,0.0006240027
2023_Suzuka,WindDirection,0.00029420984
2023_Suzuka,WindSpeed,0.0002812551
2023_Suzuka,FuelLoad,0.0035556143
2023_Suzuka,Track_Evolution,0.0018055823
2023_Suzuka,Cumulative_Field_Dist_KM,0.008169638
2023_Suzuka,Lap_Damage,0.004865292
2023_Suzuka,LatOffset_Mean,4.5890585e-05
2023_Suzuka,Accumulated_Tyre_Wear,3.8144048e-05
2023_Suzuka,LatOffset_Std,3.9041235e-05
2023_Suzuka,Energy_Lap,0.00096976495
2023_Suzuka,Gap_To_Car_Ahead,0.0001696485
2023_Suzuka,Dirty_Air_Fraction,0.0
2023_Suzuka,Aero_Loss,0.0
2023_Suzuka,DRS_Fraction,0.0
2023_Suzuka,Traction_1_5,0.000280497
2023_Suzuka,Asphalt_Grip_1_5,0.0
2023_Suzuka,Asphalt_Abrasion_1_5,0.019415453
2023_Suzuka,Track_Evolution_1_5,0.00010782944
2023_Suzuka,Tyre_Stress_1_5,0.0014102994
2023_Suzuka,Braking_1_5,0.00015063748
2023_Suzuka,Lateral_1_5,0.0004560004
2023_Suzuka,Downforce_1_5,0.00032160076
2023_Suzuka,Min_Pressure_Front_PSI,7.92294e-05
2023_Suzuka,Min_Pressure_Rear_PSI,0.00034467637
2023_Suzuka,Circuit_Length_KM,0.0005485499
2023_Suzuka,Compound_Int,0.00017084894
2023_Suzuka,Wear_Severity_Index,0.0021688885
2023_Suzuka,Track_Flow_Type,0.0011173094
2023_Suzuka,Grip_Aero_Balance,4.1711886e-05
2023_Suzuka,Total_Min_Pressure,5.8420563e-05
2023_Suzuka,Pressure_Delta,8.2210616e-05
2023_Suzuka,Prev_LapTime,0.0005777867
2023_Suzuka,Lag_2,0.00025707457
2023_Suzuka,Rolling_Avg_3,0.00084793335
2023_Suzuka,Prev_Delta,0.090324886
2023_Suzuka,Driver_Encoded,0.0
2023_Suzuka,Location_Encoded,0.00077600573
2023_Suzuka,Team_Encoded,1.0443461e-05
2023_Suzuka,Mean_Apex_Speed_Ratio,0.00015943189
2023_Suzuka,Std_Apex_Speed_Ratio,8.112145e-06
2023_Suzuka,Mean_Brake_Fraction,3.0373945e-05
2023_Suzuka,Std_Brake_Fraction,0.0001078384
2023_Suzuka,Mean_Brake_Point_Norm,0.00027052066
2023_Suzuka,Std_Brake_Point_Norm,2.1324742e-05
2023_Suzuka,Mean_Throttle_On_Dist_Norm,0.0004076238
2023_Suzuka,Std_Throttle_On_Dist_Norm,0.0003126137
2023_Suzuka,Mean_Throttle_Integral_Norm,0.00020787488
2023_Suzuka,Std_Throttle_Integral_Norm,6.7488596e-05
2023_Suzuka,Mean_Speed_Variability,2.543001e-06
2023_Suzuka,Std_Speed_Variability,9.977979e-06
2023_Suzuka,P_0,0.0
2023_Suzuka,P_1,0.00010747831
2023_Suzuka,P_2,2.2127201e-06
2023_Suzuka,Style_Cluster_ID,0.0
2023_Suzuka,Style_Entropy,3.9432252e-06
2023_Suzuka,Year,0.000101871556
2023_Suzuka,Tyre_Compound_Interaction,0.0017383797
2023_Lusail,LapNumber,0.022732057
2023_Lusail,Stint,0.0016263752
2023_Lusail,TyreLife,0.000948677
2023_Lusail,Position,0.01215664
2023_Lusail,AirTemp,0.0065722694
2023_Lusail,Humidity,0.0017222842
2023_Lusail,Pressure,0.00075906026
2023_Lusail,TrackTemp,0.0002194028
2023_Lusail,WindDirection,3.1065065e-05
2023_Lusail,WindSpeed,0.00018259547
2023_Lusail,FuelLoad,0.004985054
2023_Lusail,Track_Evolution,0.0025403567
2023_Lusail,Cumulative_Field_Dist_KM,0.008587567
2023_Lusail,Lap_Damage,0.0031531283
2023_Lusail,LatOffset_Mean,3.6315225e-05
2023_Lusail,Accumulated_Tyre_Wear,3.6122427e-05
2023_Lusail,LatOffset_Std,2.6574241e-06
2023_Lusail,Energy_Lap,0.00012418425
2023_Lusail,Gap_To_Car_Ahead,0.00022321196
2023_Lusail,Dirty_Air_Fraction,0.0
2023_Lusail,Aero_Loss,0.0
2023_Lusail,DRS_Fraction,0.0
2023_Lusail,Traction_1_5,0.00013861625
2023_Lusail,Asphalt_Grip_1_5,0.0
2023_Lusail,Asphalt_Abrasion_1_5,0.0072514177
2023_Lusail,Track_Evolution_1_5,7.590624e-05
2023_Lusail,Tyre_Stress_1_5,0.0017594807
2023_Lusail,Braking_1_5,0.00035080823
2023_Lusail,Lateral_1_5,0.0
2023_Lusail,Downforce_1_5,0.00057073863
2023_Lusail,Min_Pressure_Front_PSI,0.0
2023_Lusail,Min_Pressure_Rear_PSI,9.083841e-05
2023_Lusail,Circuit_Length_KM,0.0006151757
2023_Lusail,Compound_Int,0.00016278855
2023_Lusail,Wear_Severity_Index,0.0008845572
2023_Lusail,Track_Flow_Type,0.00019452524
2023_Lusail,Grip_Aero_Balance,0.00011509201
2023_Lusail,Total_Min_Pressure,4.0424657e-05
2023_Lusail,Pressure_Delta,2.3158353e-05
2023_Lusail,Prev_LapTime,0.00055993436
2023_Lusail,Lag_2,1.6580003e-05
2023_Lusail,Rolling_Avg_3,0.00051994954
2023_Lusail,Prev_Delta,0.09452868
2023_Lusail,Driver_Encoded,6.284256e-05
2023_Lusail,Location_Encoded,0.00040617466
2023_Lusail,Team_Encoded,1.960317e-06
2023_Lusail,Mean_Apex_Speed_Ratio,4.4021897e-05
2023_Lusail,Std_Apex_Speed_Ratio,1.6011081e-05
2023_Lusail,Mean_Brake_Fraction,0.0001708935
2023_Lusail,Std_Brake_Fraction,7.6617594e-05
2023_Lusail,Mean_Brake_Point_Norm,6.3445725e-05
2023_Lusail,Std_Brake_Point_Norm,2.3552744e-05
2023_Lusail,Mean_Throttle_On_Dist_Norm,4.2432213e-05
2023_Lusail,Std_Throttle_On_Dist_Norm,6.166601e-05
2023_Lusail,Mean_Throttle_Integral_Norm,5.3368443e-05
2023_Lusail,Std_Throttle_Integral_Norm,2.5109064e-05
2023_Lusail,Mean_Speed_Variability,1.0986254e-05
2023_Lusail,Std_Speed_Variability,1.2413109e-05
2023_Lusail,P_0,0.0
2023_Lusail,P_1,9.6906646e-05
2023_Lusail,P_2,6.8718495e-05
2023_Lusail,Style_Cluster_ID,0.0
2023_Lusail,Style_Entropy,0.0
2023_Lusail,Year,5.965444e-05
2023_Lusail,Tyre_Compound_Interaction,0.0017678642
2023_Austin,LapNumber,0.018516181
2023_Austin,Stint,0.0007862113
2023_Austin,TyreLife,0.0010954518
2023_Austin,Position,0.014194122
2023_Austin,AirTemp,0.00057536934
2023_Austin,Humidity,0.007235836
2023_Austin,Pressure,0.000713077
2023_Austin,TrackTemp,0.00031878054
2023_Austin,WindDirection,2.209188e-05
2023_Austin,WindSpeed,0.00017788143
2023_Austin,FuelLoad,0.0054114913
2023_Austin,Track_Evolution,0.0024993543
2023_Austin,Cumulative_Field_Dist_KM,0.007330928
2023_Austin,Lap_Damage,0.004336817
2023_Austin,LatOffset_Mean,5.4127464e-05
2023_Austin,Accumulated_Tyre_Wear,3.522971e-05
2023_Austin,LatOffset_Std,3.0741858e-06
2023_Austin,Energy_Lap,0.00036996786
2023_Austin,Gap_To_Car_Ahead,7.1769355e-05
2023_Austin,Dirty_Air_Fraction,0.0
2023_Austin,Aero_Loss,2.0921421e-05
2023_Austin,DRS_Fraction,0.0
2023_Austin,Traction_1_5,0.000184197
2023_Austin,Asphalt_Grip_1_5,0.0
2023_Austin,Asphalt_Abrasion_1_5,0.020314427
2023_Austin,Track_Evolution_1_5,5.522598e-05
2023_Austin,Tyre_Stress_1_5,0.0012978459
2023_Austin,Braking_1_5,0.0002056508
2023_Austin,Lateral_1_5,0.0
2023_Austin,Downforce_1_5,0.00021702475
2023_Austin,Min_Pressure_Front_PSI,7.4905154e-05
2023_Austin,Min_Pressure_Rear_PSI,0.00028249415
2023_Austin,Circuit_Length_KM,0.0005698332
2023_Austin,Compound_Int,0.00017531896
2023_Austin,Wear_Severity_Index,0.002042194
2023_Austin,Track_Flow_Type,5.5868542e-05
2023_Austin,Grip_Aero_Balance,8.448713e-05
2023_Austin,Total_Min_Pressure,5.5433233e-05
2023_Austin,Pressure_Delta,3.14491e-05
2023_Austin,Prev_LapTime,0.00093850686
2023_Austin,Lag_2,0.00056825316
2023_Austin,Rolling_Avg_3,0.00026251853
2023_Austin,Prev_Delta,0.0796537
2023_Austin,Driver_Encoded,6.5935205e-06
2023_Austin,Location_Encoded,0.00088645314
2023_Austin,Team_Encoded,0.0
2023_Austin,Mean_Apex_Speed_Ratio,0.00022527063
2023_Austin,Std_Apex_Speed_Ratio,9.28053e-06
2023_Austin,Mean_Brake_Fraction,6.504582e-05
2023_Austin,Std_Brake_Fraction,0.00014866999
2023_Austin,Mean_Brake_Point_Norm,0.00010953694
2023_Austin,Std_Brake_Point_Norm,9.5887604e-05
2023_Austin,Mean_Throttle_On_Dist_Norm,9.6697084e-05
2023_Austin,Std_Throttle_On_Dist_Norm,4.1594623e-05
2023_Austin,Mean_Throttle_Integral_Norm,6.675432e-05
2023_Austin,Std_Throttle_Integral_Norm,1.7149772e-05
2023_Austin,Mean_Speed_Variability,2.2406207e-06
2023_Austin,Std_Speed_Variability,7.9008874e-05
2023_Austin,P_0,0.0
2023_Austin,P_1,5.161834e-05
2023_Austin,P_2,0.00015990277
2023_Austin,Style_Cluster_ID,0.0
2023_Austin,Style_Entropy,1.4942626e-05
2023_Austin,Year,0.00026062367
2023_Austin,Tyre_Compound_Interaction,0.0016321448
2023_Mexico City,LapNumber,0.027517734
2023_Mexico City,Stint,0.0012689107
2023_Mexico City,TyreLife,0.0012907572
2023_Mexico City,Position,0.013650099
2023_Mexico City,AirTemp,0.00038166012
2023_Mexico City,Humidity,0.007657877
2023_Mexico City,Pressure,0.016423479
2023_Mexico City,TrackTemp,0.00017085532
2023_Mexico City,WindDirection,7.174011e-06
2023_Mexico City,WindSpeed,9.9383615e-05
2023_Mexico City,FuelLoad,0.007047889
2023_Mexico City,Track_Evolution,0.00074815983
2023_Mexico City,Cumulative_Field_Dist_KM,0.006739859
2023_Mexico City,Lap_Damage,0.0037401288
2023_Mexico City,LatOffset_Mean,8.131581e-05
2023_Mexico City,Accumulated_Tyre_Wear,0.000105803825
2023_Mexico City,LatOffset_Std,0.0
2023_Mexico City,Energy_Lap,0.00015947848
2023_Mexico City,Gap_To_Car_Ahead,0.0001226256
2023_Mexico City,Dirty_Air_Fraction,0.0
2023_Mexico City,Aero_Loss,9.081978e-05
2023_Mexico City,DRS_Fraction,0.0
2023_Mexico City,Traction_1_5,9.31233e-05
2023_Mexico City,Asphalt_Grip_1_5,0.0
2023_Mexico City,Asphalt_Abrasion_1_5,0.0075819194
2023_Mexico City,Track_Evolution_1_5,7.9678546e-05
2023_Mexico City,Tyre_Stress_1_5,0.00085092685
2023_Mexico City,Braking_1_5,0.00011765289
2023_Mexico City,Lateral_1_5,0.0
2023_Mexico City,Downforce_1_5,0.00013877157
2023_Mexico City,Min_Pressure_Front_PSI,3.0748542e-05
2023_Mexico City,Min_Pressure_Rear_PSI,0.0003233917
2023_Mexico City,Circuit_Length_KM,0.0006273545
2023_Mexico City,Compound_Int,0.0001872219
2023_Mexico City,Wear_Severity_Index,0.0013158349
2023_Mexico City,Track_Flow_Type,0.00018180076
2023_Mexico City,Grip_Aero_Balance,0.00083607674
2023_Mexico City,Total_Min_Pressure,0.00014852267
2023_Mexico City,Pressure_Delta,3.8642615e-05
2023_Mexico City,Prev_LapTime,0.0014605484
2023_Mexico City,Lag_2,0.00028067775
2023_Mexico City,Rolling_Avg_3,0.00033355952
2023_Mexico City,Prev_Delta,0.08960323
2023_Mexico City,Driver_Encoded,1.4363383e-05
2023_Mexico City,Location_Encoded,0.0009315129
2023_Mexico City,Team_Encoded,0.0
2023_Mexico City,Mean_Apex_Speed_Ratio,0.00037469593
2023_Mexico City,Std_Apex_Speed_Ratio,1.9975458e-05
2023_Mexico City,Mean_Brake_Fraction,2.9107397e-05
2023_Mexico City,Std_Brake_Fraction,7.6795244e-05
2023_Mexico City,Mean_Brake_Point_Norm,0.00020843852
2023_Mexico City,Std_Brake_Point_Norm,7.284362e-06
2023_Mexico City,Mean_Throttle_On_Dist_Norm,0.00020297142
2023_Mexico City,Std_Throttle_On_Dist_Norm,7.4730364e-05
2023_Mexico City,Mean_Throttle_Integral_Norm,3.349193e-05
2023_Mexico City,Std_Throttle_Integral_Norm,1.631673e-05
2023_Mexico City,Mean_Speed_Variability,1.0970053e-06
2023_Mexico City,Std_Speed_Variability,1.7648157e-05
2023_Mexico City,P_0,0.0
2023_Mexico City,P_1,3.23112e-05
2023_Mexico City,P_2,8.885017e-05
2023_Mexico City,Style_Cluster_ID,0.0
2023_Mexico City,Style_Entropy,0.0
2023_Mexico City,Year,6.303084e-05
2023_Mexico City,Tyre_Compound_Interaction,0.0028551645
2023_São Paulo,LapNumber,0.021507181
2023_São Paulo,Stint,0.0015252327
2023_São Paulo,TyreLife,0.00095857366
2023_São Paulo,Position,0.01115157
2023_São Paulo,AirTemp,0.00085005007
2023_São Paulo,Humidity,0.0052029924
2023_São Paulo,Pressure,0.00067449204
2023_São Paulo,TrackTemp,0.00018983359
2023_São Paulo,WindDirection,0.0002868777
2023_São Paulo,WindSpeed,8.07168e-05
2023_São Paulo,FuelLoad,0.0064555323
2023_São Paulo,Track_Evolution,0.002529286
2023_São Paulo,Cumulative_Field_Dist_KM,0.012152949
2023_São Paulo,Lap_Damage,0.0016743946
2023_São Paulo,LatOffset_Mean,5.4784985e-05
2023_São Paulo,Accumulated_Tyre_Wear,6.937716e-05
2023_São Paulo,LatOffset_Std,0.0
2023_São Paulo,Energy_Lap,0.0004114389
2023_São Paulo,Gap_To_Car_Ahead,0.00018444935
2023_São Paulo,Dirty_Air_Fraction,0.0
2023_São Paulo,Aero_Loss,8.223117e-05
2023_São Paulo,DRS_Fraction,0.0
2023_São Paulo,Traction_1_5,0.00017035793
2023_São Paulo,Asphalt_Grip_1_5,0.0
2023_São Paulo,Asphalt_Abrasion_1_5,0.016306652
2023_São Paulo,Track_Evolution_1_5,0.00015378832
2023_São Paulo,Tyre_Stress_1_5,0.001180928
2023_São Paulo,Braking_1_5,0.00038686377
2023_São Paulo,Lateral_1_5,0.0
2023_São Paulo,Downforce_1_5,0.00030443846
2023_São Paulo,Min_Pressure_Front_PSI,1.8038372e-05
2023_São Paulo,Min_Pressure_Rear_PSI,0.00045822252
2023_São Paulo,Circuit_Length_KM,0.00084313436
2023_São Paulo,Compound_Int,0.000114508475
2023_São Paulo,Wear_Severity_Index,0.00013246565
2023_São Paulo,Track_Flow_Type,0.0
2023_São Paulo,Grip_Aero_Balance,5.2956468e-05
2023_São Paulo,Total_Min_Pressure,0.00012121178
2023_São Paulo,Pressure_Delta,0.00018943548
2023_São Paulo,Prev_LapTime,0.0013704816
2023_São Paulo,Lag_2,5.47619e-05
2023_São Paulo,Rolling_Avg_3,0.00012854778
2023_São Paulo,Prev_Delta,0.08401318
2023_São Paulo,Driver_Encoded,6.8261643e-06
2023_São Paulo,Location_Encoded,0.0022086748
2023_São Paulo,Team_Encoded,0.0
2023_São Paulo,Mean_Apex_Speed_Ratio,0.00012759403
2023_São Paulo,Std_Apex_Speed_Ratio,7.4767406e-05
2023_São Paulo,Mean_Brake_Fraction,0.00014556527
2023_São Paulo,Std_Brake_Fraction,5.119138e-05
2023_São Paulo,Mean_Brake_Point_Norm,7.6051976e-05
2023_São Paulo,Std_Brake_Point_Norm,0.0001110264
2023_São Paulo,Mean_Throttle_On_Dist_Norm,3.003982e-05
2023_São Paulo,Std_Throttle_On_Dist_Norm,1.8830578e-05
2023_São Paulo,Mean_Throttle_Integral_Norm,9.0864785e-05
2023_São Paulo,Std_Throttle_Integral_Norm,1.106619e-05
2023_São Paulo,Mean_Speed_Variability,1.1674224e-05
2023_São Paulo,Std_Speed_Variability,2.773019e-06
2023_São Paulo,P_0,0.00014101087
2023_São Paulo,P_1,0.000111654
2023_São Paulo,P_2,0.00010579648
2023_São Paulo,Style_Cluster_ID,0.0
2023_São Paulo,Style_Entropy,1.3887749e-05
2023_São Paulo,Year,0.00026764712
2023_São Paulo,Tyre_Compound_Interaction,0.0012076136
2023_Las Vegas,LapNumber,0.0033332203
2023_Las Vegas,Stint,0.00022550099
2023_Las Vegas,TyreLife,0.0010814872
2023_Las Vegas,Position,0.014026977
2023_Las Vegas,AirTemp,0.0006679447
2023_Las Vegas,Humidity,0.0028756987
2023_Las Vegas,Pressure,0.0015830165
2023_Las Vegas,TrackTemp,0.0008677242
2023_Las Vegas,WindDirection,0.00014014327
2023_Las Vegas,WindSpeed,0.00011292037
2023_Las Vegas,FuelLoad,0.002926776
2023_Las Vegas,Track_Evolution,0.0011003884
2023_Las Vegas,Cumulative_Field_Dist_KM,0.0024509514
2023_Las Vegas,Lap_Damage,0.0029045804
2023_Las Vegas,LatOffset_Mean,0.00015092436
2023_Las Vegas,Accumulated_Tyre_Wear,3.7934286e-05
2023_Las Vegas,LatOffset_Std,5.4856988e-05
2023_Las Vegas,Energy_Lap,8.3523046e-05
2023_Las Vegas,Gap_To_Car_Ahead,8.3001905e-05
2023_Las Vegas,Dirty_Air_Fraction,5.6751737e-06
2023_Las Vegas,Aero_Loss,6.1486426e-05
2023_Las Vegas,DRS_Fraction,0.0
2023_Las Vegas,Traction_1_5,0.0002594282
2023_Las Vegas,Asphalt_Grip_1_5,0.0
2023_Las Vegas,Asphalt_Abrasion_1_5,0.007313928
2023_Las Vegas,Track_Evolution_1_5,0.0
2023_Las Vegas,Tyre_Stress_1_5,0.0018067524
2023_Las Vegas,Braking_1_5,7.526761e-05
2023_Las Vegas,Lateral_1_5,0.0
2023_Las Vegas,Downforce_1_5,0.00051791366
2023_Las Vegas,Min_Pressure_Front_PSI,5.269462e-05
2023_Las Vegas,Min_Pressure_Rear_PSI,0.00037622356
2023_Las Vegas,Circuit_Length_KM,0.0018226942
2023_Las Vegas,Compound_Int,0.00020371506
2023_Las Vegas,Wear_Severity_Index,0.00013363376
2023_Las Vegas,Track_Flow_Type,8.150616e-05
2023_Las Vegas,Grip_Aero_Balance,0.00022349456
2023_Las Vegas,Total_Min_Pressure,0.000102558275
2023_Las Vegas,Pressure_Delta,0.0
2023_Las Vegas,Prev_LapTime,0.0004459251
2023_Las Vegas,Lag_2,0.0003888575
2023_Las Vegas,Rolling_Avg_3,0.00029115926
2023_Las Vegas,Prev_Delta,0.11266556
2023_Las Vegas,Driver_Encoded,1.04572155e-05
2023_Las Vegas,Location_Encoded,0.00091887126
2023_Las Vegas,Team_Encoded,0.0
2023_Las Vegas,Mean_Apex_Speed_Ratio,0.000216802
2023_Las Vegas,Std_Apex_Speed_Ratio,2.3947445e-05
2023_Las Vegas,Mean_Brake_Fraction,7.808109e-06
2023_Las Vegas,Std_Brake_Fraction,7.156065e-05
2023_Las Vegas,Mean_Brake_Point_Norm,9.1027076e-05
2023_Las Vegas,Std_Brake_Point_Norm,2.3116554e-05
2023_Las Vegas,Mean_Throttle_On_Dist_Norm,4.5615576e-05
2023_Las Vegas,Std_Throttle_On_Dist_Norm,7.775237e-05
2023_Las Vegas,Mean_Throttle_Integral_Norm,1.856354e-05
2023_Las Vegas,Std_Throttle_Integral_Norm,1.5189211e-05
2023_Las Vegas,Mean_Speed_Variability,1.946929e-05
2023_Las Vegas,Std_Speed_Variability,9.098107e-05
2023_Las Vegas,P_0,0.0
2023_Las Vegas,P_1,9.3348695e-05
2023_Las Vegas,P_2,0.0
2023_Las Vegas,Style_Cluster_ID,0.0
2023_Las Vegas,Style_Entropy,9.518157e-06
2023_Las Vegas,Year,5.530722e-05
2023_Las Vegas,Tyre_Compound_Interaction,0.0018143681
2023_Yas Island,LapNumber,0.006146937
2023_Yas Island,Stint,2.2455426e-06
2023_Yas Island,TyreLife,0.00090064853
2023_Yas Island,Position,0.016328987
2023_Yas Island,AirTemp,0.0006346714
2023_Yas Island,Humidity,0.005122031
2023_Yas Island,Pressure,0.00020816288
2023_Yas Island,TrackTemp,0.00035186915
2023_Yas Island,WindDirection,5.390439e-05
2023_Yas Island,WindSpeed,3.1548534e-05
2023_Yas Island,FuelLoad,0.0071457606
2023_Yas Island,Track_Evolution,0.0010739544
2023_Yas Island,Cumulative_Field_Dist_KM,0.0025892304
2023_Yas Island,Lap_Damage,0.0016195052
2023_Yas Island,LatOffset_Mean,1.5160762e-06
2023_Yas Island,Accumulated_Tyre_Wear,2.8803888e-05
2023_Yas Island,LatOffset_Std,3.196321e-05
2023_Yas Island,Energy_Lap,0.0001712619
2023_Yas Island,Gap_To_Car_Ahead,6.660073e-05
2023_Yas Island,Dirty_Air_Fraction,5.4934035e-06
2023_Yas Island,Aero_Loss,2.9680552e-05
2023_Yas Island,DRS_Fraction,2.9945644e-05
2023_Yas Island,Traction_1_5,0.00028995064
2023_Yas Island,Asphalt_Grip_1_5,7.1603725e-05
2023_Yas Island,Asphalt_Abrasion_1_5,0.0083916215
2023_Yas Island,Track_Evolution_1_5,0.00010100004
2023_Yas Island,Tyre_Stress_1_5,0.0014448788
2023_Yas Island,Braking_1_5,0.00084351393
2023_Yas Island,Lateral_1_5,0.0
2023_Yas Island,Downforce_1_5,0.00040498705
2023_Yas Island,Min_Pressure_Front_PSI,1.862797e-05
2023_Yas Island,Min_Pressure_Rear_PSI,0.00032055154
2023_Yas Island,Circuit_Length_KM,0.0010822424
2023_Yas Island,Compound_Int,0.00016919975
2023_Yas Island,Wear_Severity_Index,0.00036667995
2023_Yas Island,Track_Flow_Type,5.1621195e-05
2023_Yas Island,Grip_Aero_Balance,6.66123e-05
2023_Yas Island,Total_Min_Pressure,0.00045821772
2023_Yas Island,Pressure_Delta,0.00014827488
2023_Yas Island,Prev_LapTime,0.00047496348
2023_Yas Island,Lag_2,0.00023058834
2023_Yas Island,Rolling_Avg_3,0.00010469745
2023_Yas Island,Prev_Delta,0.078692704
2023_Yas Island,Driver_Encoded,1.7003598e-05
2023_Yas Island,Location_Encoded,0.0025858467
2023_Yas Island,Team_Encoded,2.069388e-06
2023_Yas Island,Mean_Apex_Speed_Ratio,0.00028117772
2023_Yas Island,Std_Apex_Speed_Ratio,4.8504094e-06
2023_Yas Island,Mean_Brake_Fraction,7.919384e-06
2023_Yas Island,Std_Brake_Fraction,3.0183908e-05
2023_Yas Island,Mean_Brake_Point_Norm,3.54938e-05
2023_Yas Island,Std_Brake_Point_Norm,1.7190634e-05
2023_Yas Island,Mean_Throttle_On_Dist_Norm,5.1219264e-05
2023_Yas Island,Std_Throttle_On_Dist_Norm,6.2035266e-05
2023_Yas Island,Mean_Throttle_Integral_Norm,3.6296526e-05
2023_Yas Island,Std_Throttle_Integral_Norm,1.507706e-05
2023_Yas Island,Mean_Speed_Variability,1.9759724e-05
2023_Yas Island,Std_Speed_Variability,0.00018843976
2023_Yas Island,P_0,1.4733267e-05
2023_Yas Island,P_1,7.290804e-05
2023_Yas Island,P_2,6.2739266e-05
2023_Yas Island,Style_Cluster_ID,0.0
2023_Yas Island,Style_Entropy,9.354003e-06
2023_Yas Island,Year,5.8406167e-05
2023_Yas Island,Tyre_Compound_Interaction,0.0014575865
2024_Sakhir,LapNumber,0.004758136
2024_Sakhir,Stint,0.0
2024_Sakhir,TyreLife,0.0009578355
2024_Sakhir,Position,0.015461761
2024_Sakhir,AirTemp,0.001216752
2024_Sakhir,Humidity,0.0051785638
2024_Sakhir,Pressure,0.0003292435
2024_Sakhir,TrackTemp,0.0012405365
2024_Sakhir,WindDirection,3.5807883e-05
2024_Sakhir,WindSpeed,0.00068321056
2024_Sakhir,FuelLoad,0.0059610074
2024_Sakhir,Track_Evolution,0.001070769
2024_Sakhir,Cumulative_Field_Dist_KM,0.0035444405
2024_Sakhir,Lap_Damage,0.0033198541
2024_Sakhir,LatOffset_Mean,6.249496e-06
2024_Sakhir,Accumulated_Tyre_Wear,2.4234078e-05
2024_Sakhir,LatOffset_Std,5.4880747e-05
2024_Sakhir,Energy_Lap,0.0005247409
2024_Sakhir,Gap_To_Car_Ahead,0.00016899253
2024_Sakhir,Dirty_Air_Fraction,0.0
2024_Sakhir,Aero_Loss,7.703542e-05
2024_Sakhir,DRS_Fraction,0.0
2024_Sakhir,Traction_1_5,7.679632e-05
2024_Sakhir,Asphalt_Grip_1_5,0.0
2024_Sakhir,Asphalt_Abrasion_1_5,0.017111184
2024_Sakhir,Track_Evolution_1_5,4.2373762e-05
2024_Sakhir,Tyre_Stress_1_5,0.0014079091
2024_Sakhir,Braking_1_5,0.00076579174
2024_Sakhir,Lateral_1_5,0.0
2024_Sakhir,Downforce_1_5,0.000119057346
2024_Sakhir,Min_Pressure_Front_PSI,0.0001586913
2024_Sakhir,Min_Pressure_Rear_PSI,0.0014023171
2024_Sakhir,Circuit_Length_KM,0.001042375
2024_Sakhir,Compound_Int,0.00012438699
2024_Sakhir,Wear_Severity_Index,0.0003437769
2024_Sakhir,Track_Flow_Type,5.9312897e-05
2024_Sakhir,Grip_Aero_Balance,0.00019450265
2024_Sakhir,Total_Min_Pressure,0.00045455806
2024_Sakhir,Pressure_Delta,0.0
2024_Sakhir,Prev_LapTime,0.00076915964
2024_Sakhir,Lag_2,0.0005427919
2024_Sakhir,Rolling_Avg_3,0.00013603501
2024_Sakhir,Prev_Delta,0.09264268
2024_Sakhir,Driver_Encoded,0.0
2024_Sakhir,Location_Encoded,0.0016137171
2024_Sakhir,Team_Encoded,4.6434243e-06
2024_Sakhir,Mean_Apex_Speed_Ratio,0.00046946717
2024_Sakhir,Std_Apex_Speed_Ratio,5.972029e-05
2024_Sakhir,Mean_Brake_Fraction,1.0878017e-05
2024_Sakhir,Std_Brake_Fraction,0.00016012661
2024_Sakhir,Mean_Brake_Point_Norm,0.00027557358
2024_Sakhir,Std_Brake_Point_Norm,1.9538444e-05
2024_Sakhir,Mean_Throttle_On_Dist_Norm,1.8244087e-05
2024_Sakhir,Std_Throttle_On_Dist_Norm,9.951023e-05
2024_Sakhir,Mean_Throttle_Integral_Norm,1.48409445e-05
2024_Sakhir,Std_Throttle_Integral_Norm,4.6333003e-05
2024_Sakhir,Mean_Speed_Variability,1.0054388e-05
2024_Sakhir,Std_Speed_Variability,0.00013125135
2024_Sakhir,P_0,6.2566905e-05
2024_Sakhir,P_1,8.111428e-05
2024_Sakhir,P_2,0.0
2024_Sakhir,Style_Cluster_ID,0.0
2024_Sakhir,Style_Entropy,6.665068e-06
2024_Sakhir,Year,0.00023349229
2024_Sakhir,Tyre_Compound_Interaction,0.0013297313
2024_Jeddah,LapNumber,0.004479667
2024_Jeddah,Stint,0.0
2024_Jeddah,TyreLife,0.0010301946
2024_Jeddah,Position,0.012887802
2024_Jeddah,AirTemp,0.00055581063
2024_Jeddah,Humidity,0.0048348065
2024_Jeddah,Pressure,0.00013283106
2024_Jeddah,TrackTemp,0.00014888337
2024_Jeddah,WindDirection,1.4076013e-05
2024_Jeddah,WindSpeed,8.803261e-05
2024_Jeddah,FuelLoad,0.0058552446
2024_Jeddah,Track_Evolution,0.0006435582
2024_Jeddah,Cumulative_Field_Dist_KM,0.0015910743
2024_Jeddah,Lap_Damage,0.002899371
2024_Jeddah,LatOffset_Mean,1.664077e-05
2024_Jeddah,Accumulated_Tyre_Wear,1.5959393e-05
2024_Jeddah,LatOffset_Std,4.8984937e-05
2024_Jeddah,Energy_Lap,0.0013538366
2024_Jeddah,Gap_To_Car_Ahead,0.0001463394
2024_Jeddah,Dirty_Air_Fraction,0.0
2024_Jeddah,Aero_Loss,0.0001208458
2024_Jeddah,DRS_Fraction,1.8027799e-06
2024_Jeddah,Traction_1_5,0.0001369284
2024_Jeddah,Asphalt_Grip_1_5,0.0
2024_Jeddah,Asphalt_Abrasion_1_5,0.010266247
2024_Jeddah,Track_Evolution_1_5,2.5276178e-05
2024_Jeddah,Tyre_Stress_1_5,0.00093682244
2024_Jeddah,Braking_1_5,0.0
2024_Jeddah,Lateral_1_5,0.0
2024_Jeddah,Downforce_1_5,0.001041617
2024_Jeddah,Min_Pressure_Front_PSI,1.699222e-05
2024_Jeddah,Min_Pressure_Rear_PSI,0.00021002306
2024_Jeddah,Circuit_Length_KM,0.0013212742
2024_Jeddah,Compound_Int,0.00014204557
2024_Jeddah,Wear_Severity_Index,0.00018940415
2024_Jeddah,Track_Flow_Type,0.00017088969
2024_Jeddah,Grip_Aero_Balance,0.00032367997
2024_Jeddah,Total_Min_Pressure,7.026566e-05
2024_Jeddah,Pressure_Delta,0.0
2024_Jeddah,Prev_LapTime,0.00073015294
2024_Jeddah,Lag_2,3.790312e-05
2024_Jeddah,Rolling_Avg_3,0.00038437996
2024_Jeddah,Prev_Delta,0.08669489
2024_Jeddah,Driver_Encoded,4.6654914e-06
2024_Jeddah,Location_Encoded,0.0014762585
2024_Jeddah,Team_Encoded,4.5909273e-06
2024_Jeddah,Mean_Apex_Speed_Ratio,9.022466e-05
2024_Jeddah,Std_Apex_Speed_Ratio,1.6822689e-05
2024_Jeddah,Mean_Brake_Fraction,6.9031257e-06
2024_Jeddah,Std_Brake_Fraction,6.652594e-05
2024_Jeddah,Mean_Brake_Point_Norm,0.00016451573
2024_Jeddah,Std_Brake_Point_Norm,1.6662685e-05
2024_Jeddah,Mean_Throttle_On_Dist_Norm,1.609965e-05
2024_Jeddah,Std_Throttle_On_Dist_Norm,5.4538552e-05
2024_Jeddah,Mean_Throttle_Integral_Norm,4.6943413e-05
2024_Jeddah,Std_Throttle_Integral_Norm,2.1799016e-05
2024_Jeddah,Mean_Speed_Variability,1.3665386e-05
2024_Jeddah,Std_Speed_Variability,0.00014495336
2024_Jeddah,P_0,1.23904165e-05
2024_Jeddah,P_1,7.3580995e-05
2024_Jeddah,P_2,0.0
2024_Jeddah,Style_Cluster_ID,0.0
2024_Jeddah,Style_Entropy,6.5643064e-05
2024_Jeddah,Year,5.5864326e-05
2024_Jeddah,Tyre_Compound_Interaction,0.0012457694
2024_Melbourne,LapNumber,0.0061788326
2024_Melbourne,Stint,0.0
2024_Melbourne,TyreLife,0.0009873225
2024_Melbourne,Position,0.011320737
2024_Melbourne,AirTemp,0.00062611164
2024_Melbourne,Humidity,0.0064443992
2024_Melbourne,Pressure,0.00029577073
2024_Melbourne,TrackTemp,0.00022754505
2024_Melbourne,WindDirection,1.48214995e-05
2024_Melbourne,WindSpeed,7.826197e-05
2024_Melbourne,FuelLoad,0.0073096417
2024_Melbourne,Track_Evolution,0.0010206213
2024_Melbourne,Cumulative_Field_Dist_KM,0.0016157578
2024_Melbourne,Lap_Damage,0.0027223695
2024_Melbourne,LatOffset_Mean,1.1087792e-06
2024_Melbourne,Accumulated_Tyre_Wear,2.2747121e-05
2024_Melbourne,LatOffset_Std,2.0850905e-06
2024_Melbourne,Energy_Lap,0.0005855785
2024_Melbourne,Gap_To_Car_Ahead,0.00013326133
2024_Melbourne,Dirty_Air_Fraction,5.288443e-06
2024_Melbourne,Aero_Loss,4.487473e-05
2024_Melbourne,DRS_Fraction,0.0
2024_Melbourne,Traction_1_5,0.002514825
2024_Melbourne,Asphalt_Grip_1_5,0.0
2024_Melbourne,Asphalt_Abrasion_1_5,0.008082342
2024_Melbourne,Track_Evolution_1_5,5.6571207e-05
2024_Melbourne,Tyre_Stress_1_5,0.0013837669
2024_Melbourne,Braking_1_5,0.0
2024_Melbourne,Lateral_1_5,0.0
2024_Melbourne,Downforce_1_5,0.00035657198
2024_Melbourne,Min_Pressure_Front_PSI,5.6787605e-05
2024_Melbourne,Min_Pressure_Rear_PSI,0.0001286256
2024_Melbourne,Circuit_Length_KM,0.0008154237
2024_Melbourne,Compound_Int,0.00018995652
2024_Melbourne,Wear_Severity_Index,0.0002643294
2024_Melbourne,Track_Flow_Type,0.00014263458
2024_Melbourne,Grip_Aero_Balance,0.00022596103
2024_Melbourne,Total_Min_Pressure,5.8309186e-05
2024_Melbourne,Pressure_Delta,1.6223183e-05
2024_Melbourne,Prev_LapTime,0.003763867
2024_Melbourne,Lag_2,0.0012088004
2024_Melbourne,Rolling_Avg_3,0.00022362465
2024_Melbourne,Prev_Delta,0.10199844
2024_Melbourne,Driver_Encoded,4.7770927e-06
2024_Melbourne,Location_Encoded,0.001191451
2024_Melbourne,Team_Encoded,0.0
2024_Melbourne,Mean_Apex_Speed_Ratio,6.808466e-05
2024_Melbourne,Std_Apex_Speed_Ratio,2.2838976e-05
2024_Melbourne,Mean_Brake_Fraction,4.924899e-06
2024_Melbourne,Std_Brake_Fraction,6.558907e-05
2024_Melbourne,Mean_Brake_Point_Norm,7.428285e-05
2024_Melbourne,Std_Brake_Point_Norm,6.1927654e-05
2024_Melbourne,Mean_Throttle_On_Dist_Norm,0.00012005021
2024_Melbourne,Std_Throttle_On_Dist_Norm,3.0632647e-05
2024_Melbourne,Mean_Throttle_Integral_Norm,0.00032952148
2024_Melbourne,Std_Throttle_Integral_Norm,7.657237e-06
2024_Melbourne,Mean_Speed_Variability,7.8953e-06
2024_Melbourne,Std_Speed_Variability,0.000103464925
2024_Melbourne,P_0,5.3950254e-05
2024_Melbourne,P_1,7.566267e-06
2024_Melbourne,P_2,8.701522e-05
2024_Melbourne,Style_Cluster_ID,0.0
2024_Melbourne,Style_Entropy,3.830814e-05
2024_Melbourne,Year,0.0
2024_Melbourne,Tyre_Compound_Interaction,0.0012098582
2024_Suzuka,LapNumber,0.004311561
2024_Suzuka,Stint,3.3409917e-06
2024_Suzuka,TyreLife,0.0011014349
2024_Suzuka,Position,0.01195654
2024_Suzuka,AirTemp,0.00054415216
2024_Suzuka,Humidity,0.0046770317
2024_Suzuka,Pressure,0.00011316488
2024_Suzuka,TrackTemp,0.00041411273
2024_Suzuka,WindDirection,8.477487e-05
2024_Suzuka,WindSpeed,0.00012580829
2024_Suzuka,FuelLoad,0.0083872415
2024_Suzuka,Track_Evolution,0.00046224575
2024_Suzuka,Cumulative_Field_Dist_KM,0.0019216101
2024_Suzuka,Lap_Damage,0.0021839605
2024_Suzuka,LatOffset_Mean,1.3687732e-05
2024_Suzuka,Accumulated_Tyre_Wear,2.1711152e-05
2024_Suzuka,LatOffset_Std,1.6595961e-06
2024_Suzuka,Energy_Lap,0.0039398344
2024_Suzuka,Gap_To_Car_Ahead,0.000141888
2024_Suzuka,Dirty_Air_Fraction,0.0
2024_Suzuka,Aero_Loss,2.288286e-06
2024_Suzuka,DRS_Fraction,0.0
2024_Suzuka,Traction_1_5,0.0001312415
2024_Suzuka,Asphalt_Grip_1_5,0.0
2024_Suzuka,Asphalt_Abrasion_1_5,0.018189592
2024_Suzuka,Track_Evolution_1_5,0.0
2024_Suzuka,Tyre_Stress_1_5,0.0013459484
2024_Suzuka,Braking_1_5,0.0
2024_Suzuka,Lateral_1_5,0.0
2024_Suzuka,Downforce_1_5,0.00047943808
2024_Suzuka,Min_Pressure_Front_PSI,1.9933565e-05
2024_Suzuka,Min_Pressure_Rear_PSI,0.00012102556
2024_Suzuka,Circuit_Length_KM,0.0008440832
2024_Suzuka,Compound_Int,0.00017344819
2024_Suzuka,Wear_Severity_Index,0.00060104264
2024_Suzuka,Track_Flow_Type,8.607174e-05
2024_Suzuka,Grip_Aero_Balance,0.00010089035
2024_Suzuka,Total_Min_Pressure,9.209336e-05
2024_Suzuka,Pressure_Delta,1.8108334e-05
2024_Suzuka,Prev_LapTime,0.00020070547
2024_Suzuka,Lag_2,0.0004444696
2024_Suzuka,Rolling_Avg_3,0.00035986747
2024_Suzuka,Prev_Delta,0.1202661
2024_Suzuka,Driver_Encoded,4.5449697e-06
2024_Suzuka,Location_Encoded,0.0021603773
2024_Suzuka,Team_Encoded,0.0
2024_Suzuka,Mean_Apex_Speed_Ratio,0.00013394872
2024_Suzuka,Std_Apex_Speed_Ratio,1.6767488e-05
2024_Suzuka,Mean_Brake_Fraction,6.2770574e-05
2024_Suzuka,Std_Brake_Fraction,2.875902e-05
2024_Suzuka,Mean_Brake_Point_Norm,0.00030050063
2024_Suzuka,Std_Brake_Point_Norm,0.00010232848
2024_Suzuka,Mean_Throttle_On_Dist_Norm,0.0
2024_Suzuka,Std_Throttle_On_Dist_Norm,0.0004989021
2024_Suzuka,Mean_Throttle_Integral_Norm,0.0001817671
2024_Suzuka,Std_Throttle_Integral_Norm,0.00012344307
2024_Suzuka,Mean_Speed_Variability,8.949796e-05
2024_Suzuka,Std_Speed_Variability,0.0
2024_Suzuka,P_0,2.6856482e-05
2024_Suzuka,P_1,2.0371248e-05
2024_Suzuka,P_2,8.562922e-06
2024_Suzuka,Style_Cluster_ID,0.0
2024_Suzuka,Style_Entropy,6.809908e-05
2024_Suzuka,Year,0.0
2024_Suzuka,Tyre_Compound_Interaction,0.0015823069
2024_Shanghai,LapNumber,0.004533809
2024_Shanghai,Stint,0.0
2024_Shanghai,TyreLife,0.0007915106
2024_Shanghai,Position,0.013164223
2024_Shanghai,AirTemp,0.00062612985
2024_Shanghai,Humidity,0.011263519
2024_Shanghai,Pressure,0.00015372146
2024_Shanghai,TrackTemp,0.0021541587
2024_Shanghai,WindDirection,0.00033073482
2024_Shanghai,WindSpeed,0.000114903894
2024_Shanghai,FuelLoad,0.0042353724
2024_Shanghai,Track_Evolution,0.0017035956
2024_Shanghai,Cumulative_Field_Dist_KM,0.010247473
2024_Shanghai,Lap_Damage,0.0012613562
2024_Shanghai,LatOffset_Mean,5.275388e-06
2024_Shanghai,Accumulated_Tyre_Wear,7.2398216e-05
2024_Shanghai,LatOffset_Std,2.5969728e-05
2024_Shanghai,Energy_Lap,0.00092064514
2024_Shanghai,Gap_To_Car_Ahead,0.000103133105
2024_Shanghai,Dirty_Air_Fraction,0.0
2024_Shanghai,Aero_Loss,1.4588924e-05
2024_Shanghai,DRS_Fraction,2.1012224e-06
2024_Shanghai,Traction_1_5,0.00075866416
2024_Shanghai,Asphalt_Grip_1_5,0.0
2024_Shanghai,Asphalt_Abrasion_1_5,0.015794966
2024_Shanghai,Track_Evolution_1_5,0.0
2024_Shanghai,Tyre_Stress_1_5,0.0011400649
2024_Shanghai,Braking_1_5,0.00012840595
2024_Shanghai,Lateral_1_5,0.0
2024_Shanghai,Downforce_1_5,0.00040368154
2024_Shanghai,Min_Pressure_Front_PSI,0.00018494383
2024_Shanghai,Min_Pressure_Rear_PSI,0.00020946444
2024_Shanghai,Circuit_Length_KM,0.0067585604
2024_Shanghai,Compound_Int,0.00015827228
2024_Shanghai,Wear_Severity_Index,0.00020052459
2024_Shanghai,Track_Flow_Type,2.5523912e-05
2024_Shanghai,Grip_Aero_Balance,9.894796e-05
2024_Shanghai,Total_Min_Pressure,9.3237664e-05
2024_Shanghai,Pressure_Delta,1.3926956e-05
2024_Shanghai,Prev_LapTime,0.00052156014
2024_Shanghai,Lag_2,1.3012382e-05
2024_Shanghai,Rolling_Avg_3,0.0001656374
2024_Shanghai,Prev_Delta,0.06991831
2024_Shanghai,Driver_Encoded,4.9677365e-06
2024_Shanghai,Location_Encoded,0.0019659565
2024_Shanghai,Team_Encoded,4.6850946e-06
2024_Shanghai,Mean_Apex_Speed_Ratio,0.0002628844
2024_Shanghai,Std_Apex_Speed_Ratio,0.0
2024_Shanghai,Mean_Brake_Fraction,1.4785335e-05
2024_Shanghai,Std_Brake_Fraction,4.7293074e-06
2024_Shanghai,Mean_Brake_Point_Norm,0.00023288105
2024_Shanghai,Std_Brake_Point_Norm,3.388845e-05
2024_Shanghai,Mean_Throttle_On_Dist_Norm,0.0
2024_Shanghai,Std_Throttle_On_Dist_Norm,5.6809928e-05
2024_Shanghai,Mean_Throttle_Integral_Norm,6.836843e-05
2024_Shanghai,Std_Throttle_Integral_Norm,1.5393123e-05
2024_Shanghai,Mean_Speed_Variability,1.1571712e-05
2024_Shanghai,Std_Speed_Variability,7.4655395e-06
2024_Shanghai,P_0,2.3184733e-05
2024_Shanghai,P_1,3.761986e-05
2024_Shanghai,P_2,2.642865e-06
2024_Shanghai,Style_Cluster_ID,1.782221e-06
2024_Shanghai,Style_Entropy,6.184645e-05
2024_Shanghai,Year,0.0
2024_Shanghai,Tyre_Compound_Interaction,0.001226872
2024_Miami,LapNumber,0.0075370045
2024_Miami,Stint,0.0
2024_Miami,TyreLife,0.0007611625
2024_Miami,Position,0.013671086
2024_Miami,AirTemp,0.00041879862
2024_Miami,Humidity,0.0061058938
2024_Miami,Pressure,1.9644442e-06
2024_Miami,TrackTemp,0.00022602233
2024_Miami,WindDirection,3.0072001e-06
2024_Miami,WindSpeed,3.424525e-05
2024_Miami,FuelLoad,0.004297638
2024_Miami,Track_Evolution,0.0008937036
2024_Miami,Cumulative_Field_Dist_KM,0.002955331
2024_Miami,Lap_Damage,0.0031949305
2024_Miami,LatOffset_Mean,5.4316442e-06
2024_Miami,Accumulated_Tyre_Wear,0.00017707182
2024_Miami,LatOffset_Std,2.4723164e-05
2024_Miami,Energy_Lap,0.00033774064
2024_Miami,Gap_To_Car_Ahead,7.8035584e-05
2024_Miami,Dirty_Air_Fraction,0.0
2024_Miami,Aero_Loss,1.271159e-05
2024_Miami,DRS_Fraction,0.0
2024_Miami,Traction_1_5,0.00020563877
2024_Miami,Asphalt_Grip_1_5,0.0
2024_Miami,Asphalt_Abrasion_1_5,0.009293285
2024_Miami,Track_Evolution_1_5,0.0
2024_Miami,Tyre_Stress_1_5,0.0009382681
2024_Miami,Braking_1_5,0.0
2024_Miami,Lateral_1_5,0.0
2024_Miami,Downforce_1_5,0.0017071894
2024_Miami,Min_Pressure_Front_PSI,3.3432258e-05
2024_Miami,Min_Pressure_Rear_PSI,1.3677872e-05
2024_Miami,Circuit_Length_KM,0.00048258543
2024_Miami,Compound_Int,0.0001990646
2024_Miami,Wear_Severity_Index,0.0005555596
2024_Miami,Track_Flow_Type,3.176552e-05
2024_Miami,Grip_Aero_Balance,0.00033747847
2024_Miami,Total_Min_Pressure,0.00010004288
2024_Miami,Pressure_Delta,1.0289744e-05
2024_Miami,Prev_LapTime,0.00043548923
2024_Miami,Lag_2,5.4126256e-05
2024_Miami,Rolling_Avg_3,0.00035347254
2024_Miami,Prev_Delta,0.07390881
2024_Miami,Driver_Encoded,5.082192e-06
2024_Miami,Location_Encoded,0.0014915259
2024_Miami,Team_Encoded,0.0
2024_Miami,Mean_Apex_Speed_Ratio,0.00019179657
2024_Miami,Std_Apex_Speed_Ratio,8.315658e-06
2024_Miami,Mean_Brake_Fraction,1.2284753e-05
2024_Miami,Std_Brake_Fraction,3.4227319e-06
2024_Miami,Mean_Brake_Point_Norm,0.0002736597
2024_Miami,Std_Brake_Point_Norm,1.5965128e-05
2024_Miami,Mean_Throttle_On_Dist_Norm,0.0
2024_Miami,Std_Throttle_On_Dist_Norm,8.447339e-05
2024_Miami,Mean_Throttle_Integral_Norm,1.6833126e-05
2024_Miami,Std_Throttle_Integral_Norm,3.4057332e-06
2024_Miami,Mean_Speed_Variability,1.0333476e-05
2024_Miami,Std_Speed_Variability,1.0798757e-05
2024_Miami,P_0,0.0
2024_Miami,P_1,1.897465e-05
2024_Miami,P_2,4.353835e-06
2024_Miami,Style_Cluster_ID,1.822292e-06
2024_Miami,Style_Entropy,8.686632e-05
2024_Miami,Year,0.0
2024_Miami,Tyre_Compound_Interaction,0.0010168179
2024_Imola,LapNumber,0.0067220097
2024_Imola,Stint,0.0
2024_Imola,TyreLife,0.0022691279
2024_Imola,Position,0.0149671305
2024_Imola,AirTemp,0.00062821934
2024_Imola,Humidity,0.004607255
2024_Imola,Pressure,0.0
2024_Imola,TrackTemp,0.00026707991
2024_Imola,WindDirection,1.7931266e-05
2024_Imola,WindSpeed,1.9839214e-05
2024_Imola,FuelLoad,0.004530389
2024_Imola,Track_Evolution,0.0007813168
2024_Imola,Cumulative_Field_Dist_KM,0.0045303283
2024_Imola,Lap_Damage,0.0032086768
2024_Imola,LatOffset_Mean,3.190593e-05
2024_Imola,Accumulated_Tyre_Wear,0.00011014548
2024_Imola,LatOffset_Std,1.6851124e-06
2024_Imola,Energy_Lap,0.0013182285
2024_Imola,Gap_To_Car_Ahead,6.998233e-05
2024_Imola,Dirty_Air_Fraction,9.44699e-06
2024_Imola,Aero_Loss,0.0
2024_Imola,DRS_Fraction,0.0
2024_Imola,Traction_1_5,0.0010452014
2024_Imola,Asphalt_Grip_1_5,0.0
2024_Imola,Asphalt_Abrasion_1_5,0.007198408
2024_Imola,Track_Evolution_1_5,0.0
2024_Imola,Tyre_Stress_1_5,0.0010305196
2024_Imola,Braking_1_5,0.0
2024_Imola,Lateral_1_5,0.0
2024_Imola,Downforce_1_5,0.0006765656
2024_Imola,Min_Pressure_Front_PSI,4.8420894e-05
2024_Imola,Min_Pressure_Rear_PSI,1.3565051e-05
2024_Imola,Circuit_Length_KM,0.0002877765
2024_Imola,Compound_Int,0.00022307347
2024_Imola,Wear_Severity_Index,0.00019208055
2024_Imola,Track_Flow_Type,0.00029214038
2024_Imola,Grip_Aero_Balance,0.0005312753
2024_Imola,Total_Min_Pressure,9.4844065e-05
2024_Imola,Pressure_Delta,1.7394708e-05
2024_Imola,Prev_LapTime,0.0040836493
2024_Imola,Lag_2,0.0007696796
2024_Imola,Rolling_Avg_3,0.00026659798
2024_Imola,Prev_Delta,0.09388075
2024_Imola,Driver_Encoded,0.0
2024_Imola,Location_Encoded,0.0013025311
2024_Imola,Team_Encoded,0.0
2024_Imola,Mean_Apex_Speed_Ratio,0.00022541574
2024_Imola,Std_Apex_Speed_Ratio,2.2476333e-05
2024_Imola,Mean_Brake_Fraction,0.0002503609
2024_Imola,Std_Brake_Fraction,3.1016523e-05
2024_Imola,Mean_Brake_Point_Norm,0.00025005548
2024_Imola,Std_Brake_Point_Norm,6.844426e-05
2024_Imola,Mean_Throttle_On_Dist_Norm,1.7475317e-05
2024_Imola,Std_Throttle_On_Dist_Norm,4.060006e-05
2024_Imola,Mean_Throttle_Integral_Norm,9.207199e-05
2024_Imola,Std_Throttle_Integral_Norm,1.1898418e-05
2024_Imola,Mean_Speed_Variability,1.7122358e-05
2024_Imola,Std_Speed_Variability,0.0
2024_Imola,P_0,2.9300666e-06
2024_Imola,P_1,1.3852763e-05
2024_Imola,P_2,4.103745e-05
2024_Imola,Style_Cluster_ID,8.016373e-06
2024_Imola,Style_Entropy,5.9914342e-05
2024_Imola,Year,0.0
2024_Imola,Tyre_Compound_Interaction,0.003251466
2024_Monaco,LapNumber,0.041696623
2024_Monaco,Stint,0.0
2024_Monaco,TyreLife,0.08488209
2024_Monaco,Position,0.0116683785
2024_Monaco,AirTemp,0.00045832188
2024_Monaco,Humidity,0.008238002
2024_Monaco,Pressure,1.2060351e-06
2024_Monaco,TrackTemp,0.004423659
2024_Monaco,WindDirection,0.00077031547
2024_Monaco,WindSpeed,0.000572202
2024_Monaco,FuelLoad,0.02615999
2024_Monaco,Track_Evolution,0.008538355
2024_Monaco,Cumulative_Field_Dist_KM,0.0150352465
2024_Monaco,Lap_Damage,0.026152771
2024_Monaco,LatOffset_Mean,0.00015785517
2024_Monaco,Accumulated_Tyre_Wear,0.001620252
2024_Monaco,LatOffset_Std,1.5752845e-05
2024_Monaco,Energy_Lap,0.0006396295
2024_Monaco,Gap_To_Car_Ahead,0.0002519271
2024_Monaco,Dirty_Air_Fraction,0.00017718264
2024_Monaco,Aero_Loss,4.8658814e-05
2024_Monaco,DRS_Fraction,0.0
2024_Monaco,Traction_1_5,0.0
2024_Monaco,Asphalt_Grip_1_5,0.0
2024_Monaco,Asphalt_Abrasion_1_5,0.0062335683
2024_Monaco,Track_Evolution_1_5,0.0
2024_Monaco,Tyre_Stress_1_5,0.05722106
2024_Monaco,Braking_1_5,0.0
2024_Monaco,Lateral_1_5,0.0
2024_Monaco,Downforce_1_5,0.001228557
2024_Monaco,Min_Pressure_Front_PSI,0.0010025562
2024_Monaco,Min_Pressure_Rear_PSI,0.0004516485
2024_Monaco,Circuit_Length_KM,0.025742589
2024_Monaco,Compound_Int,0.0002185951
2024_Monaco,Wear_Severity_Index,0.013641026
2024_Monaco,Track_Flow_Type,0.0
2024_Monaco,Grip_Aero_Balance,0.0014143118
2024_Monaco,Total_Min_Pressure,0.00068532064
2024_Monaco,Pressure_Delta,0.0
2024_Monaco,Prev_LapTime,0.0020467662
2024_Monaco,Lag_2,0.0004415898
2024_Monaco,Rolling_Avg_3,0.0005750841
2024_Monaco,Prev_Delta,0.07252778
2024_Monaco,Driver_Encoded,0.0
2024_Monaco,Location_Encoded,0.00010892183
2024_Monaco,Team_Encoded,0.0
2024_Monaco,Mean_Apex_Speed_Ratio,0.0010337195
2024_Monaco,Std_Apex_Speed_Ratio,5.8209903e-06
2024_Monaco,Mean_Brake_Fraction,0.0013338163
2024_Monaco,Std_Brake_Fraction,0.00016204047
2024_Monaco,Mean_Brake_Point_Norm,0.00024259787
2024_Monaco,Std_Brake_Point_Norm,0.0018886366
2024_Monaco,Mean_Throttle_On_Dist_Norm,1.2344355e-05
2024_Monaco,Std_Throttle_On_Dist_Norm,0.0018009912
2024_Monaco,Mean_Throttle_Integral_Norm,0.0003137228
2024_Monaco,Std_Throttle_Integral_Norm,0.0015779857
2024_Monaco,Mean_Speed_Variability,0.0018391332
2024_Monaco,Std_Speed_Variability,1.2616152e-05
2024_Monaco,P_0,1.2086308e-05
2024_Monaco,P_1,0.00055906794
2024_Monaco,P_2,6.1280757e-06
2024_Monaco,Style_Cluster_ID,0.0
2024_Monaco,Style_Entropy,4.077842e-05
2024_Monaco,Year,2.0889602e-05
2024_Monaco,Tyre_Compound_Interaction,0.1289136
2024_Spielberg,LapNumber,0.013354607
2024_Spielberg,Stint,0.0013241385
2024_Spielberg,TyreLife,0.0008407261
2024_Spielberg,Position,0.01595235
2024_Spielberg,AirTemp,0.0006482631
2024_Spielberg,Humidity,0.0112518575
2024_Spielberg,Pressure,0.00016535452
2024_Spielberg,TrackTemp,0.0014445954
2024_Spielberg,WindDirection,5.9374714e-05
2024_Spielberg,WindSpeed,0.00011340812
2024_Spielberg,FuelLoad,0.0087440405
2024_Spielberg,Track_Evolution,0.0042680027
2024_Spielberg,Cumulative_Field_Dist_KM,0.0014323333
2024_Spielberg,Lap_Damage,0.0019014617
2024_Spielberg,LatOffset_Mean,0.0001631129
2024_Spielberg,Accumulated_Tyre_Wear,0.00015930978
2024_Spielberg,LatOffset_Std,0.0
2024_Spielberg,Energy_Lap,0.002347146
2024_Spielberg,Gap_To_Car_Ahead,0.00039924317
2024_Spielberg,Dirty_Air_Fraction,0.0005014829
2024_Spielberg,Aero_Loss,0.0
2024_Spielberg,DRS_Fraction,0.0
2024_Spielberg,Traction_1_5,8.017267e-05
2024_Spielberg,Asphalt_Grip_1_5,0.0
2024_Spielberg,Asphalt_Abrasion_1_5,0.002396706
2024_Spielberg,Track_Evolution_1_5,0.00022147811
2024_Spielberg,Tyre_Stress_1_5,0.00047693605
2024_Spielberg,Braking_1_5,0.00014263597
2024_Spielberg,Lateral_1_5,0.0
2024_Spielberg,Downforce_1_5,0.00025410813
2024_Spielberg,Min_Pressure_Front_PSI,1.7538325e-05
2024_Spielberg,Min_Pressure_Rear_PSI,2.7694114e-05
2024_Spielberg,Circuit_Length_KM,0.00042159227
2024_Spielberg,Compound_Int,0.00017473102
2024_Spielberg,Wear_Severity_Index,0.00072247395
2024_Spielberg,Track_Flow_Type,0.0
2024_Spielberg,Grip_Aero_Balance,0.00024836045
2024_Spielberg,Total_Min_Pressure,0.0004970666
2024_Spielberg,Pressure_Delta,0.0
2024_Spielberg,Prev_LapTime,0.015116495
2024_Spielberg,Lag_2,0.0011443126
2024_Spielberg,Rolling_Avg_3,0.0011162038
2024_Spielberg,Prev_Delta,0.08046334
2024_Spielberg,Driver_Encoded,0.0
2024_Spielberg,Location_Encoded,0.0018745761
2024_Spielberg,Team_Encoded,3.8977673e-06
2024_Spielberg,Mean_Apex_Speed_Ratio,0.0001971437
2024_Spielberg,Std_Apex_Speed_Ratio,2.6348704e-05
2024_Spielberg,Mean_Brake_Fraction,0.00012356583
2024_Spielberg,Std_Brake_Fraction,5.209235e-05
2024_Spielberg,Mean_Brake_Point_Norm,0.00014390275
2024_Spielberg,Std_Brake_Point_Norm,0.00040674183
2024_Spielberg,Mean_Throttle_On_Dist_Norm,0.00017485218
2024_Spielberg,Std_Throttle_On_Dist_Norm,9.210766e-05
2024_Spielberg,Mean_Throttle_Integral_Norm,7.99237e-05
2024_Spielberg,Std_Throttle_Integral_Norm,0.000106601576
2024_Spielberg,Mean_Speed_Variability,0.00033602142
2024_Spielberg,Std_Speed_Variability,8.706003e-05
2024_Spielberg,P_0,3.8979015e-05
2024_Spielberg,P_1,0.00010214956
2024_Spielberg,P_2,5.8359783e-05
2024_Spielberg,Style_Cluster_ID,3.649162e-05
2024_Spielberg,Style_Entropy,1.1506528e-06
2024_Spielberg,Year,8.675849e-05
2024_Spielberg,Tyre_Compound_Interaction,0.0008086313
2024_Silverstone,LapNumber,0.024012163
2024_Silverstone,Stint,0.0071361116
2024_Silverstone,TyreLife,0.0005116139
2024_Silverstone,Position,0.013170428
2024_Silverstone,AirTemp,0.00011570581
2024_Silverstone,Humidity,0.0077113416
2024_Silverstone,Pressure,0.0011375998
2024_Silverstone,TrackTemp,0.0027888988
2024_Silverstone,WindDirection,0.00011169312
2024_Silverstone,WindSpeed,2.3386297e-05
2024_Silverstone,FuelLoad,0.014735467
2024_Silverstone,Track_Evolution,0.004214801
2024_Silverstone,Cumulative_Field_Dist_KM,0.0017121712
2024_Silverstone,Lap_Damage,0.00339635
2024_Silverstone,LatOffset_Mean,0.00054240937
2024_Silverstone,Accumulated_Tyre_Wear,7.2776005e-05
2024_Silverstone,LatOffset_Std,0.0
2024_Silverstone,Energy_Lap,0.0012566288
2024_Silverstone,Gap_To_Car_Ahead,0.00015015685
2024_Silverstone,Dirty_Air_Fraction,4.2246887e-05
2024_Silverstone,Aero_Loss,2.6433316e-05
2024_Silverstone,DRS_Fraction,0.0
2024_Silverstone,Traction_1_5,0.000102207
2024_Silverstone,Asphalt_Grip_1_5,0.0
2024_Silverstone,Asphalt_Abrasion_1_5,0.007580159
2024_Silverstone,Track_Evolution_1_5,0.00023735965
2024_Silverstone,Tyre_Stress_1_5,0.0011029617
2024_Silverstone,Braking_1_5,0.00014506577
2024_Silverstone,Lateral_1_5,0.0
2024_Silverstone,Downforce_1_5,0.00037579832
2024_Silverstone,Min_Pressure_Front_PSI,8.018209e-05
2024_Silverstone,Min_Pressure_Rear_PSI,9.320862e-05
2024_Silverstone,Circuit_Length_KM,0.00013708635
2024_Silverstone,Compound_Int,0.00017982336
2024_Silverstone,Wear_Severity_Index,0.00032900067
2024_Silverstone,Track_Flow_Type,0.0
2024_Silverstone,Grip_Aero_Balance,0.00041565424
2024_Silverstone,Total_Min_Pressure,0.0006729236
2024_Silverstone,Pressure_Delta,0.0
2024_Silverstone,Prev_LapTime,0.0018695246
2024_Silverstone,Lag_2,0.0004027381
2024_Silverstone,Rolling_Avg_3,0.00020099884
2024_Silverstone,Prev_Delta,0.080818824
2024_Silverstone,Driver_Encoded,1.8430363e-05
2024_Silverstone,Location_Encoded,0.0027150633
2024_Silverstone,Team_Encoded,0.0005917551
2024_Silverstone,Mean_Apex_Speed_Ratio,8.292694e-05
2024_Silverstone,Std_Apex_Speed_Ratio,2.6785629e-05
2024_Silverstone,Mean_Brake_Fraction,8.542882e-06
2024_Silverstone,Std_Brake_Fraction,9.003052e-05
2024_Silverstone,Mean_Brake_Point_Norm,8.0831924e-05
2024_Silverstone,Std_Brake_Point_Norm,0.0009881408
2024_Silverstone,Mean_Throttle_On_Dist_Norm,1.4134781e-05
2024_Silverstone,Std_Throttle_On_Dist_Norm,0.00015728669
2024_Silverstone,Mean_Throttle_Integral_Norm,2.2368093e-05
2024_Silverstone,Std_Throttle_Integral_Norm,2.1099197e-05
2024_Silverstone,Mean_Speed_Variability,8.5767155e-05
2024_Silverstone,Std_Speed_Variability,5.069956e-05
2024_Silverstone,P_0,9.208412e-06
2024_Silverstone,P_1,0.00012505578
2024_Silverstone,P_2,1.0275099e-05
2024_Silverstone,Style_Cluster_ID,1.686497e-05
2024_Silverstone,Style_Entropy,6.690589e-06
2024_Silverstone,Year,0.0
2024_Silverstone,Tyre_Compound_Interaction,0.0006517844
2024_Budapest,LapNumber,0.019673103
2024_Budapest,Stint,0.0014790414
2024_Budapest,TyreLife,0.0008340583
2024_Budapest,Position,0.014174366
2024_Budapest,AirTemp,0.0004204395
2024_Budapest,Humidity,0.007190162
2024_Budapest,Pressure,0.00066605874
2024_Budapest,TrackTemp,0.00064768986
2024_Budapest,WindDirection,7.5900105e-05
2024_Budapest,WindSpeed,2.3573248e-05
2024_Budapest,FuelLoad,0.010158739
2024_Budapest,Track_Evolution,0.0039023058
2024_Budapest,Cumulative_Field_Dist_KM,0.0021581743
2024_Budapest,Lap_Damage,0.004160286
2024_Budapest,LatOffset_Mean,0.00016815176
2024_Budapest,Accumulated_Tyre_Wear,0.00028299438
2024_Budapest,LatOffset_Std,0.0
2024_Budapest,Energy_Lap,0.0004482514
2024_Budapest,Gap_To_Car_Ahead,0.00036814756
2024_Budapest,Dirty_Air_Fraction,4.075211e-05
2024_Budapest,Aero_Loss,0.0
2024_Budapest,DRS_Fraction,0.0
2024_Budapest,Traction_1_5,9.7072814e-05
2024_Budapest,Asphalt_Grip_1_5,0.0
2024_Budapest,Asphalt_Abrasion_1_5,0.0043177293
2024_Budapest,Track_Evolution_1_5,0.0
2024_Budapest,Tyre_Stress_1_5,0.00084040395
2024_Budapest,Braking_1_5,0.0
2024_Budapest,Lateral_1_5,4.5704703e-05
2024_Budapest,Downforce_1_5,0.00040143
2024_Budapest,Min_Pressure_Front_PSI,0.00015616653
2024_Budapest,Min_Pressure_Rear_PSI,2.4686626e-05
2024_Budapest,Circuit_Length_KM,0.00032527396
2024_Budapest,Compound_Int,0.00038954132
2024_Budapest,Wear_Severity_Index,0.0019016215
2024_Budapest,Track_Flow_Type,0.0
2024_Budapest,Grip_Aero_Balance,0.00021495542
2024_Budapest,Total_Min_Pressure,9.201435e-05
2024_Budapest,Pressure_Delta,4.8077593e-05
2024_Budapest,Prev_LapTime,0.0012926538
2024_Budapest,Lag_2,0.00055943796
2024_Budapest,Rolling_Avg_3,0.00023247342
2024_Budapest,Prev_Delta,0.10804124
2024_Budapest,Driver_Encoded,3.5690824e-05
2024_Budapest,Location_Encoded,0.0018417764
2024_Budapest,Team_Encoded,4.9280707e-06
2024_Budapest,Mean_Apex_Speed_Ratio,0.00015255465
2024_Budapest,Std_Apex_Speed_Ratio,0.000112440735
2024_Budapest,Mean_Brake_Fraction,6.324944e-05
2024_Budapest,Std_Brake_Fraction,0.00028269502
2024_Budapest,Mean_Brake_Point_Norm,0.00038194715
2024_Budapest,Std_Brake_Point_Norm,0.00021743076
2024_Budapest,Mean_Throttle_On_Dist_Norm,2.5165386e-05
2024_Budapest,Std_Throttle_On_Dist_Norm,0.00013433512
2024_Budapest,Mean_Throttle_Integral_Norm,2.4178255e-05
2024_Budapest,Std_Throttle_Integral_Norm,5.4661723e-05
2024_Budapest,Mean_Speed_Variability,5.5236138e-05
2024_Budapest,Std_Speed_Variability,0.00028315015
2024_Budapest,P_0,1.6454396e-05
2024_Budapest,P_1,0.00038297052
2024_Budapest,P_2,2.7794451e-05
2024_Budapest,Style_Cluster_ID,5.214734e-05
2024_Budapest,Style_Entropy,1.5787559e-06
2024_Budapest,Year,0.0
2024_Budapest,Tyre_Compound_Interaction,0.00072853273
2024_Spa-Francorchamps,LapNumber,0.011125066
2024_Spa-Francorchamps,Stint,0.0013387026
2024_Spa-Francorchamps,TyreLife,0.0005195988
2024_Spa-Francorchamps,Position,0.012706279
2024_Spa-Francorchamps,AirTemp,0.0008148489
2024_Spa-Francorchamps,Humidity,0.0037654967
2024_Spa-Francorchamps,Pressure,0.00041562342
2024_Spa-Francorchamps,TrackTemp,0.0007933963
2024_Spa-Francorchamps,WindDirection,0.00026334828
2024_Spa-Francorchamps,WindSpeed,0.00071501354
2024_Spa-Francorchamps,FuelLoad,0.011562364
2024_Spa-Francorchamps,Track_Evolution,0.0024758102
2024_Spa-Francorchamps,Cumulative_Field_Dist_KM,0.0036610186
2024_Spa-Francorchamps,Lap_Damage,0.010381764
2024_Spa-Francorchamps,LatOffset_Mean,0.00017837017
2024_Spa-Francorchamps,Accumulated_Tyre_Wear,0.00043213705
2024_Spa-Francorchamps,LatOffset_Std,3.274962e-05
2024_Spa-Francorchamps,Energy_Lap,0.013829678
2024_Spa-Francorchamps,Gap_To_Car_Ahead,0.00027483865
2024_Spa-Francorchamps,Dirty_Air_Fraction,5.4964275e-06
2024_Spa-Francorchamps,Aero_Loss,3.3577027e-05
2024_Spa-Francorchamps,DRS_Fraction,5.6875277e-05
2024_Spa-Francorchamps,Traction_1_5,4.5073386e-05
2024_Spa-Francorchamps,Asphalt_Grip_1_5,0.0
2024_Spa-Francorchamps,Asphalt_Abrasion_1_5,0.012808169
2024_Spa-Francorchamps,Track_Evolution_1_5,0.00023635701
2024_Spa-Francorchamps,Tyre_Stress_1_5,0.0005299984
2024_Spa-Francorchamps,Braking_1_5,0.0
2024_Spa-Francorchamps,Lateral_1_5,0.0
2024_Spa-Francorchamps,Downforce_1_5,0.0010058562
2024_Spa-Francorchamps,Min_Pressure_Front_PSI,2.2056089e-05
2024_Spa-Francorchamps,Min_Pressure_Rear_PSI,0.0012877912
2024_Spa-Francorchamps,Circuit_Length_KM,0.00011875793
2024_Spa-Francorchamps,Compound_Int,0.00020026826
2024_Spa-Francorchamps,Wear_Severity_Index,0.0023749406
2024_Spa-Francorchamps,Track_Flow_Type,0.0
2024_Spa-Francorchamps,Grip_Aero_Balance,9.8337616e-05
2024_Spa-Francorchamps,Total_Min_Pressure,0.0012851575
2024_Spa-Francorchamps,Pressure_Delta,6.4648e-05
2024_Spa-Francorchamps,Prev_LapTime,0.0033340089
2024_Spa-Francorchamps,Lag_2,0.0012136742
2024_Spa-Francorchamps,Rolling_Avg_3,0.0028794522
2024_Spa-Francorchamps,Prev_Delta,0.083073474
2024_Spa-Francorchamps,Driver_Encoded,0.0
2024_Spa-Francorchamps,Location_Encoded,0.0057628774
2024_Spa-Francorchamps,Team_Encoded,6.6302177e-06
2024_Spa-Francorchamps,Mean_Apex_Speed_Ratio,0.00017705439
2024_Spa-Francorchamps,Std_Apex_Speed_Ratio,5.0200462e-05
2024_Spa-Francorchamps,Mean_Brake_Fraction,2.1684456e-05
2024_Spa-Francorchamps,Std_Brake_Fraction,0.00018829468
2024_Spa-Francorchamps,Mean_Brake_Point_Norm,0.00015431667
2024_Spa-Francorchamps,Std_Brake_Point_Norm,0.0002947311
2024_Spa-Francorchamps,Mean_Throttle_On_Dist_Norm,5.9300313e-05
2024_Spa-Francorchamps,Std_Throttle_On_Dist_Norm,9.441932e-05
2024_Spa-Francorchamps,Mean_Throttle_Integral_Norm,1.4966994e-05
2024_Spa-Francorchamps,Std_Throttle_Integral_Norm,7.726676e-05
2024_Spa-Francorchamps,Mean_Speed_Variability,0.003802123
2024_Spa-Francorchamps,Std_Speed_Variability,8.003477e-05
2024_Spa-Francorchamps,P_0,0.00021720795
2024_Spa-Francorchamps,P_1,0.0001318151
2024_Spa-Francorchamps,P_2,4.6359357e-05
2024_Spa-Francorchamps,Style_Cluster_ID,0.0
2024_Spa-Francorchamps,Style_Entropy,3.3718516e-06
2024_Spa-Francorchamps,Year,0.0
2024_Spa-Francorchamps,Tyre_Compound_Interaction,0.00050698913
2024_Zandvoort,LapNumber,0.023678036
2024_Zandvoort,Stint,0.0027006224
2024_Zandvoort,TyreLife,0.00094726897
2024_Zandvoort,Position,0.01423152
2024_Zandvoort,AirTemp,0.00096640585
2024_Zandvoort,Humidity,0.007832525
2024_Zandvoort,Pressure,0.00012469615
2024_Zandvoort,TrackTemp,0.0022518884
2024_Zandvoort,WindDirection,5.6112032e-05
2024_Zandvoort,WindSpeed,1.5427444e-05
2024_Zandvoort,FuelLoad,0.014926575
2024_Zandvoort,Track_Evolution,0.0049876915
2024_Zandvoort,Cumulative_Field_Dist_KM,0.003270392
2024_Zandvoort,Lap_Damage,0.0026430574
2024_Zandvoort,LatOffset_Mean,0.00016109757
2024_Zandvoort,Accumulated_Tyre_Wear,0.00013050753
2024_Zandvoort,LatOffset_Std,2.3555194e-05
2024_Zandvoort,Energy_Lap,0.0007348167
2024_Zandvoort,Gap_To_Car_Ahead,0.00024514375
2024_Zandvoort,Dirty_Air_Fraction,0.00024257871
2024_Zandvoort,Aero_Loss,4.067312e-05
2024_Zandvoort,DRS_Fraction,0.00014690957
2024_Zandvoort,Traction_1_5,0.00021492117
2024_Zandvoort,Asphalt_Grip_1_5,0.0
2024_Zandvoort,Asphalt_Abrasion_1_5,0.003204593
2024_Zandvoort,Track_Evolution_1_5,0.0
2024_Zandvoort,Tyre_Stress_1_5,0.0012559614
2024_Zandvoort,Braking_1_5,0.0
2024_Zandvoort,Lateral_1_5,0.0
2024_Zandvoort,Downforce_1_5,0.0010452968
2024_Zandvoort,Min_Pressure_Front_PSI,2.2221791e-05
2024_Zandvoort,Min_Pressure_Rear_PSI,5.436696e-05
2024_Zandvoort,Circuit_Length_KM,0.00037349845
2024_Zandvoort,Compound_Int,0.00019356316
2024_Zandvoort,Wear_Severity_Index,0.0013136406
2024_Zandvoort,Track_Flow_Type,3.6240155e-05
2024_Zandvoort,Grip_Aero_Balance,0.00038507683
2024_Zandvoort,Total_Min_Pressure,7.601907e-05
2024_Zandvoort,Pressure_Delta,0.00021258839
2024_Zandvoort,Prev_LapTime,0.007895487
2024_Zandvoort,Lag_2,0.002214066
2024_Zandvoort,Rolling_Avg_3,0.0010094154
2024_Zandvoort,Prev_Delta,0.110786416
2024_Zandvoort,Driver_Encoded,0.00012289634
2024_Zandvoort,Location_Encoded,0.0037846891
2024_Zandvoort,Team_Encoded,6.5033905e-06
2024_Zandvoort,Mean_Apex_Speed_Ratio,9.201579e-05
2024_Zandvoort,Std_Apex_Speed_Ratio,0.00013595924
2024_Zandvoort,Mean_Brake_Fraction,1.5751733e-05
2024_Zandvoort,Std_Brake_Fraction,0.0001868695
2024_Zandvoort,Mean_Brake_Point_Norm,0.00024480245
2024_Zandvoort,Std_Brake_Point_Norm,0.00034507323
2024_Zandvoort,Mean_Throttle_On_Dist_Norm,3.4828616e-05
2024_Zandvoort,Std_Throttle_On_Dist_Norm,0.000110132714
2024_Zandvoort,Mean_Throttle_Integral_Norm,1.3097751e-05
2024_Zandvoort,Std_Throttle_Integral_Norm,3.7036814e-05
2024_Zandvoort,Mean_Speed_Variability,0.0003379599
2024_Zandvoort,Std_Speed_Variability,2.4435238e-05
2024_Zandvoort,P_0,0.00021580083
2024_Zandvoort,P_1,0.00014630012
2024_Zandvoort,P_2,2.165779e-05
2024_Zandvoort,Style_Cluster_ID,0.0
2024_Zandvoort,Style_Entropy,8.33988e-06
2024_Zandvoort,Year,4.2095166e-05
2024_Zandvoort,Tyre_Compound_Interaction,0.00079665217
2024_Monza,LapNumber,0.021101942
2024_Monza,Stint,0.0022678117
2024_Monza,TyreLife,0.00081958226
2024_Monza,Position,0.014502052
2024_Monza,AirTemp,0.0054788725
2024_Monza,Humidity,0.012087833
2024_Monza,Pressure,0.0005400578
2024_Monza,TrackTemp,0.00027778995
2024_Monza,WindDirection,1.9858302e-05
2024_Monza,WindSpeed,2.6734011e-05
2024_Monza,FuelLoad,0.011334075
2024_Monza,Track_Evolution,0.0036511421
2024_Monza,Cumulative_Field_Dist_KM,0.0032992386
2024_Monza,Lap_Damage,0.0022341972
2024_Monza,LatOffset_Mean,0.00021455315
2024_Monza,Accumulated_Tyre_Wear,0.00011901761
2024_Monza,LatOffset_Std,5.2373958e-05
2024_Monza,Energy_Lap,0.0003248572
2024_Monza,Gap_To_Car_Ahead,0.00034531648
2024_Monza,Dirty_Air_Fraction,0.00026049456
2024_Monza,Aero_Loss,0.00012638584
2024_Monza,DRS_Fraction,6.312542e-05
2024_Monza,Traction_1_5,7.919161e-05
2024_Monza,Asphalt_Grip_1_5,0.0
2024_Monza,Asphalt_Abrasion_1_5,0.005259323
2024_Monza,Track_Evolution_1_5,0.0
2024_Monza,Tyre_Stress_1_5,0.00073936
2024_Monza,Braking_1_5,0.0
2024_Monza,Lateral_1_5,0.0
2024_Monza,Downforce_1_5,0.002297424
2024_Monza,Min_Pressure_Front_PSI,8.857842e-05
2024_Monza,Min_Pressure_Rear_PSI,7.118103e-05
2024_Monza,Circuit_Length_KM,5.3731535e-05
2024_Monza,Compound_Int,0.00019489745
2024_Monza,Wear_Severity_Index,0.0019449783
2024_Monza,Track_Flow_Type,0.0
2024_Monza,Grip_Aero_Balance,0.00017086328
2024_Monza,Total_Min_Pressure,7.7691504e-05
2024_Monza,Pressure_Delta,0.00019517457
2024_Monza,Prev_LapTime,0.0017242805
2024_Monza,Lag_2,0.0005962374
2024_Monza,Rolling_Avg_3,0.00037179378
2024_Monza,Prev_Delta,0.09912556
2024_Monza,Driver_Encoded,0.0
2024_Monza,Location_Encoded,0.0006585916
2024_Monza,Team_Encoded,0.00020262373
2024_Monza,Mean_Apex_Speed_Ratio,0.0003278314
2024_Monza,Std_Apex_Speed_Ratio,0.0001756523
2024_Monza,Mean_Brake_Fraction,2.1412414e-05
2024_Monza,Std_Brake_Fraction,0.00017749664
2024_Monza,Mean_Brake_Point_Norm,0.00020663175
2024_Monza,Std_Brake_Point_Norm,0.0003464982
2024_Monza,Mean_Throttle_On_Dist_Norm,4.614747e-05
2024_Monza,Std_Throttle_On_Dist_Norm,6.48635e-05
2024_Monza,Mean_Throttle_Integral_Norm,2.3450899e-05
2024_Monza,Std_Throttle_Integral_Norm,4.3016855e-05
2024_Monza,Mean_Speed_Variability,4.2301832e-05
2024_Monza,Std_Speed_Variability,1.6415366e-05
2024_Monza,P_0,0.00023436309
2024_Monza,P_1,0.00034861467
2024_Monza,P_2,4.253541e-06
2024_Monza,Style_Cluster_ID,0.0
2024_Monza,Style_Entropy,0.0
2024_Monza,Year,5.373686e-05
2024_Monza,Tyre_Compound_Interaction,0.00087919296
2024_Baku,LapNumber,0.026946377
2024_Baku,Stint,0.0033439377
2024_Baku,TyreLife,0.0007995862
2024_Baku,Position,0.016033458
2024_Baku,AirTemp,0.0006191139
2024_Baku,Humidity,0.012613288
2024_Baku,Pressure,0.00014633495
2024_Baku,TrackTemp,0.0013960402
2024_Baku,WindDirection,5.269698e-05
2024_Baku,WindSpeed,8.372687e-05
2024_Baku,FuelLoad,0.017471503
2024_Baku,Track_Evolution,0.008737827
2024_Baku,Cumulative_Field_Dist_KM,0.0021414554
2024_Baku,Lap_Damage,0.0021253668
2024_Baku,LatOffset_Mean,0.00036419794
2024_Baku,Accumulated_Tyre_Wear,0.00018352825
2024_Baku,LatOffset_Std,4.1853073e-05
2024_Baku,Energy_Lap,0.00015524481
2024_Baku,Gap_To_Car_Ahead,0.00031180325
2024_Baku,Dirty_Air_Fraction,1.7755452e-05
2024_Baku,Aero_Loss,5.2809035e-05
2024_Baku,DRS_Fraction,6.0683953e-05
2024_Baku,Traction_1_5,0.00013378442
2024_Baku,Asphalt_Grip_1_5,1.8586214e-05
2024_Baku,Asphalt_Abrasion_1_5,0.004421167
2024_Baku,Track_Evolution_1_5,0.00013788811
2024_Baku,Tyre_Stress_1_5,0.00027919977
2024_Baku,Braking_1_5,0.0
2024_Baku,Lateral_1_5,0.0
2024_Baku,Downforce_1_5,0.0036950568
2024_Baku,Min_Pressure_Front_PSI,6.745172e-06
2024_Baku,Min_Pressure_Rear_PSI,3.4025972e-05
2024_Baku,Circuit_Length_KM,7.179645e-05
2024_Baku,Compound_Int,0.00022479611
2024_Baku,Wear_Severity_Index,0.0022875606
2024_Baku,Track_Flow_Type,0.0
2024_Baku,Grip_Aero_Balance,8.0873855e-05
2024_Baku,Total_Min_Pressure,7.866911e-05
2024_Baku,Pressure_Delta,7.976964e-05
2024_Baku,Prev_LapTime,0.004922957
2024_Baku,Lag_2,0.0014803775
2024_Baku,Rolling_Avg_3,0.0016205057
2024_Baku,Prev_Delta,0.09946895
2024_Baku,Driver_Encoded,0.0
2024_Baku,Location_Encoded,0.0018215457
2024_Baku,Team_Encoded,0.00027927003
2024_Baku,Mean_Apex_Speed_Ratio,0.0003999759
2024_Baku,Std_Apex_Speed_Ratio,5.6827663e-05
2024_Baku,Mean_Brake_Fraction,3.15381e-05
2024_Baku,Std_Brake_Fraction,0.00014653253
2024_Baku,Mean_Brake_Point_Norm,7.667524e-05
2024_Baku,Std_Brake_Point_Norm,0.00047359787
2024_Baku,Mean_Throttle_On_Dist_Norm,2.3831974e-05
2024_Baku,Std_Throttle_On_Dist_Norm,8.544218e-05
2024_Baku,Mean_Throttle_Integral_Norm,3.58107e-05
2024_Baku,Std_Throttle_Integral_Norm,4.169074e-05
2024_Baku,Mean_Speed_Variability,1.6806858e-05
2024_Baku,Std_Speed_Variability,1.1247162e-05
2024_Baku,P_0,1.4901748e-05
2024_Baku,P_1,0.0002332598
2024_Baku,P_2,1.3934433e-05
2024_Baku,Style_Cluster_ID,0.0
2024_Baku,Style_Entropy,3.1049774e-05
2024_Baku,Year,5.6322984e-05
2024_Baku,Tyre_Compound_Interaction,0.00113117
2024_Marina Bay,LapNumber,0.025632983
2024_Marina Bay,Stint,0.003800262
2024_Marina Bay,TyreLife,0.0008287451
2024_Marina Bay,Position,0.014469391
2024_Marina Bay,AirTemp,0.0011665185
2024_Marina Bay,Humidity,0.0063240025
2024_Marina Bay,Pressure,0.00046378936
2024_Marina Bay,TrackTemp,0.0018272421
2024_Marina Bay,WindDirection,3.2295684e-05
2024_Marina Bay,WindSpeed,3.8543047e-05
2024_Marina Bay,FuelLoad,0.013464788
2024_Marina Bay,Track_Evolution,0.0049899714
2024_Marina Bay,Cumulative_Field_Dist_KM,0.0025025907
2024_Marina Bay,Lap_Damage,0.00527076
2024_Marina Bay,LatOffset_Mean,0.00032417232
2024_Marina Bay,Accumulated_Tyre_Wear,0.00012665517
2024_Marina Bay,LatOffset_Std,3.586456e-05
2024_Marina Bay,Energy_Lap,0.0007863592
2024_Marina Bay,Gap_To_Car_Ahead,0.0004934341
2024_Marina Bay,Dirty_Air_Fraction,5.3408894e-05
2024_Marina Bay,Aero_Loss,4.9326285e-05
2024_Marina Bay,DRS_Fraction,0.0002514613
2024_Marina Bay,Traction_1_5,3.6562913e-05
2024_Marina Bay,Asphalt_Grip_1_5,4.2718657e-05
2024_Marina Bay,Asphalt_Abrasion_1_5,0.004948152
2024_Marina Bay,Track_Evolution_1_5,0.0
2024_Marina Bay,Tyre_Stress_1_5,0.0019933456
2024_Marina Bay,Braking_1_5,0.0
2024_Marina Bay,Lateral_1_5,0.0
2024_Marina Bay,Downforce_1_5,0.0017903858
2024_Marina Bay,Min_Pressure_Front_PSI,4.912782e-05
2024_Marina Bay,Min_Pressure_Rear_PSI,6.3179454e-05
2024_Marina Bay,Circuit_Length_KM,0.00018572103
2024_Marina Bay,Compound_Int,0.0020187437
2024_Marina Bay,Wear_Severity_Index,0.00145361
2024_Marina Bay,Track_Flow_Type,0.0
2024_Marina Bay,Grip_Aero_Balance,0.00021020949
2024_Marina Bay,Total_Min_Pressure,0.00018523732
2024_Marina Bay,Pressure_Delta,5.8349327e-05
2024_Marina Bay,Prev_LapTime,0.0030591453
2024_Marina Bay,Lag_2,0.00086900673
2024_Marina Bay,Rolling_Avg_3,0.00015237035
2024_Marina Bay,Prev_Delta,0.114494674
2024_Marina Bay,Driver_Encoded,0.0
2024_Marina Bay,Location_Encoded,0.0011233772
2024_Marina Bay,Team_Encoded,0.0
2024_Marina Bay,Mean_Apex_Speed_Ratio,0.00011048363
2024_Marina Bay,Std_Apex_Speed_Ratio,1.5518022e-05
2024_Marina Bay,Mean_Brake_Fraction,7.9115685e-05
2024_Marina Bay,Std_Brake_Fraction,0.00045400567
2024_Marina Bay,Mean_Brake_Point_Norm,0.00021070856
2024_Marina Bay,Std_Brake_Point_Norm,0.0004573226
2024_Marina Bay,Mean_Throttle_On_Dist_Norm,1.25718325e-05
2024_Marina Bay,Std_Throttle_On_Dist_Norm,0.00012522396
2024_Marina Bay,Mean_Throttle_Integral_Norm,1.7719416e-05
2024_Marina Bay,Std_Throttle_Integral_Norm,5.6514236e-05
2024_Marina Bay,Mean_Speed_Variability,6.0839822e-05
2024_Marina Bay,Std_Speed_Variability,5.021179e-05
2024_Marina Bay,P_0,0.00019663092
2024_Marina Bay,P_1,0.00022690611
2024_Marina Bay,P_2,5.005885e-06
2024_Marina Bay,Style_Cluster_ID,0.0
2024_Marina Bay,Style_Entropy,7.322603e-06
2024_Marina Bay,Year,2.5107001e-05
2024_Marina Bay,Tyre_Compound_Interaction,0.0008058277
2024_Austin,LapNumber,0.01939109
2024_Austin,Stint,0.002414616
2024_Austin,TyreLife,0.00060443644
2024_Austin,Position,0.015242948
2024_Austin,AirTemp,0.0002534145
2024_Austin,Humidity,0.0077728014
2024_Austin,Pressure,0.00035355933
2024_Austin,TrackTemp,0.0010142495
2024_Austin,WindDirection,9.717822e-06
2024_Austin,WindSpeed,4.2634114e-05
2024_Austin,FuelLoad,0.010702238
2024_Austin,Track_Evolution,0.0051497966
2024_Austin,Cumulative_Field_Dist_KM,0.0019512643
2024_Austin,Lap_Damage,0.0012244062
2024_Austin,LatOffset_Mean,6.161979e-05
2024_Austin,Accumulated_Tyre_Wear,8.075905e-05
2024_Austin,LatOffset_Std,3.0378327e-05
2024_Austin,Energy_Lap,0.00043750962
2024_Austin,Gap_To_Car_Ahead,0.00016816554
2024_Austin,Dirty_Air_Fraction,0.00035026614
2024_Austin,Aero_Loss,0.00018777448
2024_Austin,DRS_Fraction,0.00031382506
2024_Austin,Traction_1_5,2.5661191e-05
2024_Austin,Asphalt_Grip_1_5,0.0
2024_Austin,Asphalt_Abrasion_1_5,0.003223761
2024_Austin,Track_Evolution_1_5,0.0
2024_Austin,Tyre_Stress_1_5,0.0005729238
2024_Austin,Braking_1_5,1.4764536e-05
2024_Austin,Lateral_1_5,0.0
2024_Austin,Downforce_1_5,0.0025903778
2024_Austin,Min_Pressure_Front_PSI,1.1328043e-05
2024_Austin,Min_Pressure_Rear_PSI,4.3933775e-05
2024_Austin,Circuit_Length_KM,7.501381e-05
2024_Austin,Compound_Int,0.00018149815
2024_Austin,Wear_Severity_Index,0.0004455598
2024_Austin,Track_Flow_Type,0.0
2024_Austin,Grip_Aero_Balance,0.00014028291
2024_Austin,Total_Min_Pressure,9.665544e-05
2024_Austin,Pressure_Delta,4.6736273e-05
2024_Austin,Prev_LapTime,0.0014760945
2024_Austin,Lag_2,0.000474038
2024_Austin,Rolling_Avg_3,7.4820324e-05
2024_Austin,Prev_Delta,0.0997256
2024_Austin,Driver_Encoded,0.0
2024_Austin,Location_Encoded,0.0009020164
2024_Austin,Team_Encoded,3.665822e-06
2024_Austin,Mean_Apex_Speed_Ratio,0.00037211523
2024_Austin,Std_Apex_Speed_Ratio,0.00021038193
2024_Austin,Mean_Brake_Fraction,0.00011775637
2024_Austin,Std_Brake_Fraction,0.00016601336
2024_Austin,Mean_Brake_Point_Norm,0.00016902066
2024_Austin,Std_Brake_Point_Norm,0.00024076064
2024_Austin,Mean_Throttle_On_Dist_Norm,4.176232e-05
2024_Austin,Std_Throttle_On_Dist_Norm,0.00012123559
2024_Austin,Mean_Throttle_Integral_Norm,3.6194833e-05
2024_Austin,Std_Throttle_Integral_Norm,1.7979573e-05
2024_Austin,Mean_Speed_Variability,0.00015685748
2024_Austin,Std_Speed_Variability,2.859414e-05
2024_Austin,P_0,0.0001542728
2024_Austin,P_1,6.463558e-05
2024_Austin,P_2,3.393388e-05
2024_Austin,Style_Cluster_ID,0.0
2024_Austin,Style_Entropy,5.8422593e-06
2024_Austin,Year,7.100892e-06
2024_Austin,Tyre_Compound_Interaction,0.0009798355
2024_Mexico City,LapNumber,0.0315088
2024_Mexico City,Stint,0.005901892
2024_Mexico City,TyreLife,0.0006555985
2024_Mexico City,Position,0.014714513
2024_Mexico City,AirTemp,0.0005600008
2024_Mexico City,Humidity,0.011687249
2024_Mexico City,Pressure,0.0003890989
2024_Mexico City,TrackTemp,0.0024730798
2024_Mexico City,WindDirection,6.442156e-05
2024_Mexico City,WindSpeed,2.7418753e-05
2024_Mexico City,FuelLoad,0.015694734
2024_Mexico City,Track_Evolution,0.00828177
2024_Mexico City,Cumulative_Field_Dist_KM,0.0020504755
2024_Mexico City,Lap_Damage,0.0016972825
2024_Mexico City,LatOffset_Mean,0.00020446285
2024_Mexico City,Accumulated_Tyre_Wear,0.00043531158
2024_Mexico City,LatOffset_Std,0.0003628638
2024_Mexico City,Energy_Lap,0.03247693
2024_Mexico City,Gap_To_Car_Ahead,0.00019744858
2024_Mexico City,Dirty_Air_Fraction,0.00014998004
2024_Mexico City,Aero_Loss,0.00012477064
2024_Mexico City,DRS_Fraction,0.00041573905
2024_Mexico City,Traction_1_5,5.3356536e-05
2024_Mexico City,Asphalt_Grip_1_5,2.583518e-05
2024_Mexico City,Asphalt_Abrasion_1_5,0.0032376254
2024_Mexico City,Track_Evolution_1_5,0.0
2024_Mexico City,Tyre_Stress_1_5,0.00075447897
2024_Mexico City,Braking_1_5,1.6586677e-05
2024_Mexico City,Lateral_1_5,0.0
2024_Mexico City,Downforce_1_5,0.0025948086
2024_Mexico City,Min_Pressure_Front_PSI,9.411876e-05
2024_Mexico City,Min_Pressure_Rear_PSI,6.458954e-05
2024_Mexico City,Circuit_Length_KM,0.000109262335
2024_Mexico City,Compound_Int,0.00017126591
2024_Mexico City,Wear_Severity_Index,0.000301429
2024_Mexico City,Track_Flow_Type,0.0
2024_Mexico City,Grip_Aero_Balance,0.00015479668
2024_Mexico City,Total_Min_Pressure,0.00013290615
2024_Mexico City,Pressure_Delta,0.0
2024_Mexico City,Prev_LapTime,0.006205027
2024_Mexico City,Lag_2,0.000692792
2024_Mexico City,Rolling_Avg_3,0.00013497089
2024_Mexico City,Prev_Delta,0.10544624
2024_Mexico City,Driver_Encoded,0.0
2024_Mexico City,Location_Encoded,0.0013701448
2024_Mexico City,Team_Encoded,0.0002506867
2024_Mexico City,Mean_Apex_Speed_Ratio,2.8315122e-05
2024_Mexico City,Std_Apex_Speed_Ratio,2.513882e-05
2024_Mexico City,Mean_Brake_Fraction,1.0482921e-05
2024_Mexico City,Std_Brake_Fraction,0.00014662415
2024_Mexico City,Mean_Brake_Point_Norm,0.00025606158
2024_Mexico City,Std_Brake_Point_Norm,0.00040495498
2024_Mexico City,Mean_Throttle_On_Dist_Norm,2.9964986e-05
2024_Mexico City,Std_Throttle_On_Dist_Norm,0.00012536456
2024_Mexico City,Mean_Throttle_Integral_Norm,4.0981824e-05
2024_Mexico City,Std_Throttle_Integral_Norm,2.9230483e-05
2024_Mexico City,Mean_Speed_Variability,0.00024935987
2024_Mexico City,Std_Speed_Variability,5.0225546e-05
2024_Mexico City,P_0,0.00013245274
2024_Mexico City,P_1,0.0011103122
2024_Mexico City,P_2,8.59136e-05
2024_Mexico City,Style_Cluster_ID,0.0
2024_Mexico City,Style_Entropy,8.433088e-06
2024_Mexico City,Year,6.6545526e-06
2024_Mexico City,Tyre_Compound_Interaction,0.00084000884
2024_Las Vegas,LapNumber,0.01813615
2024_Las Vegas,Stint,0.004046002
2024_Las Vegas,TyreLife,0.00037244766
2024_Las Vegas,Position,0.014583627
2024_Las Vegas,AirTemp,0.0061429823
2024_Las Vegas,Humidity,0.003055542
2024_Las Vegas,Pressure,0.00015237785
2024_Las Vegas,TrackTemp,0.0027222421
2024_Las Vegas,WindDirection,9.0908536e-05
2024_Las Vegas,WindSpeed,4.603955e-05
2024_Las Vegas,FuelLoad,0.009326099
2024_Las Vegas,Track_Evolution,0.0020106363
2024_Las Vegas,Cumulative_Field_Dist_KM,0.0035500675
2024_Las Vegas,Lap_Damage,0.0017435694
2024_Las Vegas,LatOffset_Mean,0.00023326444
2024_Las Vegas,Accumulated_Tyre_Wear,0.00015335668
2024_Las Vegas,LatOffset_Std,2.5733863e-05
2024_Las Vegas,Energy_Lap,0.0001232993
2024_Las Vegas,Gap_To_Car_Ahead,0.00033795682
2024_Las Vegas,Dirty_Air_Fraction,0.00022044846
2024_Las Vegas,Aero_Loss,0.00015333855
2024_Las Vegas,DRS_Fraction,0.0005145089
2024_Las Vegas,Traction_1_5,0.0003050167
2024_Las Vegas,Asphalt_Grip_1_5,7.131339e-05
2024_Las Vegas,Asphalt_Abrasion_1_5,0.00400023
2024_Las Vegas,Track_Evolution_1_5,1.4375566e-05
2024_Las Vegas,Tyre_Stress_1_5,0.0008715771
2024_Las Vegas,Braking_1_5,2.0042411e-05
2024_Las Vegas,Lateral_1_5,0.0
2024_Las Vegas,Downforce_1_5,0.0022806262
2024_Las Vegas,Min_Pressure_Front_PSI,0.0005199536
2024_Las Vegas,Min_Pressure_Rear_PSI,0.0004344171
2024_Las Vegas,Circuit_Length_KM,0.00019789908
2024_Las Vegas,Compound_Int,0.00022613391
2024_Las Vegas,Wear_Severity_Index,0.00034735893
2024_Las Vegas,Track_Flow_Type,0.0
2024_Las Vegas,Grip_Aero_Balance,0.0005636055
2024_Las Vegas,Total_Min_Pressure,2.2245304e-05
2024_Las Vegas,Pressure_Delta,1.1524216e-05
2024_Las Vegas,Prev_LapTime,0.0013786422
2024_Las Vegas,Lag_2,0.00039608713
2024_Las Vegas,Rolling_Avg_3,0.00044813805
2024_Las Vegas,Prev_Delta,0.113553956
2024_Las Vegas,Driver_Encoded,0.0
2024_Las Vegas,Location_Encoded,0.0015955472
2024_Las Vegas,Team_Encoded,0.00012893783
2024_Las Vegas,Mean_Apex_Speed_Ratio,3.3895965e-05
2024_Las Vegas,Std_Apex_Speed_Ratio,2.5460708e-05
2024_Las Vegas,Mean_Brake_Fraction,3.95268e-06
2024_Las Vegas,Std_Brake_Fraction,0.00012086835
2024_Las Vegas,Mean_Brake_Point_Norm,0.00017942557
2024_Las Vegas,Std_Brake_Point_Norm,0.00019787245
2024_Las Vegas,Mean_Throttle_On_Dist_Norm,0.00028120895
2024_Las Vegas,Std_Throttle_On_Dist_Norm,0.00019238792
2024_Las Vegas,Mean_Throttle_Integral_Norm,1.2575902e-05
2024_Las Vegas,Std_Throttle_Integral_Norm,3.7607308e-05
2024_Las Vegas,Mean_Speed_Variability,0.00023539267
2024_Las Vegas,Std_Speed_Variability,6.879899e-05
2024_Las Vegas,P_0,7.0264534e-05
2024_Las Vegas,P_1,5.7685556e-05
2024_Las Vegas,P_2,3.307683e-05
2024_Las Vegas,Style_Cluster_ID,0.0
2024_Las Vegas,Style_Entropy,2.8553151e-05
2024_Las Vegas,Year,2.046112e-05
2024_Las Vegas,Tyre_Compound_Interaction,0.0014851274
2024_Lusail,LapNumber,0.029519798
2024_Lusail,Stint,0.008611783
2024_Lusail,TyreLife,0.00035782866
2024_Lusail,Position,0.013287633
2024_Lusail,AirTemp,0.0009887533
2024_Lusail,Humidity,0.0040751304
2024_Lusail,Pressure,0.00019736157
2024_Lusail,TrackTemp,0.004928262
2024_Lusail,WindDirection,0.00011686835
2024_Lusail,WindSpeed,0.0002627071
2024_Lusail,FuelLoad,0.009233523
2024_Lusail,Track_Evolution,0.0028330612
2024_Lusail,Cumulative_Field_Dist_KM,0.0043288153
2024_Lusail,Lap_Damage,0.0013179986
2024_Lusail,LatOffset_Mean,0.00015070719
2024_Lusail,Accumulated_Tyre_Wear,7.1466675e-05
2024_Lusail,LatOffset_Std,2.2829685e-05
2024_Lusail,Energy_Lap,9.499844e-05
2024_Lusail,Gap_To_Car_Ahead,0.00023343475
2024_Lusail,Dirty_Air_Fraction,0.00016193278
2024_Lusail,Aero_Loss,0.00013143868
2024_Lusail,DRS_Fraction,0.00050126837
2024_Lusail,Traction_1_5,0.0
2024_Lusail,Asphalt_Grip_1_5,0.00025512595
2024_Lusail,Asphalt_Abrasion_1_5,0.0038460046
2024_Lusail,Track_Evolution_1_5,0.0
2024_Lusail,Tyre_Stress_1_5,0.0003666057
2024_Lusail,Braking_1_5,2.3784238e-05
2024_Lusail,Lateral_1_5,0.0
2024_Lusail,Downforce_1_5,0.0012316069
2024_Lusail,Min_Pressure_Front_PSI,3.8195907e-05
2024_Lusail,Min_Pressure_Rear_PSI,1.1464915e-05
2024_Lusail,Circuit_Length_KM,6.244588e-05
2024_Lusail,Compound_Int,0.00011339475
2024_Lusail,Wear_Severity_Index,0.0008483035
2024_Lusail,Track_Flow_Type,0.0
2024_Lusail,Grip_Aero_Balance,0.00028876675
2024_Lusail,Total_Min_Pressure,6.178049e-05
2024_Lusail,Pressure_Delta,5.108105e-06
2024_Lusail,Prev_LapTime,0.00063427514
2024_Lusail,Lag_2,7.9882404e-05
2024_Lusail,Rolling_Avg_3,0.00012405467
2024_Lusail,Prev_Delta,0.08437405
2024_Lusail,Driver_Encoded,0.0
2024_Lusail,Location_Encoded,0.00095336756
2024_Lusail,Team_Encoded,0.0
2024_Lusail,Mean_Apex_Speed_Ratio,1.23006785e-05
2024_Lusail,Std_Apex_Speed_Ratio,2.1470636e-05
2024_Lusail,Mean_Brake_Fraction,4.9693995e-06
2024_Lusail,Std_Brake_Fraction,0.00013037246
2024_Lusail,Mean_Brake_Point_Norm,0.00013754163
2024_Lusail,Std_Brake_Point_Norm,0.00073023356
2024_Lusail,Mean_Throttle_On_Dist_Norm,0.00038931408
2024_Lusail,Std_Throttle_On_Dist_Norm,0.00010845914
2024_Lusail,Mean_Throttle_Integral_Norm,5.0818594e-06
2024_Lusail,Std_Throttle_Integral_Norm,3.0908246e-05
2024_Lusail,Mean_Speed_Variability,0.0010919125
2024_Lusail,Std_Speed_Variability,0.00023661388
2024_Lusail,P_0,5.5571425e-05
2024_Lusail,P_1,4.296399e-05
2024_Lusail,P_2,7.724428e-05
2024_Lusail,Style_Cluster_ID,0.0
2024_Lusail,Style_Entropy,5.7789425e-06
2024_Lusail,Year,0.0
2024_Lusail,Tyre_Compound_Interaction,0.0010903408
2024_Yas Island,LapNumber,0.024236714
2024_Yas Island,Stint,0.0047223074
2024_Yas Island,TyreLife,0.0003687361
2024_Yas Island,Position,0.0142065715
2024_Yas Island,AirTemp,0.0008807837
2024_Yas Island,Humidity,0.0037345397
2024_Yas Island,Pressure,0.0005579941
2024_Yas Island,TrackTemp,0.0040212837
2024_Yas Island,WindDirection,0.000107732194
2024_Yas Island,WindSpeed,5.5061268e-05
2024_Yas Island,FuelLoad,0.007795911
2024_Yas Island,Track_Evolution,0.0016889907
2024_Yas Island,Cumulative_Field_Dist_KM,0.0037590375
2024_Yas Island,Lap_Damage,0.0014096276
2024_Yas Island,LatOffset_Mean,0.0001879568
2024_Yas Island,Accumulated_Tyre_Wear,6.749162e-05
2024_Yas Island,LatOffset_Std,3.3322824e-05
2024_Yas Island,Energy_Lap,0.00023745465
2024_Yas Island,Gap_To_Car_Ahead,0.00031794314
2024_Yas Island,Dirty_Air_Fraction,0.00020272583
2024_Yas Island,Aero_Loss,0.00019711586
2024_Yas Island,DRS_Fraction,0.00047239618
2024_Yas Island,Traction_1_5,0.0
2024_Yas Island,Asphalt_Grip_1_5,0.00028106046
2024_Yas Island,Asphalt_Abrasion_1_5,0.0047155414
2024_Yas Island,Track_Evolution_1_5,0.0
2024_Yas Island,Tyre_Stress_1_5,0.00066285307
2024_Yas Island,Braking_1_5,1.3745049e-05
2024_Yas Island,Lateral_1_5,0.0
2024_Yas Island,Downforce_1_5,0.00061632216
2024_Yas Island,Min_Pressure_Front_PSI,5.922634e-05
2024_Yas Island,Min_Pressure_Rear_PSI,7.727488e-06
2024_Yas Island,Circuit_Length_KM,7.167331e-05
2024_Yas Island,Compound_Int,0.00046952526
2024_Yas Island,Wear_Severity_Index,0.00017249059
2024_Yas Island,Track_Flow_Type,9.000447e-05
2024_Yas Island,Grip_Aero_Balance,0.00015162009
2024_Yas Island,Total_Min_Pressure,3.975817e-05
2024_Yas Island,Pressure_Delta,0.0
2024_Yas Island,Prev_LapTime,0.0014262167
2024_Yas Island,Lag_2,0.00012033266
2024_Yas Island,Rolling_Avg_3,0.000109172746
2024_Yas Island,Prev_Delta,0.091102794
2024_Yas Island,Driver_Encoded,1.3125907e-05
2024_Yas Island,Location_Encoded,0.0028581638
2024_Yas Island,Team_Encoded,7.5879534e-06
2024_Yas Island,Mean_Apex_Speed_Ratio,2.33601e-05
2024_Yas Island,Std_Apex_Speed_Ratio,1.7488803e-05
2024_Yas Island,Mean_Brake_Fraction,5.815637e-06
2024_Yas Island,Std_Brake_Fraction,0.00012902406
2024_Yas Island,Mean_Brake_Point_Norm,0.00014554853
2024_Yas Island,Std_Brake_Point_Norm,0.00015017884
2024_Yas Island,Mean_Throttle_On_Dist_Norm,0.0003884137
2024_Yas Island,Std_Throttle_On_Dist_Norm,0.00015282462
2024_Yas Island,Mean_Throttle_Integral_Norm,1.0576336e-05
2024_Yas Island,Std_Throttle_Integral_Norm,6.292661e-05
2024_Yas Island,Mean_Speed_Variability,0.0005924393
2024_Yas Island,Std_Speed_Variability,7.622482e-05
2024_Yas Island,P_0,7.6650974e-07
2024_Yas Island,P_1,6.5606466e-05
2024_Yas Island,P_2,5.807511e-05
2024_Yas Island,Style_Cluster_ID,0.0
2024_Yas Island,Style_Entropy,1.19559145e-05
2024_Yas Island,Year,0.00037169148
2024_Yas Island,Tyre_Compound_Interaction,0.0012867734
2025_Shanghai,LapNumber,0.026472056
2025_Shanghai,Stint,0.0017243676
2025_Shanghai,TyreLife,0.00056986103
2025_Shanghai,Position,0.014684081
2025_Shanghai,AirTemp,0.0005163941
2025_Shanghai,Humidity,0.010239797
2025_Shanghai,Pressure,0.00021978201
2025_Shanghai,TrackTemp,0.0023784342
2025_Shanghai,WindDirection,7.6984565e-05
2025_Shanghai,WindSpeed,4.7671827e-05
2025_Shanghai,FuelLoad,0.014211083
2025_Shanghai,Track_Evolution,0.0041673495
2025_Shanghai,Cumulative_Field_Dist_KM,0.008691282
2025_Shanghai,Lap_Damage,0.0009944239
2025_Shanghai,LatOffset_Mean,0.00022502216
2025_Shanghai,Accumulated_Tyre_Wear,5.492312e-05
2025_Shanghai,LatOffset_Std,1.3773867e-05
2025_Shanghai,Energy_Lap,0.00011855091
2025_Shanghai,Gap_To_Car_Ahead,0.00013975604
2025_Shanghai,Dirty_Air_Fraction,0.00019678679
2025_Shanghai,Aero_Loss,4.7222624e-05
2025_Shanghai,DRS_Fraction,0.0005686726
2025_Shanghai,Traction_1_5,0.0
2025_Shanghai,Asphalt_Grip_1_5,0.00015230228
2025_Shanghai,Asphalt_Abrasion_1_5,0.0042805476
2025_Shanghai,Track_Evolution_1_5,0.0
2025_Shanghai,Tyre_Stress_1_5,0.0008182642
2025_Shanghai,Braking_1_5,1.4047724e-05
2025_Shanghai,Lateral_1_5,3.4113476e-05
2025_Shanghai,Downforce_1_5,0.0006384384
2025_Shanghai,Min_Pressure_Front_PSI,0.00033699407
2025_Shanghai,Min_Pressure_Rear_PSI,7.279195e-06
2025_Shanghai,Circuit_Length_KM,5.5194134e-05
2025_Shanghai,Compound_Int,0.00034288387
2025_Shanghai,Wear_Severity_Index,0.00021009342
2025_Shanghai,Track_Flow_Type,0.00020872807
2025_Shanghai,Grip_Aero_Balance,0.00023002445
2025_Shanghai,Total_Min_Pressure,2.380344e-05
2025_Shanghai,Pressure_Delta,0.0
2025_Shanghai,Prev_LapTime,0.0013305668
2025_Shanghai,Lag_2,0.000106579115
2025_Shanghai,Rolling_Avg_3,5.2776177e-05
2025_Shanghai,Prev_Delta,0.07974394
2025_Shanghai,Driver_Encoded,0.0
2025_Shanghai,Location_Encoded,0.0028992582
2025_Shanghai,Team_Encoded,4.0706004e-06
2025_Shanghai,Mean_Apex_Speed_Ratio,4.1919542e-05
2025_Shanghai,Std_Apex_Speed_Ratio,2.1034379e-05
2025_Shanghai,Mean_Brake_Fraction,2.8217202e-05
2025_Shanghai,Std_Brake_Fraction,0.00015004241
2025_Shanghai,Mean_Brake_Point_Norm,0.000110605244
2025_Shanghai,Std_Brake_Point_Norm,9.309461e-05
2025_Shanghai,Mean_Throttle_On_Dist_Norm,9.361191e-05
2025_Shanghai,Std_Throttle_On_Dist_Norm,9.15066e-05
2025_Shanghai,Mean_Throttle_Integral_Norm,1.682904e-05
2025_Shanghai,Std_Throttle_Integral_Norm,6.0301463e-05
2025_Shanghai,Mean_Speed_Variability,0.00039593992
2025_Shanghai,Std_Speed_Variability,0.00013234741
2025_Shanghai,P_0,1.9133919e-05
2025_Shanghai,P_1,7.4230826e-05
2025_Shanghai,P_2,5.230457e-05
2025_Shanghai,Style_Cluster_ID,0.0
2025_Shanghai,Style_Entropy,1.7554017e-05
2025_Shanghai,Year,0.0
2025_Shanghai,Tyre_Compound_Interaction,0.0011680471
2025_Suzuka,LapNumber,0.025361808
2025_Suzuka,Stint,0.009436696
2025_Suzuka,TyreLife,0.00031027108
2025_Suzuka,Position,0.016114436
2025_Suzuka,AirTemp,0.009070296
2025_Suzuka,Humidity,0.0037888673
2025_Suzuka,Pressure,0.0002448105
2025_Suzuka,TrackTemp,0.003789614
2025_Suzuka,WindDirection,0.00027012656
2025_Suzuka,WindSpeed,8.052933e-05
2025_Suzuka,FuelLoad,0.010481344
2025_Suzuka,Track_Evolution,0.0014209513
2025_Suzuka,Cumulative_Field_Dist_KM,0.0029145607
2025_Suzuka,Lap_Damage,0.0025631986
2025_Suzuka,LatOffset_Mean,0.00027362717
2025_Suzuka,Accumulated_Tyre_Wear,0.00023655946
2025_Suzuka,LatOffset_Std,3.898448e-05
2025_Suzuka,Energy_Lap,9.846524e-05
2025_Suzuka,Gap_To_Car_Ahead,0.00019372512
2025_Suzuka,Dirty_Air_Fraction,0.00017099133
2025_Suzuka,Aero_Loss,5.9144077e-05
2025_Suzuka,DRS_Fraction,0.00043743994
2025_Suzuka,Traction_1_5,0.0
2025_Suzuka,Asphalt_Grip_1_5,0.0001232109
2025_Suzuka,Asphalt_Abrasion_1_5,0.013077339
2025_Suzuka,Track_Evolution_1_5,0.0
2025_Suzuka,Tyre_Stress_1_5,0.0006938222
2025_Suzuka,Braking_1_5,8.5074425e-06
2025_Suzuka,Lateral_1_5,0.0
2025_Suzuka,Downforce_1_5,0.00028545785
2025_Suzuka,Min_Pressure_Front_PSI,3.81985e-05
2025_Suzuka,Min_Pressure_Rear_PSI,3.207299e-05
2025_Suzuka,Circuit_Length_KM,8.4927146e-05
2025_Suzuka,Compound_Int,0.0004949843
2025_Suzuka,Wear_Severity_Index,0.0011087961
2025_Suzuka,Track_Flow_Type,0.00026377762
2025_Suzuka,Grip_Aero_Balance,0.00012403645
2025_Suzuka,Total_Min_Pressure,2.0227766e-05
2025_Suzuka,Pressure_Delta,0.0
2025_Suzuka,Prev_LapTime,0.002031713
2025_Suzuka,Lag_2,0.0009795938
2025_Suzuka,Rolling_Avg_3,0.00033772032
2025_Suzuka,Prev_Delta,0.06906745
2025_Suzuka,Driver_Encoded,0.0
2025_Suzuka,Location_Encoded,0.0032687783
2025_Suzuka,Team_Encoded,0.0
2025_Suzuka,Mean_Apex_Speed_Ratio,2.6948317e-05
2025_Suzuka,Std_Apex_Speed_Ratio,1.6140844e-05
2025_Suzuka,Mean_Brake_Fraction,5.3116215e-05
2025_Suzuka,Std_Brake_Fraction,6.210513e-05
2025_Suzuka,Mean_Brake_Point_Norm,0.00015266465
2025_Suzuka,Std_Brake_Point_Norm,0.00047564457
2025_Suzuka,Mean_Throttle_On_Dist_Norm,0.00071876094
2025_Suzuka,Std_Throttle_On_Dist_Norm,0.00018229846
2025_Suzuka,Mean_Throttle_Integral_Norm,8.40974e-06
2025_Suzuka,Std_Throttle_Integral_Norm,6.618889e-05
2025_Suzuka,Mean_Speed_Variability,0.00062851293
2025_Suzuka,Std_Speed_Variability,0.00021163416
2025_Suzuka,P_0,7.289113e-05
2025_Suzuka,P_1,8.7683424e-05
2025_Suzuka,P_2,6.507439e-05
2025_Suzuka,Style_Cluster_ID,0.0
2025_Suzuka,Style_Entropy,1.26034065e-05
2025_Suzuka,Year,0.00037685147
2025_Suzuka,Tyre_Compound_Interaction,0.001850201
2025_Sakhir,LapNumber,0.027535846
2025_Sakhir,Stint,0.0042434586
2025_Sakhir,TyreLife,0.00030431076
2025_Sakhir,Position,0.015054295
2025_Sakhir,AirTemp,0.0014125726
2025_Sakhir,Humidity,0.0015257937
2025_Sakhir,Pressure,0.00048198365
2025_Sakhir,TrackTemp,0.0039996514
2025_Sakhir,WindDirection,1.5959802e-05
2025_Sakhir,WindSpeed,0.00022066593
2025_Sakhir,FuelLoad,0.010103511
2025_Sakhir,Track_Evolution,0.00057782745
2025_Sakhir,Cumulative_Field_Dist_KM,0.0028798785
2025_Sakhir,Lap_Damage,0.0013969217
2025_Sakhir,LatOffset_Mean,0.00015337268
2025_Sakhir,Accumulated_Tyre_Wear,0.00016740411
2025_Sakhir,LatOffset_Std,3.0990712e-05
2025_Sakhir,Energy_Lap,9.313303e-05
2025_Sakhir,Gap_To_Car_Ahead,0.00015422302
2025_Sakhir,Dirty_Air_Fraction,0.00029021117
2025_Sakhir,Aero_Loss,2.9944631e-05
2025_Sakhir,DRS_Fraction,0.00072163815
2025_Sakhir,Traction_1_5,0.0
2025_Sakhir,Asphalt_Grip_1_5,0.00024092033
2025_Sakhir,Asphalt_Abrasion_1_5,0.008940497
2025_Sakhir,Track_Evolution_1_5,0.0
2025_Sakhir,Tyre_Stress_1_5,0.0011915088
2025_Sakhir,Braking_1_5,5.768002e-05
2025_Sakhir,Lateral_1_5,0.0
2025_Sakhir,Downforce_1_5,0.00037319306
2025_Sakhir,Min_Pressure_Front_PSI,4.853556e-05
2025_Sakhir,Min_Pressure_Rear_PSI,0.00046451957
2025_Sakhir,Circuit_Length_KM,0.00019492606
2025_Sakhir,Compound_Int,0.00063578406
2025_Sakhir,Wear_Severity_Index,0.00031291804
2025_Sakhir,Track_Flow_Type,0.0003975381
2025_Sakhir,Grip_Aero_Balance,0.0001959913
2025_Sakhir,Total_Min_Pressure,3.5901692e-05
2025_Sakhir,Pressure_Delta,0.00039894358
2025_Sakhir,Prev_LapTime,0.0021951864
2025_Sakhir,Lag_2,0.00044321187
2025_Sakhir,Rolling_Avg_3,0.00026476604
2025_Sakhir,Prev_Delta,0.09131282
2025_Sakhir,Driver_Encoded,3.216445e-05
2025_Sakhir,Location_Encoded,0.0013238863
2025_Sakhir,Team_Encoded,5.163635e-06
2025_Sakhir,Mean_Apex_Speed_Ratio,1.3952164e-05
2025_Sakhir,Std_Apex_Speed_Ratio,4.01861e-06
2025_Sakhir,Mean_Brake_Fraction,1.5604532e-05
2025_Sakhir,Std_Brake_Fraction,0.00017319688
2025_Sakhir,Mean_Brake_Point_Norm,0.00020026101
2025_Sakhir,Std_Brake_Point_Norm,0.00021529825
2025_Sakhir,Mean_Throttle_On_Dist_Norm,0.0003992839
2025_Sakhir,Std_Throttle_On_Dist_Norm,0.00010690325
2025_Sakhir,Mean_Throttle_Integral_Norm,7.6336155e-06
2025_Sakhir,Std_Throttle_Integral_Norm,0.00017975198
2025_Sakhir,Mean_Speed_Variability,0.00039925228
2025_Sakhir,Std_Speed_Variability,7.232983e-05
2025_Sakhir,P_0,5.3258514e-06
2025_Sakhir,P_1,6.4232176e-05
2025_Sakhir,P_2,6.3990614e-05
2025_Sakhir,Style_Cluster_ID,0.0
2025_Sakhir,Style_Entropy,3.0051227e-05
2025_Sakhir,Year,0.0006982017
2025_Sakhir,Tyre_Compound_Interaction,0.0014372771
2025_Jeddah,LapNumber,0.022519954
2025_Jeddah,Stint,0.0052980613
2025_Jeddah,TyreLife,0.00041456454
2025_Jeddah,Position,0.013101594
2025_Jeddah,AirTemp,0.0013971367
2025_Jeddah,Humidity,0.0031941957
2025_Jeddah,Pressure,9.031015e-05
2025_Jeddah,TrackTemp,0.0007955594
2025_Jeddah,WindDirection,2.1272628e-05
2025_Jeddah,WindSpeed,0.0006655325
2025_Jeddah,FuelLoad,0.012096951
2025_Jeddah,Track_Evolution,0.0010409298
2025_Jeddah,Cumulative_Field_Dist_KM,0.000686545
2025_Jeddah,Lap_Damage,0.00064581627
2025_Jeddah,LatOffset_Mean,0.00022997701
2025_Jeddah,Accumulated_Tyre_Wear,7.289692e-05
2025_Jeddah,LatOffset_Std,2.2822927e-05
2025_Jeddah,Energy_Lap,0.00022793454
2025_Jeddah,Gap_To_Car_Ahead,0.00010824143
2025_Jeddah,Dirty_Air_Fraction,0.0001425222
2025_Jeddah,Aero_Loss,3.654236e-05
2025_Jeddah,DRS_Fraction,0.00039638035
2025_Jeddah,Traction_1_5,6.809125e-05
2025_Jeddah,Asphalt_Grip_1_5,0.0002620193
2025_Jeddah,Asphalt_Abrasion_1_5,0.0045880545
2025_Jeddah,Track_Evolution_1_5,0.0
2025_Jeddah,Tyre_Stress_1_5,0.000260774
2025_Jeddah,Braking_1_5,7.522473e-05
2025_Jeddah,Lateral_1_5,7.4768586e-06
2025_Jeddah,Downforce_1_5,0.0009868956
2025_Jeddah,Min_Pressure_Front_PSI,3.1281394e-05
2025_Jeddah,Min_Pressure_Rear_PSI,0.00014911604
2025_Jeddah,Circuit_Length_KM,0.00010571749
2025_Jeddah,Compound_Int,0.00039963907
2025_Jeddah,Wear_Severity_Index,0.0004417662
2025_Jeddah,Track_Flow_Type,0.00089639536
2025_Jeddah,Grip_Aero_Balance,5.1261293e-05
2025_Jeddah,Total_Min_Pressure,2.8733113e-05
2025_Jeddah,Pressure_Delta,0.00021359329
2025_Jeddah,Prev_LapTime,0.0038512417
2025_Jeddah,Lag_2,0.0024209297
2025_Jeddah,Rolling_Avg_3,0.00018947938
2025_Jeddah,Prev_Delta,0.07482586
2025_Jeddah,Driver_Encoded,2.1302621e-05
2025_Jeddah,Location_Encoded,0.0009635862
2025_Jeddah,Team_Encoded,5.4759003e-06
2025_Jeddah,Mean_Apex_Speed_Ratio,0.00023964187
2025_Jeddah,Std_Apex_Speed_Ratio,3.0081093e-05
2025_Jeddah,Mean_Brake_Fraction,1.7513497e-05
2025_Jeddah,Std_Brake_Fraction,0.00014165923
2025_Jeddah,Mean_Brake_Point_Norm,0.00027694594
2025_Jeddah,Std_Brake_Point_Norm,0.00036718286
2025_Jeddah,Mean_Throttle_On_Dist_Norm,5.886923e-06
2025_Jeddah,Std_Throttle_On_Dist_Norm,8.72941e-05
2025_Jeddah,Mean_Throttle_Integral_Norm,2.4771045e-05
2025_Jeddah,Std_Throttle_Integral_Norm,2.2411876e-05
2025_Jeddah,Mean_Speed_Variability,0.001278039
2025_Jeddah,Std_Speed_Variability,2.4848541e-05
2025_Jeddah,P_0,1.8843511e-05
2025_Jeddah,P_1,5.935656e-05
2025_Jeddah,P_2,0.00010390778
2025_Jeddah,Style_Cluster_ID,0.0
2025_Jeddah,Style_Entropy,4.3553464e-06
2025_Jeddah,Year,0.0
2025_Jeddah,Tyre_Compound_Interaction,0.00089537585
2025_Imola,LapNumber,0.031680148
2025_Imola,Stint,0.0066416496
2025_Imola,TyreLife,0.00076344376
2025_Imola,Position,0.014544602
2025_Imola,AirTemp,0.0011641287
2025_Imola,Humidity,0.0070426892
2025_Imola,Pressure,0.00011584922
2025_Imola,TrackTemp,0.0011463121
2025_Imola,WindDirection,8.2826855e-06
2025_Imola,WindSpeed,7.364148e-05
2025_Imola,FuelLoad,0.0131163765
2025_Imola,Track_Evolution,0.0010309523
2025_Imola,Cumulative_Field_Dist_KM,0.000913836
2025_Imola,Lap_Damage,0.0010638778
2025_Imola,LatOffset_Mean,0.00024819092
2025_Imola,Accumulated_Tyre_Wear,0.00010282524
2025_Imola,LatOffset_Std,1.48787585e-05
2025_Imola,Energy_Lap,7.6059805e-05
2025_Imola,Gap_To_Car_Ahead,9.020667e-05
2025_Imola,Dirty_Air_Fraction,0.00035346622
2025_Imola,Aero_Loss,3.0039162e-05
2025_Imola,DRS_Fraction,0.0005554842
2025_Imola,Traction_1_5,0.0
2025_Imola,Asphalt_Grip_1_5,0.00017665215
2025_Imola,Asphalt_Abrasion_1_5,0.004187903
2025_Imola,Track_Evolution_1_5,0.0
2025_Imola,Tyre_Stress_1_5,0.0002691344
2025_Imola,Braking_1_5,3.7057955e-05
2025_Imola,Lateral_1_5,1.451917e-05
2025_Imola,Downforce_1_5,0.00025610902
2025_Imola,Min_Pressure_Front_PSI,0.00011798037
2025_Imola,Min_Pressure_Rear_PSI,0.00023002838
2025_Imola,Circuit_Length_KM,0.0001146805
2025_Imola,Compound_Int,0.0052058315
2025_Imola,Wear_Severity_Index,0.0005017824
2025_Imola,Track_Flow_Type,0.00019655151
2025_Imola,Grip_Aero_Balance,6.643436e-05
2025_Imola,Total_Min_Pressure,7.2858595e-05
2025_Imola,Pressure_Delta,0.00030896944
2025_Imola,Prev_LapTime,0.013920524
2025_Imola,Lag_2,0.006998732
2025_Imola,Rolling_Avg_3,0.0043222453
2025_Imola,Prev_Delta,0.079594366
2025_Imola,Driver_Encoded,5.447337e-05
2025_Imola,Location_Encoded,0.0005990257
2025_Imola,Team_Encoded,1.4793003e-06
2025_Imola,Mean_Apex_Speed_Ratio,5.7654823e-05
2025_Imola,Std_Apex_Speed_Ratio,5.886337e-06
2025_Imola,Mean_Brake_Fraction,9.8928e-06
2025_Imola,Std_Brake_Fraction,7.930379e-05
2025_Imola,Mean_Brake_Point_Norm,9.543364e-05
2025_Imola,Std_Brake_Point_Norm,0.00045807997
2025_Imola,Mean_Throttle_On_Dist_Norm,0.00023482487
2025_Imola,Std_Throttle_On_Dist_Norm,5.8651796e-05
2025_Imola,Mean_Throttle_Integral_Norm,2.818588e-05
2025_Imola,Std_Throttle_Integral_Norm,6.6012195e-05
2025_Imola,Mean_Speed_Variability,0.00067859987
2025_Imola,Std_Speed_Variability,2.516763e-05
2025_Imola,P_0,9.990182e-07
2025_Imola,P_1,6.443334e-05
2025_Imola,P_2,5.1645762e-05
2025_Imola,Style_Cluster_ID,0.0
2025_Imola,Style_Entropy,2.3832054e-06
2025_Imola,Year,0.0012395985
2025_Imola,Tyre_Compound_Interaction,0.0021628488
2025_Monaco,LapNumber,0.033858456
2025_Monaco,Stint,0.0058892583
2025_Monaco,TyreLife,0.009254484
2025_Monaco,Position,0.013166908
2025_Monaco,AirTemp,0.0029949516
2025_Monaco,Humidity,0.0054205735
2025_Monaco,Pressure,0.00017332024
2025_Monaco,TrackTemp,0.00557468
2025_Monaco,WindDirection,3.8011851e-06
2025_Monaco,WindSpeed,0.00049605407
2025_Monaco,FuelLoad,0.016559621
2025_Monaco,Track_Evolution,0.0024045182
2025_Monaco,Cumulative_Field_Dist_KM,0.0016102621
2025_Monaco,Lap_Damage,0.011960005
2025_Monaco,LatOffset_Mean,0.00056848204
2025_Monaco,Accumulated_Tyre_Wear,0.0014295164
2025_Monaco,LatOffset_Std,0.00043314937
2025_Monaco,Energy_Lap,0.0007456353
2025_Monaco,Gap_To_Car_Ahead,0.00044168404
2025_Monaco,Dirty_Air_Fraction,0.0006333969
2025_Monaco,Aero_Loss,0.00021907767
2025_Monaco,DRS_Fraction,0.0013482689
2025_Monaco,Traction_1_5,0.0
2025_Monaco,Asphalt_Grip_1_5,0.00024446138
2025_Monaco,Asphalt_Abrasion_1_5,0.0019184046
2025_Monaco,Track_Evolution_1_5,0.0
2025_Monaco,Tyre_Stress_1_5,0.006649979
2025_Monaco,Braking_1_5,0.0003085869
2025_Monaco,Lateral_1_5,0.00013481504
2025_Monaco,Downforce_1_5,0.00030854502
2025_Monaco,Min_Pressure_Front_PSI,0.01660306
2025_Monaco,Min_Pressure_Rear_PSI,0.00045699376
2025_Monaco,Circuit_Length_KM,0.011474154
2025_Monaco,Compound_Int,0.0023816926
2025_Monaco,Wear_Severity_Index,0.0006439608
2025_Monaco,Track_Flow_Type,0.00011207516
2025_Monaco,Grip_Aero_Balance,9.908095e-05
2025_Monaco,Total_Min_Pressure,0.0009638643
2025_Monaco,Pressure_Delta,0.0010570367
2025_Monaco,Prev_LapTime,0.022637803
2025_Monaco,Lag_2,0.008977724
2025_Monaco,Rolling_Avg_3,0.0025469908
2025_Monaco,Prev_Delta,0.13489436
2025_Monaco,Driver_Encoded,7.643204e-05
2025_Monaco,Location_Encoded,0.0012110613
2025_Monaco,Team_Encoded,0.0
2025_Monaco,Mean_Apex_Speed_Ratio,0.00021253103
2025_Monaco,Std_Apex_Speed_Ratio,3.6398737e-06
2025_Monaco,Mean_Brake_Fraction,0.00015308616
2025_Monaco,Std_Brake_Fraction,0.00052674673
2025_Monaco,Mean_Brake_Point_Norm,0.0007085662
2025_Monaco,Std_Brake_Point_Norm,0.0003650114
2025_Monaco,Mean_Throttle_On_Dist_Norm,0.00021832314
2025_Monaco,Std_Throttle_On_Dist_Norm,0.00033159272
2025_Monaco,Mean_Throttle_Integral_Norm,0.00037365462
2025_Monaco,Std_Throttle_Integral_Norm,0.00016116172
2025_Monaco,Mean_Speed_Variability,0.0009595582
2025_Monaco,Std_Speed_Variability,0.00035892107
2025_Monaco,P_0,2.1540774e-05
2025_Monaco,P_1,0.0005120234
2025_Monaco,P_2,0.00075193844
2025_Monaco,Style_Cluster_ID,0.0
2025_Monaco,Style_Entropy,8.871274e-06
2025_Monaco,Year,0.0
2025_Monaco,Tyre_Compound_Interaction,0.011864699
2025_Barcelona,LapNumber,0.02101712
2025_Barcelona,Stint,0.002528068
2025_Barcelona,TyreLife,0.00052470784
2025_Barcelona,Position,0.01250934
2025_Barcelona,AirTemp,0.00256587
2025_Barcelona,Humidity,0.0056237276
2025_Barcelona,Pressure,0.0007892051
2025_Barcelona,TrackTemp,0.0006248348
2025_Barcelona,WindDirection,3.3502658e-06
2025_Barcelona,WindSpeed,0.00026869724
2025_Barcelona,FuelLoad,0.009356983
2025_Barcelona,Track_Evolution,0.0008602403
2025_Barcelona,Cumulative_Field_Dist_KM,0.0016090211
2025_Barcelona,Lap_Damage,0.0010094487
2025_Barcelona,LatOffset_Mean,8.7328226e-05
2025_Barcelona,Accumulated_Tyre_Wear,0.000209966
2025_Barcelona,LatOffset_Std,0.0
2025_Barcelona,Energy_Lap,0.0002190494
2025_Barcelona,Gap_To_Car_Ahead,6.633798e-05
2025_Barcelona,Dirty_Air_Fraction,0.00018397711
2025_Barcelona,Aero_Loss,2.846229e-05
2025_Barcelona,DRS_Fraction,0.00029632341
2025_Barcelona,Traction_1_5,1.9218225e-05
2025_Barcelona,Asphalt_Grip_1_5,0.00024976337
2025_Barcelona,Asphalt_Abrasion_1_5,0.009732237
2025_Barcelona,Track_Evolution_1_5,0.0
2025_Barcelona,Tyre_Stress_1_5,0.0007498549
2025_Barcelona,Braking_1_5,0.00012276525
2025_Barcelona,Lateral_1_5,0.0
2025_Barcelona,Downforce_1_5,0.00043846987
2025_Barcelona,Min_Pressure_Front_PSI,0.0001223912
2025_Barcelona,Min_Pressure_Rear_PSI,0.0003793333
2025_Barcelona,Circuit_Length_KM,0.00014546084
2025_Barcelona,Compound_Int,0.0006689405
2025_Barcelona,Wear_Severity_Index,0.00013290984
2025_Barcelona,Track_Flow_Type,0.00017362024
2025_Barcelona,Grip_Aero_Balance,0.0005630481
2025_Barcelona,Total_Min_Pressure,0.00020939473
2025_Barcelona,Pressure_Delta,0.0001505789
2025_Barcelona,Prev_LapTime,0.004256224
2025_Barcelona,Lag_2,0.0030537986
2025_Barcelona,Rolling_Avg_3,0.000744755
2025_Barcelona,Prev_Delta,0.10470481
2025_Barcelona,Driver_Encoded,0.00010151403
2025_Barcelona,Location_Encoded,0.00049625675
2025_Barcelona,Team_Encoded,0.0
2025_Barcelona,Mean_Apex_Speed_Ratio,2.5355546e-05
2025_Barcelona,Std_Apex_Speed_Ratio,9.296309e-06
2025_Barcelona,Mean_Brake_Fraction,2.767133e-06
2025_Barcelona,Std_Brake_Fraction,0.00016893841
2025_Barcelona,Mean_Brake_Point_Norm,0.0006520133
2025_Barcelona,Std_Brake_Point_Norm,6.0384184e-05
2025_Barcelona,Mean_Throttle_On_Dist_Norm,2.5827517e-06
2025_Barcelona,Std_Throttle_On_Dist_Norm,8.820318e-06
2025_Barcelona,Mean_Throttle_Integral_Norm,5.174676e-05
2025_Barcelona,Std_Throttle_Integral_Norm,9.784611e-05
2025_Barcelona,Mean_Speed_Variability,9.165501e-05
2025_Barcelona,Std_Speed_Variability,0.0002563965
2025_Barcelona,P_0,1.0743854e-05
2025_Barcelona,P_1,0.00022891507
2025_Barcelona,P_2,8.8996516e-05
2025_Barcelona,Style_Cluster_ID,0.0
2025_Barcelona,Style_Entropy,2.222646e-05
2025_Barcelona,Year,4.5785705e-06
2025_Barcelona,Tyre_Compound_Interaction,0.00031792323
2025_Montréal,LapNumber,0.03946141
2025_Montréal,Stint,0.00368955
2025_Montréal,TyreLife,0.0034947526
2025_Montréal,Position,0.014558745
2025_Montréal,AirTemp,0.00412702
2025_Montréal,Humidity,0.01267465
2025_Montréal,Pressure,0.0023696672
2025_Montréal,TrackTemp,0.000963614
2025_Montréal,WindDirection,8.225874e-06
2025_Montréal,WindSpeed,0.00036871523
2025_Montréal,FuelLoad,0.016593445
2025_Montréal,Track_Evolution,0.00087501697
2025_Montréal,Cumulative_Field_Dist_KM,0.0029706964
2025_Montréal,Lap_Damage,0.0011342652
2025_Montréal,LatOffset_Mean,8.465211e-05
2025_Montréal,Accumulated_Tyre_Wear,0.00029523528
2025_Montréal,LatOffset_Std,0.00014492692
2025_Montréal,Energy_Lap,0.0011597738
2025_Montréal,Gap_To_Car_Ahead,6.119824e-05
2025_Montréal,Dirty_Air_Fraction,0.0009445394
2025_Montréal,Aero_Loss,4.464455e-05
2025_Montréal,DRS_Fraction,0.0003712451
2025_Montréal,Traction_1_5,0.0
2025_Montréal,Asphalt_Grip_1_5,0.0001988432
2025_Montréal,Asphalt_Abrasion_1_5,0.0041933665
2025_Montréal,Track_Evolution_1_5,0.0
2025_Montréal,Tyre_Stress_1_5,0.0003316618
2025_Montréal,Braking_1_5,0.00011882185
2025_Montréal,Lateral_1_5,0.0
2025_Montréal,Downforce_1_5,0.0013341937
2025_Montréal,Min_Pressure_Front_PSI,7.279408e-05
2025_Montréal,Min_Pressure_Rear_PSI,0.00011075247
2025_Montréal,Circuit_Length_KM,9.457998e-05
2025_Montréal,Compound_Int,0.0011842047
2025_Montréal,Wear_Severity_Index,0.0006636482
2025_Montréal,Track_Flow_Type,0.00010424531
2025_Montréal,Grip_Aero_Balance,0.0007340442
2025_Montréal,Total_Min_Pressure,0.00034425824
2025_Montréal,Pressure_Delta,3.7218808e-05
2025_Montréal,Prev_LapTime,0.024839856
2025_Montréal,Lag_2,0.011655863
2025_Montréal,Rolling_Avg_3,0.007656083
2025_Montréal,Prev_Delta,0.08454962
2025_Montréal,Driver_Encoded,8.544561e-05
2025_Montréal,Location_Encoded,0.0008705902
2025_Montréal,Team_Encoded,3.2989617e-06
2025_Montréal,Mean_Apex_Speed_Ratio,0.00017622826
2025_Montréal,Std_Apex_Speed_Ratio,2.1452694e-05
2025_Montréal,Mean_Brake_Fraction,0.00015800577
2025_Montréal,Std_Brake_Fraction,0.00015094115
2025_Montréal,Mean_Brake_Point_Norm,0.00027823058
2025_Montréal,Std_Brake_Point_Norm,2.1073369e-05
2025_Montréal,Mean_Throttle_On_Dist_Norm,2.153e-06
2025_Montréal,Std_Throttle_On_Dist_Norm,1.316041e-05
2025_Montréal,Mean_Throttle_Integral_Norm,0.0005672901
2025_Montréal,Std_Throttle_Integral_Norm,0.00016757268
2025_Montréal,Mean_Speed_Variability,3.5709563e-05
2025_Montréal,Std_Speed_Variability,0.0005157541
2025_Montréal,P_0,6.6594816e-06
2025_Montréal,P_1,2.830217e-05
2025_Montréal,P_2,4.13685e-05
2025_Montréal,Style_Cluster_ID,0.0
2025_Montréal,Style_Entropy,1.12169355e-05
2025_Montréal,Year,0.0003421209
2025_Montréal,Tyre_Compound_Interaction,0.005290829
2025_Spielberg,LapNumber,0.029877005
2025_Spielberg,Stint,0.0017856153
2025_Spielberg,TyreLife,0.00044496532
2025_Spielberg,Position,0.011967583
2025_Spielberg,AirTemp,0.0039158044
2025_Spielberg,Humidity,0.0065218876
2025_Spielberg,Pressure,0.0006791273
2025_Spielberg,TrackTemp,0.0010387223
2025_Spielberg,WindDirection,2.5258716e-05
2025_Spielberg,WindSpeed,0.00012709628
2025_Spielberg,FuelLoad,0.013281579
2025_Spielberg,Track_Evolution,0.00051820674
2025_Spielberg,Cumulative_Field_Dist_KM,0.003570928
2025_Spielberg,Lap_Damage,0.0013205239
2025_Spielberg,LatOffset_Mean,5.167339e-05
2025_Spielberg,Accumulated_Tyre_Wear,0.00014505888
2025_Spielberg,LatOffset_Std,4.582306e-05
2025_Spielberg,Energy_Lap,0.00076668203
2025_Spielberg,Gap_To_Car_Ahead,9.821015e-05
2025_Spielberg,Dirty_Air_Fraction,0.00025443212
2025_Spielberg,Aero_Loss,1.9787734e-05
2025_Spielberg,DRS_Fraction,0.0002433316
2025_Spielberg,Traction_1_5,3.643544e-05
2025_Spielberg,Asphalt_Grip_1_5,0.00016711646
2025_Spielberg,Asphalt_Abrasion_1_5,0.003961566
2025_Spielberg,Track_Evolution_1_5,5.507815e-06
2025_Spielberg,Tyre_Stress_1_5,0.00047044855
2025_Spielberg,Braking_1_5,0.0
2025_Spielberg,Lateral_1_5,0.0
2025_Spielberg,Downforce_1_5,0.00030556045
2025_Spielberg,Min_Pressure_Front_PSI,5.45525e-05
2025_Spielberg,Min_Pressure_Rear_PSI,9.8586635e-05
2025_Spielberg,Circuit_Length_KM,0.00014648729
2025_Spielberg,Compound_Int,0.00046046142
2025_Spielberg,Wear_Severity_Index,0.00012438
2025_Spielberg,Track_Flow_Type,2.3974146e-05
2025_Spielberg,Grip_Aero_Balance,0.00044838202
2025_Spielberg,Total_Min_Pressure,0.000285978
2025_Spielberg,Pressure_Delta,4.9145157e-05
2025_Spielberg,Prev_LapTime,0.069782585
2025_Spielberg,Lag_2,0.05065477
2025_Spielberg,Rolling_Avg_3,0.010645717
2025_Spielberg,Prev_Delta,0.08282222
2025_Spielberg,Driver_Encoded,0.0010766258
2025_Spielberg,Location_Encoded,0.00043165873
2025_Spielberg,Team_Encoded,0.0
2025_Spielberg,Mean_Apex_Speed_Ratio,6.5837645e-05
2025_Spielberg,Std_Apex_Speed_Ratio,3.4481985e-05
2025_Spielberg,Mean_Brake_Fraction,0.0
2025_Spielberg,Std_Brake_Fraction,9.538832e-05
2025_Spielberg,Mean_Brake_Point_Norm,0.00016961174
2025_Spielberg,Std_Brake_Point_Norm,3.2953292e-05
2025_Spielberg,Mean_Throttle_On_Dist_Norm,8.676663e-06
2025_Spielberg,Std_Throttle_On_Dist_Norm,1.3967416e-05
2025_Spielberg,Mean_Throttle_Integral_Norm,5.573076e-05
2025_Spielberg,Std_Throttle_Integral_Norm,8.023497e-06
2025_Spielberg,Mean_Speed_Variability,2.2566232e-05
2025_Spielberg,Std_Speed_Variability,4.96154e-05
2025_Spielberg,P_0,0.0007623371
2025_Spielberg,P_1,2.4390107e-05
2025_Spielberg,P_2,0.00012557214
2025_Spielberg,Style_Cluster_ID,0.0
2025_Spielberg,Style_Entropy,1.8988945e-05
2025_Spielberg,Year,0.00023579532
2025_Spielberg,Tyre_Compound_Interaction,0.00015071363
2025_Silverstone,LapNumber,0.016544074
2025_Silverstone,Stint,0.00034370247
2025_Silverstone,TyreLife,0.0002331549
2025_Silverstone,Position,0.011051362
2025_Silverstone,AirTemp,0.00091321114
2025_Silverstone,Humidity,0.0030603828
2025_Silverstone,Pressure,0.00033782705
2025_Silverstone,TrackTemp,0.0028569454
2025_Silverstone,WindDirection,2.096659e-06
2025_Silverstone,WindSpeed,9.11018e-05
2025_Silverstone,FuelLoad,0.0010272879
2025_Silverstone,Track_Evolution,0.0001195126
2025_Silverstone,Cumulative_Field_Dist_KM,0.0012089008
2025_Silverstone,Lap_Damage,0.0015216877
2025_Silverstone,LatOffset_Mean,4.9619448e-05
2025_Silverstone,Accumulated_Tyre_Wear,0.00010935834
2025_Silverstone,LatOffset_Std,2.750993e-05
2025_Silverstone,Energy_Lap,0.001818297
2025_Silverstone,Gap_To_Car_Ahead,0.000104316656
2025_Silverstone,Dirty_Air_Fraction,0.00019918628
2025_Silverstone,Aero_Loss,0.0
2025_Silverstone,DRS_Fraction,0.000329643
2025_Silverstone,Traction_1_5,0.00015400613
2025_Silverstone,Asphalt_Grip_1_5,0.00018544863
2025_Silverstone,Asphalt_Abrasion_1_5,0.002502866
2025_Silverstone,Track_Evolution_1_5,0.0
2025_Silverstone,Tyre_Stress_1_5,0.00064917933
2025_Silverstone,Braking_1_5,0.0
2025_Silverstone,Lateral_1_5,0.0
2025_Silverstone,Downforce_1_5,0.00047274667
2025_Silverstone,Min_Pressure_Front_PSI,0.0013578024
2025_Silverstone,Min_Pressure_Rear_PSI,0.0006120995
2025_Silverstone,Circuit_Length_KM,0.00013799623
2025_Silverstone,Compound_Int,0.0002825919
2025_Silverstone,Wear_Severity_Index,0.00016541664
2025_Silverstone,Track_Flow_Type,0.00015750839
2025_Silverstone,Grip_Aero_Balance,0.0020287496
2025_Silverstone,Total_Min_Pressure,0.00013442479
2025_Silverstone,Pressure_Delta,5.705757e-05
2025_Silverstone,Prev_LapTime,0.009245131
2025_Silverstone,Lag_2,0.006952979
2025_Silverstone,Rolling_Avg_3,0.0017772783
2025_Silverstone,Prev_Delta,0.11236337
2025_Silverstone,Driver_Encoded,8.421731e-05
2025_Silverstone,Location_Encoded,0.00012934046
2025_Silverstone,Team_Encoded,0.0
2025_Silverstone,Mean_Apex_Speed_Ratio,2.3134503e-06
2025_Silverstone,Std_Apex_Speed_Ratio,1.091866e-05
2025_Silverstone,Mean_Brake_Fraction,6.5518776e-05
2025_Silverstone,Std_Brake_Fraction,0.00016555206
2025_Silverstone,Mean_Brake_Point_Norm,0.0001948396
2025_Silverstone,Std_Brake_Point_Norm,4.3279277e-05
2025_Silverstone,Mean_Throttle_On_Dist_Norm,0.0
2025_Silverstone,Std_Throttle_On_Dist_Norm,0.0
2025_Silverstone,Mean_Throttle_Integral_Norm,5.4527263e-05
2025_Silverstone,Std_Throttle_Integral_Norm,5.2630978e-05
2025_Silverstone,Mean_Speed_Variability,8.597482e-06
2025_Silverstone,Std_Speed_Variability,0.00018637092
2025_Silverstone,P_0,9.192923e-06
2025_Silverstone,P_1,0.000103851286
2025_Silverstone,P_2,0.000318026
2025_Silverstone,Style_Cluster_ID,0.0
2025_Silverstone,Style_Entropy,1.2915191e-05
2025_Silverstone,Year,0.00013557696
2025_Silverstone,Tyre_Compound_Interaction,0.00024908155
2025_Spa-Francorchamps,LapNumber,0.01600055
2025_Spa-Francorchamps,Stint,8.012327e-05
2025_Spa-Francorchamps,TyreLife,0.00034367412
2025_Spa-Francorchamps,Position,0.013612601
2025_Spa-Francorchamps,AirTemp,0.0011687733
2025_Spa-Francorchamps,Humidity,0.004954741
2025_Spa-Francorchamps,Pressure,0.0008913424
2025_Spa-Francorchamps,TrackTemp,0.00283703
2025_Spa-Francorchamps,WindDirection,1.1071105e-05
2025_Spa-Francorchamps,WindSpeed,0.00010657115
2025_Spa-Francorchamps,FuelLoad,0.007191021
2025_Spa-Francorchamps,Track_Evolution,0.00020913463
2025_Spa-Francorchamps,Cumulative_Field_Dist_KM,0.0027447087
2025_Spa-Francorchamps,Lap_Damage,0.0006759597
2025_Spa-Francorchamps,LatOffset_Mean,1.891601e-05
2025_Spa-Francorchamps,Accumulated_Tyre_Wear,0.00013449937
2025_Spa-Francorchamps,LatOffset_Std,7.456021e-06
2025_Spa-Francorchamps,Energy_Lap,0.0017270978
2025_Spa-Francorchamps,Gap_To_Car_Ahead,0.00017397423
2025_Spa-Francorchamps,Dirty_Air_Fraction,0.0001890765
2025_Spa-Francorchamps,Aero_Loss,2.1759144e-05
2025_Spa-Francorchamps,DRS_Fraction,0.00033713158
2025_Spa-Francorchamps,Traction_1_5,8.094694e-05
2025_Spa-Francorchamps,Asphalt_Grip_1_5,0.00010418026
2025_Spa-Francorchamps,Asphalt_Abrasion_1_5,0.0030389514
2025_Spa-Francorchamps,Track_Evolution_1_5,5.527549e-06
2025_Spa-Francorchamps,Tyre_Stress_1_5,0.0003712398
2025_Spa-Francorchamps,Braking_1_5,0.00011390813
2025_Spa-Francorchamps,Lateral_1_5,0.0
2025_Spa-Francorchamps,Downforce_1_5,0.0006989116
2025_Spa-Francorchamps,Min_Pressure_Front_PSI,0.0009850215
2025_Spa-Francorchamps,Min_Pressure_Rear_PSI,0.00086730515
2025_Spa-Francorchamps,Circuit_Length_KM,0.00029103403
2025_Spa-Francorchamps,Compound_Int,0.00033873462
2025_Spa-Francorchamps,Wear_Severity_Index,0.00029490286
2025_Spa-Francorchamps,Track_Flow_Type,5.0316154e-05
2025_Spa-Francorchamps,Grip_Aero_Balance,0.0004516253
2025_Spa-Francorchamps,Total_Min_Pressure,0.00012407645
2025_Spa-Francorchamps,Pressure_Delta,5.1843654e-05
2025_Spa-Francorchamps,Prev_LapTime,0.006545147
2025_Spa-Francorchamps,Lag_2,0.0042755287
2025_Spa-Francorchamps,Rolling_Avg_3,0.001947278
2025_Spa-Francorchamps,Prev_Delta,0.070657946
2025_Spa-Francorchamps,Driver_Encoded,4.2692674e-05
2025_Spa-Francorchamps,Location_Encoded,0.0003454404
2025_Spa-Francorchamps,Team_Encoded,3.6858798e-06
2025_Spa-Francorchamps,Mean_Apex_Speed_Ratio,7.6948245e-06
2025_Spa-Francorchamps,Std_Apex_Speed_Ratio,4.973414e-05
2025_Spa-Francorchamps,Mean_Brake_Fraction,8.284749e-06
2025_Spa-Francorchamps,Std_Brake_Fraction,0.00029999035
2025_Spa-Francorchamps,Mean_Brake_Point_Norm,0.0001351156
2025_Spa-Francorchamps,Std_Brake_Point_Norm,8.126787e-05
2025_Spa-Francorchamps,Mean_Throttle_On_Dist_Norm,0.0
2025_Spa-Francorchamps,Std_Throttle_On_Dist_Norm,0.0
2025_Spa-Francorchamps,Mean_Throttle_Integral_Norm,0.00016221449
2025_Spa-Francorchamps,Std_Throttle_Integral_Norm,0.00020025963
2025_Spa-Francorchamps,Mean_Speed_Variability,0.0003417559
2025_Spa-Francorchamps,Std_Speed_Variability,0.00023805482
2025_Spa-Francorchamps,P_0,7.3970996e-06
2025_Spa-Francorchamps,P_1,0.00011130872
2025_Spa-Francorchamps,P_2,4.926693e-05
2025_Spa-Francorchamps,Style_Cluster_ID,0.0
2025_Spa-Francorchamps,Style_Entropy,3.2539883e-05
2025_Spa-Francorchamps,Year,0.00020029329
2025_Spa-Francorchamps,Tyre_Compound_Interaction,0.000157932
2025_Budapest,LapNumber,0.027327767
2025_Budapest,Stint,0.003211978
2025_Budapest,TyreLife,0.0004808503
2025_Budapest,Position,0.014671181
2025_Budapest,AirTemp,0.0013509861
2025_Budapest,Humidity,0.0042074625
2025_Budapest,Pressure,0.0004468064
2025_Budapest,TrackTemp,0.005229725
2025_Budapest,WindDirection,2.1114656e-05
2025_Budapest,WindSpeed,0.00012858963
2025_Budapest,FuelLoad,0.008539527
2025_Budapest,Track_Evolution,0.00031612237
2025_Budapest,Cumulative_Field_Dist_KM,0.0043777716
2025_Budapest,Lap_Damage,0.0011263925
2025_Budapest,LatOffset_Mean,4.2711457e-05
2025_Budapest,Accumulated_Tyre_Wear,0.0002062156
2025_Budapest,LatOffset_Std,1.6285954e-05
2025_Budapest,Energy_Lap,0.00030829688
2025_Budapest,Gap_To_Car_Ahead,0.00025295824
2025_Budapest,Dirty_Air_Fraction,0.00029348375
2025_Budapest,Aero_Loss,4.5349025e-05
2025_Budapest,DRS_Fraction,0.0002688285
2025_Budapest,Traction_1_5,6.363082e-05
2025_Budapest,Asphalt_Grip_1_5,0.00026126354
2025_Budapest,Asphalt_Abrasion_1_5,0.003601522
2025_Budapest,Track_Evolution_1_5,0.0
2025_Budapest,Tyre_Stress_1_5,0.0006963501
2025_Budapest,Braking_1_5,0.000101651705
2025_Budapest,Lateral_1_5,0.0
2025_Budapest,Downforce_1_5,0.0009897399
2025_Budapest,Min_Pressure_Front_PSI,0.00023441331
2025_Budapest,Min_Pressure_Rear_PSI,9.928538e-05
2025_Budapest,Circuit_Length_KM,0.00020586564
2025_Budapest,Compound_Int,0.0002220281
2025_Budapest,Wear_Severity_Index,0.00022773596
2025_Budapest,Track_Flow_Type,3.1202777e-05
2025_Budapest,Grip_Aero_Balance,0.0017305443
2025_Budapest,Total_Min_Pressure,0.0007310843
2025_Budapest,Pressure_Delta,4.0191208e-05
2025_Budapest,Prev_LapTime,0.0031268885
2025_Budapest,Lag_2,0.002280243
2025_Budapest,Rolling_Avg_3,0.00027721465
2025_Budapest,Prev_Delta,0.1003617
2025_Budapest,Driver_Encoded,9.1852846e-05
2025_Budapest,Location_Encoded,0.001181187
2025_Budapest,Team_Encoded,0.0
2025_Budapest,Mean_Apex_Speed_Ratio,1.3152291e-05
2025_Budapest,Std_Apex_Speed_Ratio,2.2819326e-05
2025_Budapest,Mean_Brake_Fraction,1.879009e-05
2025_Budapest,Std_Brake_Fraction,0.00056771503
2025_Budapest,Mean_Brake_Point_Norm,0.0002632609
2025_Budapest,Std_Brake_Point_Norm,3.9943523e-05
2025_Budapest,Mean_Throttle_On_Dist_Norm,0.0
2025_Budapest,Std_Throttle_On_Dist_Norm,0.00027507325
2025_Budapest,Mean_Throttle_Integral_Norm,4.9990602e-05
2025_Budapest,Std_Throttle_Integral_Norm,7.770876e-05
2025_Budapest,Mean_Speed_Variability,0.00012224265
2025_Budapest,Std_Speed_Variability,0.00031480365
2025_Budapest,P_0,0.0
2025_Budapest,P_1,3.6229492e-05
2025_Budapest,P_2,9.744936e-05
2025_Budapest,Style_Cluster_ID,0.0
2025_Budapest,Style_Entropy,7.931152e-06
2025_Budapest,Year,0.00027136615
2025_Budapest,Tyre_Compound_Interaction,0.0002991101
2025_Zandvoort,LapNumber,0.028724628
2025_Zandvoort,Stint,0.0044258884
2025_Zandvoort,TyreLife,0.00028289747
2025_Zandvoort,Position,0.015242294
2025_Zandvoort,AirTemp,0.0018146134
2025_Zandvoort,Humidity,0.0029713088
2025_Zandvoort,Pressure,0.0009884934
2025_Zandvoort,TrackTemp,0.005255489
2025_Zandvoort,WindDirection,2.0393927e-05
2025_Zandvoort,WindSpeed,4.3820022e-05
2025_Zandvoort,FuelLoad,0.009703009
2025_Zandvoort,Track_Evolution,0.0019593248
2025_Zandvoort,Cumulative_Field_Dist_KM,0.0059769736
2025_Zandvoort,Lap_Damage,0.0015748732
2025_Zandvoort,LatOffset_Mean,3.177387e-05
2025_Zandvoort,Accumulated_Tyre_Wear,7.865448e-05
2025_Zandvoort,LatOffset_Std,2.5796173e-06
2025_Zandvoort,Energy_Lap,0.00065553864
2025_Zandvoort,Gap_To_Car_Ahead,7.133954e-05
2025_Zandvoort,Dirty_Air_Fraction,0.0016034666
2025_Zandvoort,Aero_Loss,3.0954034e-06
2025_Zandvoort,DRS_Fraction,0.00027558766
2025_Zandvoort,Traction_1_5,0.0
2025_Zandvoort,Asphalt_Grip_1_5,0.00011659467
2025_Zandvoort,Asphalt_Abrasion_1_5,0.0035742167
2025_Zandvoort,Track_Evolution_1_5,0.0
2025_Zandvoort,Tyre_Stress_1_5,0.0004313826
2025_Zandvoort,Braking_1_5,7.7412435e-05
2025_Zandvoort,Lateral_1_5,0.0
2025_Zandvoort,Downforce_1_5,0.00068927696
2025_Zandvoort,Min_Pressure_Front_PSI,1.7988828e-05
2025_Zandvoort,Min_Pressure_Rear_PSI,7.8205296e-05
2025_Zandvoort,Circuit_Length_KM,0.00012245038
2025_Zandvoort,Compound_Int,0.00022974306
2025_Zandvoort,Wear_Severity_Index,4.5452787e-05
2025_Zandvoort,Track_Flow_Type,0.00015451545
2025_Zandvoort,Grip_Aero_Balance,0.0009972499
2025_Zandvoort,Total_Min_Pressure,9.2739036e-05
2025_Zandvoort,Pressure_Delta,2.822143e-05
2025_Zandvoort,Prev_LapTime,0.03588973
2025_Zandvoort,Lag_2,0.026718695
2025_Zandvoort,Rolling_Avg_3,0.0032728252
2025_Zandvoort,Prev_Delta,0.06257026
2025_Zandvoort,Driver_Encoded,3.668071e-05
2025_Zandvoort,Location_Encoded,0.0003073152
2025_Zandvoort,Team_Encoded,0.0
2025_Zandvoort,Mean_Apex_Speed_Ratio,2.9915509e-05
2025_Zandvoort,Std_Apex_Speed_Ratio,1.7954135e-05
2025_Zandvoort,Mean_Brake_Fraction,2.0957543e-05
2025_Zandvoort,Std_Brake_Fraction,4.589152e-05
2025_Zandvoort,Mean_Brake_Point_Norm,0.00012986749
2025_Zandvoort,Std_Brake_Point_Norm,2.4043611e-05
2025_Zandvoort,Mean_Throttle_On_Dist_Norm,2.547344e-06
2025_Zandvoort,Std_Throttle_On_Dist_Norm,3.3560485e-05
2025_Zandvoort,Mean_Throttle_Integral_Norm,3.8344715e-05
2025_Zandvoort,Std_Throttle_Integral_Norm,3.522388e-05
2025_Zandvoort,Mean_Speed_Variability,0.00044731947
2025_Zandvoort,Std_Speed_Variability,6.126369e-05
2025_Zandvoort,P_0,0.00010291211
2025_Zandvoort,P_1,1.8981413e-05
2025_Zandvoort,P_2,5.4793814e-05
2025_Zandvoort,Style_Cluster_ID,0.0
2025_Zandvoort,Style_Entropy,1.3842879e-05
2025_Zandvoort,Year,3.9303828e-05
2025_Zandvoort,Tyre_Compound_Interaction,8.961137e-05
2025_Monza,LapNumber,0.033221357
2025_Monza,Stint,0.0026282228
2025_Monza,TyreLife,0.0005261636
2025_Monza,Position,0.013474212
2025_Monza,AirTemp,0.0022203717
2025_Monza,Humidity,0.0085119195
2025_Monza,Pressure,0.00014899728
2025_Monza,TrackTemp,0.000628995
2025_Monza,WindDirection,7.653275e-06
2025_Monza,WindSpeed,0.00029571305
2025_Monza,FuelLoad,0.016156428
2025_Monza,Track_Evolution,0.00050061545
2025_Monza,Cumulative_Field_Dist_KM,0.0024975687
2025_Monza,Lap_Damage,0.00070354075
2025_Monza,LatOffset_Mean,5.5469744e-05
2025_Monza,Accumulated_Tyre_Wear,9.550922e-05
2025_Monza,LatOffset_Std,3.1256247e-06
2025_Monza,Energy_Lap,0.0001021631
2025_Monza,Gap_To_Car_Ahead,6.4101674e-05
2025_Monza,Dirty_Air_Fraction,0.00015134926
2025_Monza,Aero_Loss,1.0403256e-05
2025_Monza,DRS_Fraction,0.0003107247
2025_Monza,Traction_1_5,0.0
2025_Monza,Asphalt_Grip_1_5,0.0009526289
2025_Monza,Asphalt_Abrasion_1_5,0.0034030988
2025_Monza,Track_Evolution_1_5,0.0
2025_Monza,Tyre_Stress_1_5,0.00037672167
2025_Monza,Braking_1_5,2.9545925e-05
2025_Monza,Lateral_1_5,0.0
2025_Monza,Downforce_1_5,0.0010663887
2025_Monza,Min_Pressure_Front_PSI,6.263042e-05
2025_Monza,Min_Pressure_Rear_PSI,0.0008634693
2025_Monza,Circuit_Length_KM,6.1012834e-05
2025_Monza,Compound_Int,0.00017313108
2025_Monza,Wear_Severity_Index,0.00021265638
2025_Monza,Track_Flow_Type,0.00035110963
2025_Monza,Grip_Aero_Balance,0.0010487412
2025_Monza,Total_Min_Pressure,8.818739e-05
2025_Monza,Pressure_Delta,4.069922e-05
2025_Monza,Prev_LapTime,0.0014955823
2025_Monza,Lag_2,0.004058853
2025_Monza,Rolling_Avg_3,0.0024188857
2025_Monza,Prev_Delta,0.06398149
2025_Monza,Driver_Encoded,3.8859573e-05
2025_Monza,Location_Encoded,0.0005586589
2025_Monza,Team_Encoded,0.0
2025_Monza,Mean_Apex_Speed_Ratio,5.655577e-05
2025_Monza,Std_Apex_Speed_Ratio,5.4382832e-05
2025_Monza,Mean_Brake_Fraction,0.00026462448
2025_Monza,Std_Brake_Fraction,4.1384385e-05
2025_Monza,Mean_Brake_Point_Norm,0.000115496245
2025_Monza,Std_Brake_Point_Norm,6.650429e-05
2025_Monza,Mean_Throttle_On_Dist_Norm,9.560724e-06
2025_Monza,Std_Throttle_On_Dist_Norm,0.0003714322
2025_Monza,Mean_Throttle_Integral_Norm,5.5914283e-05
2025_Monza,Std_Throttle_Integral_Norm,1.2434409e-05
2025_Monza,Mean_Speed_Variability,0.00019069547
2025_Monza,Std_Speed_Variability,0.00027536612
2025_Monza,P_0,8.251376e-05
2025_Monza,P_1,7.034024e-05
2025_Monza,P_2,0.00016524694
2025_Monza,Style_Cluster_ID,0.0
2025_Monza,Style_Entropy,1.4521765e-05
2025_Monza,Year,0.0
2025_Monza,Tyre_Compound_Interaction,0.00027333168
2025_Baku,LapNumber,0.025148088
2025_Baku,Stint,0.0016013234
2025_Baku,TyreLife,0.00029441796
2025_Baku,Position,0.013972295
2025_Baku,AirTemp,0.0006829572
2025_Baku,Humidity,0.0021824425
2025_Baku,Pressure,0.0004531733
2025_Baku,TrackTemp,0.004060152
2025_Baku,WindDirection,4.6013152e-05
2025_Baku,WindSpeed,0.00021476611
2025_Baku,FuelLoad,0.010237918
2025_Baku,Track_Evolution,0.0020737236
2025_Baku,Cumulative_Field_Dist_KM,0.004445155
2025_Baku,Lap_Damage,0.0014666744
2025_Baku,LatOffset_Mean,0.00030070913
2025_Baku,Accumulated_Tyre_Wear,0.00015815941
2025_Baku,LatOffset_Std,2.1119891e-05
2025_Baku,Energy_Lap,0.00028780766
2025_Baku,Gap_To_Car_Ahead,0.00016505596
2025_Baku,Dirty_Air_Fraction,0.00026561663
2025_Baku,Aero_Loss,5.0093382e-05
2025_Baku,DRS_Fraction,0.00035347178
2025_Baku,Traction_1_5,0.00050626934
2025_Baku,Asphalt_Grip_1_5,0.00058372377
2025_Baku,Asphalt_Abrasion_1_5,0.0022703614
2025_Baku,Track_Evolution_1_5,1.0084554e-05
2025_Baku,Tyre_Stress_1_5,0.00044016502
2025_Baku,Braking_1_5,4.0881077e-06
2025_Baku,Lateral_1_5,0.0
2025_Baku,Downforce_1_5,0.0015825948
2025_Baku,Min_Pressure_Front_PSI,0.00068963604
2025_Baku,Min_Pressure_Rear_PSI,0.0006335279
2025_Baku,Circuit_Length_KM,0.00015015138
2025_Baku,Compound_Int,0.0013075845
2025_Baku,Wear_Severity_Index,0.00026317025
2025_Baku,Track_Flow_Type,0.0
2025_Baku,Grip_Aero_Balance,0.00069012976
2025_Baku,Total_Min_Pressure,0.0007786028
2025_Baku,Pressure_Delta,0.00030671523
2025_Baku,Prev_LapTime,0.0042892676
2025_Baku,Lag_2,0.0019918776
2025_Baku,Rolling_Avg_3,0.00033788654
2025_Baku,Prev_Delta,0.0910845
2025_Baku,Driver_Encoded,7.076764e-05
2025_Baku,Location_Encoded,0.001068492
2025_Baku,Team_Encoded,0.0
2025_Baku,Mean_Apex_Speed_Ratio,0.00018922992
2025_Baku,Std_Apex_Speed_Ratio,3.75569e-06
2025_Baku,Mean_Brake_Fraction,8.4777654e-05
2025_Baku,Std_Brake_Fraction,7.4868716e-05
2025_Baku,Mean_Brake_Point_Norm,0.00018621483
2025_Baku,Std_Brake_Point_Norm,2.0748255e-05
2025_Baku,Mean_Throttle_On_Dist_Norm,5.7145644e-06
2025_Baku,Std_Throttle_On_Dist_Norm,0.00020750126
2025_Baku,Mean_Throttle_Integral_Norm,8.87686e-06
2025_Baku,Std_Throttle_Integral_Norm,4.655322e-05
2025_Baku,Mean_Speed_Variability,9.603691e-05
2025_Baku,Std_Speed_Variability,0.00023318938
2025_Baku,P_0,0.000101398175
2025_Baku,P_1,4.7193535e-05
2025_Baku,P_2,0.00012822534
2025_Baku,Style_Cluster_ID,0.0
2025_Baku,Style_Entropy,1.10670635e-05
2025_Baku,Year,0.00021065907
2025_Baku,Tyre_Compound_Interaction,0.00042075102
2025_Marina Bay,LapNumber,0.032501593
2025_Marina Bay,Stint,0.0015347255
2025_Marina Bay,TyreLife,0.0003192505
2025_Marina Bay,Position,0.014063564
2025_Marina Bay,AirTemp,0.002421303
2025_Marina Bay,Humidity,0.0036661252
2025_Marina Bay,Pressure,0.0002841825
2025_Marina Bay,TrackTemp,0.0044848896
2025_Marina Bay,WindDirection,0.00011766406
2025_Marina Bay,WindSpeed,0.00042283747
2025_Marina Bay,FuelLoad,0.011960686
2025_Marina Bay,Track_Evolution,0.0006469617
2025_Marina Bay,Cumulative_Field_Dist_KM,0.005178768
2025_Marina Bay,Lap_Damage,0.0017630598
2025_Marina Bay,LatOffset_Mean,0.000116461866
2025_Marina Bay,Accumulated_Tyre_Wear,0.00017296967
2025_Marina Bay,LatOffset_Std,5.2319545e-05
2025_Marina Bay,Energy_Lap,0.00028654494
2025_Marina Bay,Gap_To_Car_Ahead,0.0002028597
2025_Marina Bay,Dirty_Air_Fraction,0.0001882147
2025_Marina Bay,Aero_Loss,7.5615986e-05
2025_Marina Bay,DRS_Fraction,0.00033681776
2025_Marina Bay,Traction_1_5,6.476598e-05
2025_Marina Bay,Asphalt_Grip_1_5,0.0006856575
2025_Marina Bay,Asphalt_Abrasion_1_5,0.0040228334
2025_Marina Bay,Track_Evolution_1_5,0.0
2025_Marina Bay,Tyre_Stress_1_5,0.00073110446
2025_Marina Bay,Braking_1_5,0.00016296402
2025_Marina Bay,Lateral_1_5,0.0
2025_Marina Bay,Downforce_1_5,0.0010832013
2025_Marina Bay,Min_Pressure_Front_PSI,0.00051640975
2025_Marina Bay,Min_Pressure_Rear_PSI,0.00016398428
2025_Marina Bay,Circuit_Length_KM,0.00022578062
2025_Marina Bay,Compound_Int,0.0010269417
2025_Marina Bay,Wear_Severity_Index,0.0002129619
2025_Marina Bay,Track_Flow_Type,0.0
2025_Marina Bay,Grip_Aero_Balance,0.0011675005
2025_Marina Bay,Total_Min_Pressure,0.00027328572
2025_Marina Bay,Pressure_Delta,0.00012791631
2025_Marina Bay,Prev_LapTime,0.0048337136
2025_Marina Bay,Lag_2,0.0045382106
2025_Marina Bay,Rolling_Avg_3,0.0020779327
2025_Marina Bay,Prev_Delta,0.12141618
2025_Marina Bay,Driver_Encoded,0.00011872483
2025_Marina Bay,Location_Encoded,0.0008761991
2025_Marina Bay,Team_Encoded,2.9448777e-06
2025_Marina Bay,Mean_Apex_Speed_Ratio,1.9018325e-05
2025_Marina Bay,Std_Apex_Speed_Ratio,7.3957e-06
2025_Marina Bay,Mean_Brake_Fraction,3.486805e-05
2025_Marina Bay,Std_Brake_Fraction,0.00015286765
2025_Marina Bay,Mean_Brake_Point_Norm,0.0003757194
2025_Marina Bay,Std_Brake_Point_Norm,7.73514e-05
2025_Marina Bay,Mean_Throttle_On_Dist_Norm,1.0816552e-05
2025_Marina Bay,Std_Throttle_On_Dist_Norm,0.000112286405
2025_Marina Bay,Mean_Throttle_Integral_Norm,2.1504015e-05
2025_Marina Bay,Std_Throttle_Integral_Norm,9.3585804e-05
2025_Marina Bay,Mean_Speed_Variability,7.5172415e-05
2025_Marina Bay,Std_Speed_Variability,0.00029233188
2025_Marina Bay,P_0,6.1886574e-05
2025_Marina Bay,P_1,5.7824676e-05
2025_Marina Bay,P_2,0.00011861558
2025_Marina Bay,Style_Cluster_ID,0.0
2025_Marina Bay,Style_Entropy,0.00020674261
2025_Marina Bay,Year,0.00022689199
2025_Marina Bay,Tyre_Compound_Interaction,0.00035404123
2025_Austin,LapNumber,0.02621934
2025_Austin,Stint,0.0019084011
2025_Austin,TyreLife,0.0003150521
2025_Austin,Position,0.014669814
2025_Austin,AirTemp,0.0017587664
2025_Austin,Humidity,0.0048074666
2025_Austin,Pressure,0.0004274845
2025_Austin,TrackTemp,0.000525865
2025_Austin,WindDirection,5.308921e-05
2025_Austin,WindSpeed,0.00016834402
2025_Austin,FuelLoad,0.0123278
2025_Austin,Track_Evolution,0.0008026457
2025_Austin,Cumulative_Field_Dist_KM,0.00182509
2025_Austin,Lap_Damage,0.00045532332
2025_Austin,LatOffset_Mean,7.3263975e-05
2025_Austin,Accumulated_Tyre_Wear,0.00010762228
2025_Austin,LatOffset_Std,3.3458073e-06
2025_Austin,Energy_Lap,0.00028530267
2025_Austin,Gap_To_Car_Ahead,5.458482e-05
2025_Austin,Dirty_Air_Fraction,0.00020902258
2025_Austin,Aero_Loss,2.626282e-05
2025_Austin,DRS_Fraction,0.00038816687
2025_Austin,Traction_1_5,6.513215e-05
2025_Austin,Asphalt_Grip_1_5,0.00042627874
2025_Austin,Asphalt_Abrasion_1_5,0.003944794
2025_Austin,Track_Evolution_1_5,0.0
2025_Austin,Tyre_Stress_1_5,0.00039341743
2025_Austin,Braking_1_5,0.0
2025_Austin,Lateral_1_5,0.0
2025_Austin,Downforce_1_5,0.0013721501
2025_Austin,Min_Pressure_Front_PSI,5.8885875e-05
2025_Austin,Min_Pressure_Rear_PSI,0.00011385714
2025_Austin,Circuit_Length_KM,0.000110942776
2025_Austin,Compound_Int,0.00011923852
2025_Austin,Wear_Severity_Index,0.00010748576
2025_Austin,Track_Flow_Type,6.643714e-05
2025_Austin,Grip_Aero_Balance,0.00047916462
2025_Austin,Total_Min_Pressure,0.000104587896
2025_Austin,Pressure_Delta,1.9401892e-05
2025_Austin,Prev_LapTime,0.0042134468
2025_Austin,Lag_2,0.0050719623
2025_Austin,Rolling_Avg_3,0.002283961
2025_Austin,Prev_Delta,0.06730197
2025_Austin,Driver_Encoded,1.23424925e-05
2025_Austin,Location_Encoded,0.0010290883
2025_Austin,Team_Encoded,5.969565e-05
2025_Austin,Mean_Apex_Speed_Ratio,0.0004825075
2025_Austin,Std_Apex_Speed_Ratio,2.04805e-06
2025_Austin,Mean_Brake_Fraction,0.00017171502
2025_Austin,Std_Brake_Fraction,0.00022619806
2025_Austin,Mean_Brake_Point_Norm,0.0001269287
2025_Austin,Std_Brake_Point_Norm,5.3999247e-05
2025_Austin,Mean_Throttle_On_Dist_Norm,0.0
2025_Austin,Std_Throttle_On_Dist_Norm,0.00019507589
2025_Austin,Mean_Throttle_Integral_Norm,2.8469589e-05
2025_Austin,Std_Throttle_Integral_Norm,7.086195e-05
2025_Austin,Mean_Speed_Variability,2.5198106e-05
2025_Austin,Std_Speed_Variability,0.00022783854
2025_Austin,P_0,6.277416e-05
2025_Austin,P_1,2.2383363e-05
2025_Austin,P_2,9.7632044e-05
2025_Austin,Style_Cluster_ID,0.0
2025_Austin,Style_Entropy,9.74328e-06
2025_Austin,Year,1.0760964e-05
2025_Austin,Tyre_Compound_Interaction,0.00011751741
2025_Mexico City,LapNumber,0.036360674
2025_Mexico City,Stint,0.0022159668
2025_Mexico City,TyreLife,0.00037252106
2025_Mexico City,Position,0.013621246
2025_Mexico City,AirTemp,0.001846578
2025_Mexico City,Humidity,0.008127073
2025_Mexico City,Pressure,0.0015187205
2025_Mexico City,TrackTemp,0.0005173783
2025_Mexico City,WindDirection,0.000101128535
2025_Mexico City,WindSpeed,0.00018396556
2025_Mexico City,FuelLoad,0.015361326
2025_Mexico City,Track_Evolution,0.0006475936
2025_Mexico City,Cumulative_Field_Dist_KM,0.0017876313
2025_Mexico City,Lap_Damage,0.0013751404
2025_Mexico City,LatOffset_Mean,5.94642e-05
2025_Mexico City,Accumulated_Tyre_Wear,0.00025724588
2025_Mexico City,LatOffset_Std,7.037853e-06
2025_Mexico City,Energy_Lap,0.0019269623
2025_Mexico City,Gap_To_Car_Ahead,0.000108770786
2025_Mexico City,Dirty_Air_Fraction,0.0004274372
2025_Mexico City,Aero_Loss,2.0078902e-05
2025_Mexico City,DRS_Fraction,0.0007602975
2025_Mexico City,Traction_1_5,0.0
2025_Mexico City,Asphalt_Grip_1_5,0.0005556191
2025_Mexico City,Asphalt_Abrasion_1_5,0.0037799298
2025_Mexico City,Track_Evolution_1_5,0.0
2025_Mexico City,Tyre_Stress_1_5,0.004708978
2025_Mexico City,Braking_1_5,2.6897908e-06
2025_Mexico City,Lateral_1_5,0.0
2025_Mexico City,Downforce_1_5,0.0008410283
2025_Mexico City,Min_Pressure_Front_PSI,0.00037472346
2025_Mexico City,Min_Pressure_Rear_PSI,0.00013145327
2025_Mexico City,Circuit_Length_KM,0.000103553524
2025_Mexico City,Compound_Int,0.0024314476
2025_Mexico City,Wear_Severity_Index,0.00037013713
2025_Mexico City,Track_Flow_Type,5.992923e-05
2025_Mexico City,Grip_Aero_Balance,0.0003773859
2025_Mexico City,Total_Min_Pressure,0.000111504254
2025_Mexico City,Pressure_Delta,2.4286703e-05
2025_Mexico City,Prev_LapTime,0.0013679031
2025_Mexico City,Lag_2,0.0031673128
2025_Mexico City,Rolling_Avg_3,0.002527536
2025_Mexico City,Prev_Delta,0.080017805
2025_Mexico City,Driver_Encoded,6.340201e-05
2025_Mexico City,Location_Encoded,0.0005048576
2025_Mexico City,Team_Encoded,5.810783e-05
2025_Mexico City,Mean_Apex_Speed_Ratio,2.7060487e-05
2025_Mexico City,Std_Apex_Speed_Ratio,0.0
2025_Mexico City,Mean_Brake_Fraction,2.070316e-05
2025_Mexico City,Std_Brake_Fraction,9.390273e-05
2025_Mexico City,Mean_Brake_Point_Norm,0.0002573828
2025_Mexico City,Std_Brake_Point_Norm,2.0306918e-05
2025_Mexico City,Mean_Throttle_On_Dist_Norm,0.0
2025_Mexico City,Std_Throttle_On_Dist_Norm,2.7171386e-06
2025_Mexico City,Mean_Throttle_Integral_Norm,2.3387964e-05
2025_Mexico City,Std_Throttle_Integral_Norm,3.679222e-05
2025_Mexico City,Mean_Speed_Variability,5.3043957e-05
2025_Mexico City,Std_Speed_Variability,0.00025921318
2025_Mexico City,P_0,3.840749e-06
2025_Mexico City,P_1,5.4778033e-05
2025_Mexico City,P_2,8.754301e-05
2025_Mexico City,Style_Cluster_ID,0.0
2025_Mexico City,Style_Entropy,0.0001516829
2025_Mexico City,Year,0.00028750548
2025_Mexico City,Tyre_Compound_Interaction,0.00027751504
2025_São Paulo,LapNumber,0.021716945
2025_São Paulo,Stint,0.0009172309
2025_São Paulo,TyreLife,0.00034157414
2025_São Paulo,Position,0.012899651
2025_São Paulo,AirTemp,0.0011480266
2025_São Paulo,Humidity,0.0033869783
2025_São Paulo,Pressure,0.0010099041
2025_São Paulo,TrackTemp,0.0034621146
2025_São Paulo,WindDirection,5.7726684e-05
2025_São Paulo,WindSpeed,0.0002361003
2025_São Paulo,FuelLoad,0.0072391606
2025_São Paulo,Track_Evolution,0.00070843316
2025_São Paulo,Cumulative_Field_Dist_KM,0.0048725666
2025_São Paulo,Lap_Damage,0.0014813526
2025_São Paulo,LatOffset_Mean,7.441052e-05
2025_São Paulo,Accumulated_Tyre_Wear,0.00014139873
2025_São Paulo,LatOffset_Std,3.9563724e-06
2025_São Paulo,Energy_Lap,0.0004550489
2025_São Paulo,Gap_To_Car_Ahead,4.696798e-05
2025_São Paulo,Dirty_Air_Fraction,0.00043186956
2025_São Paulo,Aero_Loss,2.6383828e-05
2025_São Paulo,DRS_Fraction,0.0005536441
2025_São Paulo,Traction_1_5,0.0
2025_São Paulo,Asphalt_Grip_1_5,0.0004671175
2025_São Paulo,Asphalt_Abrasion_1_5,0.00289071
2025_São Paulo,Track_Evolution_1_5,0.0
2025_São Paulo,Tyre_Stress_1_5,8.838455e-05
2025_São Paulo,Braking_1_5,6.1984197e-06
2025_São Paulo,Lateral_1_5,0.0
2025_São Paulo,Downforce_1_5,0.00033977273
2025_São Paulo,Min_Pressure_Front_PSI,0.0002053926
2025_São Paulo,Min_Pressure_Rear_PSI,0.00013473544
2025_São Paulo,Circuit_Length_KM,0.000557639
2025_São Paulo,Compound_Int,9.790493e-05
2025_São Paulo,Wear_Severity_Index,0.00044369782
2025_São Paulo,Track_Flow_Type,0.00012561592
2025_São Paulo,Grip_Aero_Balance,0.001230468
2025_São Paulo,Total_Min_Pressure,0.00024865844
2025_São Paulo,Pressure_Delta,2.187812e-05
2025_São Paulo,Prev_LapTime,0.013632944
2025_São Paulo,Lag_2,0.0035505362
2025_São Paulo,Rolling_Avg_3,0.0045327023
2025_São Paulo,Prev_Delta,0.084152415
2025_São Paulo,Driver_Encoded,6.2010244e-05
2025_São Paulo,Location_Encoded,0.0009801637
2025_São Paulo,Team_Encoded,1.1906164e-05
2025_São Paulo,Mean_Apex_Speed_Ratio,3.647918e-06
2025_São Paulo,Std_Apex_Speed_Ratio,1.806798e-05
2025_São Paulo,Mean_Brake_Fraction,1.8899509e-05
2025_São Paulo,Std_Brake_Fraction,7.860957e-05
2025_São Paulo,Mean_Brake_Point_Norm,0.00015206813
2025_São Paulo,Std_Brake_Point_Norm,1.7212204e-05
2025_São Paulo,Mean_Throttle_On_Dist_Norm,0.0
2025_São Paulo,Std_Throttle_On_Dist_Norm,2.697869e-05
2025_São Paulo,Mean_Throttle_Integral_Norm,8.958622e-06
2025_São Paulo,Std_Throttle_Integral_Norm,4.0477375e-05
2025_São Paulo,Mean_Speed_Variability,1.602915e-05
2025_São Paulo,Std_Speed_Variability,0.00012584469
2025_São Paulo,P_0,1.5484507e-06
2025_São Paulo,P_1,2.6624839e-05
2025_São Paulo,P_2,0.00014097837
2025_São Paulo,Style_Cluster_ID,0.0
2025_São Paulo,Style_Entropy,3.279686e-05
2025_São Paulo,Year,0.0002960498
2025_São Paulo,Tyre_Compound_Interaction,0.00013836505
2025_Las Vegas,LapNumber,0.019179724
2025_Las Vegas,Stint,0.0017726399
2025_Las Vegas,TyreLife,0.00034941264
2025_Las Vegas,Position,0.012839283
2025_Las Vegas,AirTemp,0.00081337965
2025_Las Vegas,Humidity,0.0021913303
2025_Las Vegas,Pressure,6.94182e-05
2025_Las Vegas,TrackTemp,0.003349187
2025_Las Vegas,WindDirection,8.317856e-05
2025_Las Vegas,WindSpeed,0.0001709901
2025_Las Vegas,FuelLoad,0.009788016
2025_Las Vegas,Track_Evolution,0.0011773029
2025_Las Vegas,Cumulative_Field_Dist_KM,0.0030416115
2025_Las Vegas,Lap_Damage,0.00080691295
2025_Las Vegas,LatOffset_Mean,3.378405e-05
2025_Las Vegas,Accumulated_Tyre_Wear,7.988684e-05
2025_Las Vegas,LatOffset_Std,1.48002755e-05
2025_Las Vegas,Energy_Lap,9.457578e-05
2025_Las Vegas,Gap_To_Car_Ahead,0.0001381463
2025_Las Vegas,Dirty_Air_Fraction,0.00039266262
2025_Las Vegas,Aero_Loss,3.0340154e-05
2025_Las Vegas,DRS_Fraction,0.00067598885
2025_Las Vegas,Traction_1_5,7.3476105e-05
2025_Las Vegas,Asphalt_Grip_1_5,0.0017839174
2025_Las Vegas,Asphalt_Abrasion_1_5,0.0024675992
2025_Las Vegas,Track_Evolution_1_5,0.0
2025_Las Vegas,Tyre_Stress_1_5,8.697422e-05
2025_Las Vegas,Braking_1_5,0.0
2025_Las Vegas,Lateral_1_5,0.0
2025_Las Vegas,Downforce_1_5,0.0025917822
2025_Las Vegas,Min_Pressure_Front_PSI,0.001389011
2025_Las Vegas,Min_Pressure_Rear_PSI,0.001041566
2025_Las Vegas,Circuit_Length_KM,0.00019855704
2025_Las Vegas,Compound_Int,7.1929826e-05
2025_Las Vegas,Wear_Severity_Index,0.0002485552
2025_Las Vegas,Track_Flow_Type,0.00010755129
2025_Las Vegas,Grip_Aero_Balance,0.0005177751
2025_Las Vegas,Total_Min_Pressure,0.0003517917
2025_Las Vegas,Pressure_Delta,3.2594426e-06
2025_Las Vegas,Prev_LapTime,0.00538065
2025_Las Vegas,Lag_2,0.005851319
2025_Las Vegas,Rolling_Avg_3,0.0037486413
2025_Las Vegas,Prev_Delta,0.07251238
2025_Las Vegas,Driver_Encoded,6.1273095e-05
2025_Las Vegas,Location_Encoded,0.0010091154
2025_Las Vegas,Team_Encoded,8.2053346e-05
2025_Las Vegas,Mean_Apex_Speed_Ratio,4.6140467e-05
2025_Las Vegas,Std_Apex_Speed_Ratio,0.0
2025_Las Vegas,Mean_Brake_Fraction,2.038062e-05
2025_Las Vegas,Std_Brake_Fraction,7.828386e-05
2025_Las Vegas,Mean_Brake_Point_Norm,0.00022878026
2025_Las Vegas,Std_Brake_Point_Norm,6.550939e-05
2025_Las Vegas,Mean_Throttle_On_Dist_Norm,0.0
2025_Las Vegas,Std_Throttle_On_Dist_Norm,0.00021033612
2025_Las Vegas,Mean_Throttle_Integral_Norm,4.676785e-06
2025_Las Vegas,Std_Throttle_Integral_Norm,3.9432794e-05
2025_Las Vegas,Mean_Speed_Variability,0.00019562755
2025_Las Vegas,Std_Speed_Variability,0.00036187156
2025_Las Vegas,P_0,1.0481813e-06
2025_Las Vegas,P_1,0.00012036709
2025_Las Vegas,P_2,6.535111e-05
2025_Las Vegas,Style_Cluster_ID,0.0
2025_Las Vegas,Style_Entropy,1.5585923e-05
2025_Las Vegas,Year,8.461608e-06
2025_Las Vegas,Tyre_Compound_Interaction,0.00011903885
2025_Lusail,LapNumber,0.018434199
2025_Lusail,Stint,0.00032427
2025_Lusail,TyreLife,0.00016675111
2025_Lusail,Position,0.013813088
2025_Lusail,AirTemp,0.00045169628
2025_Lusail,Humidity,0.0020119788
2025_Lusail,Pressure,2.7665343e-05
2025_Lusail,TrackTemp,0.0032465402
2025_Lusail,WindDirection,1.9697995e-05
2025_Lusail,WindSpeed,0.000270234
2025_Lusail,FuelLoad,0.0056215376
2025_Lusail,Track_Evolution,0.0004971378
2025_Lusail,Cumulative_Field_Dist_KM,0.0029643746
2025_Lusail,Lap_Damage,0.0008302938
2025_Lusail,LatOffset_Mean,2.5152038e-05
2025_Lusail,Accumulated_Tyre_Wear,8.4745356e-05
2025_Lusail,LatOffset_Std,4.1916633e-06
2025_Lusail,Energy_Lap,0.002480252
2025_Lusail,Gap_To_Car_Ahead,7.250891e-05
2025_Lusail,Dirty_Air_Fraction,0.00029585575
2025_Lusail,Aero_Loss,2.0814543e-05
2025_Lusail,DRS_Fraction,0.00063559896
2025_Lusail,Traction_1_5,0.0
2025_Lusail,Asphalt_Grip_1_5,0.00035475288
2025_Lusail,Asphalt_Abrasion_1_5,0.0021913347
2025_Lusail,Track_Evolution_1_5,1.5301746e-06
2025_Lusail,Tyre_Stress_1_5,4.8747897e-05
2025_Lusail,Braking_1_5,0.0
2025_Lusail,Lateral_1_5,0.0
2025_Lusail,Downforce_1_5,0.001675827
2025_Lusail,Min_Pressure_Front_PSI,0.000109583445
2025_Lusail,Min_Pressure_Rear_PSI,0.0008850199
2025_Lusail,Circuit_Length_KM,0.00018012046
2025_Lusail,Compound_Int,0.0003250764
2025_Lusail,Wear_Severity_Index,0.00015320083
2025_Lusail,Track_Flow_Type,9.958986e-05
2025_Lusail,Grip_Aero_Balance,0.00067008013
2025_Lusail,Total_Min_Pressure,0.00062818243
2025_Lusail,Pressure_Delta,5.0985935e-05
2025_Lusail,Prev_LapTime,0.008060637
2025_Lusail,Lag_2,0.0031302525
2025_Lusail,Rolling_Avg_3,0.0010321597
2025_Lusail,Prev_Delta,0.07234662
2025_Lusail,Driver_Encoded,4.2374617e-05
2025_Lusail,Location_Encoded,0.0004948495
2025_Lusail,Team_Encoded,4.8532154e-05
2025_Lusail,Mean_Apex_Speed_Ratio,0.00029558994
2025_Lusail,Std_Apex_Speed_Ratio,0.0
2025_Lusail,Mean_Brake_Fraction,2.8258255e-05
2025_Lusail,Std_Brake_Fraction,7.520731e-05
2025_Lusail,Mean_Brake_Point_Norm,0.00013872297
2025_Lusail,Std_Brake_Point_Norm,5.080178e-05
2025_Lusail,Mean_Throttle_On_Dist_Norm,0.0
2025_Lusail,Std_Throttle_On_Dist_Norm,0.00011064732
2025_Lusail,Mean_Throttle_Integral_Norm,4.0147454e-05
2025_Lusail,Std_Throttle_Integral_Norm,1.5154939e-05
2025_Lusail,Mean_Speed_Variability,8.5535685e-05
2025_Lusail,Std_Speed_Variability,0.00047935883
2025_Lusail,P_0,0.0
2025_Lusail,P_1,5.3125637e-05
2025_Lusail,P_2,0.0001060253
2025_Lusail,Style_Cluster_ID,0.0
2025_Lusail,Style_Entropy,3.7237153e-06
2025_Lusail,Year,4.1203508e-05
2025_Lusail,Tyre_Compound_Interaction,7.019668e-05
2025_Yas Island,LapNumber,0.021313868
2025_Yas Island,Stint,0.0009542138
2025_Yas Island,TyreLife,0.00022123476
2025_Yas Island,Position,0.013887418
2025_Yas Island,AirTemp,0.0017760983
2025_Yas Island,Humidity,0.0022829373
2025_Yas Island,Pressure,4.3969085e-05
2025_Yas Island,TrackTemp,0.0022806162
2025_Yas Island,WindDirection,8.77663e-05
2025_Yas Island,WindSpeed,0.00017389734
2025_Yas Island,FuelLoad,0.00865661
2025_Yas Island,Track_Evolution,0.00050595327
2025_Yas Island,Cumulative_Field_Dist_KM,0.0032061273
2025_Yas Island,Lap_Damage,0.0008997153
2025_Yas Island,LatOffset_Mean,4.2068772e-05
2025_Yas Island,Accumulated_Tyre_Wear,9.6456235e-05
2025_Yas Island,LatOffset_Std,3.6138795e-06
2025_Yas Island,Energy_Lap,0.00032327892
2025_Yas Island,Gap_To_Car_Ahead,7.486205e-05
2025_Yas Island,Dirty_Air_Fraction,0.00039420865
2025_Yas Island,Aero_Loss,2.659762e-05
2025_Yas Island,DRS_Fraction,0.0007516476
2025_Yas Island,Traction_1_5,0.0
2025_Yas Island,Asphalt_Grip_1_5,0.00040241546
2025_Yas Island,Asphalt_Abrasion_1_5,0.00326872
2025_Yas Island,Track_Evolution_1_5,4.1347103e-05
2025_Yas Island,Tyre_Stress_1_5,7.67023e-05
2025_Yas Island,Braking_1_5,1.5964257e-05
2025_Yas Island,Lateral_1_5,0.0
2025_Yas Island,Downforce_1_5,0.00094095303
2025_Yas Island,Min_Pressure_Front_PSI,9.5717915e-05
2025_Yas Island,Min_Pressure_Rear_PSI,0.0001382362
2025_Yas Island,Circuit_Length_KM,0.0001410826
2025_Yas Island,Compound_Int,9.160967e-05
2025_Yas Island,Wear_Severity_Index,0.00019901086
2025_Yas Island,Track_Flow_Type,6.0675346e-05
2025_Yas Island,Grip_Aero_Balance,0.001152677
2025_Yas Island,Total_Min_Pressure,0.00044879958
2025_Yas Island,Pressure_Delta,4.8422786e-05
2025_Yas Island,Prev_LapTime,0.00557557
2025_Yas Island,Lag_2,0.004645737
2025_Yas Island,Rolling_Avg_3,0.0027658464
2025_Yas Island,Prev_Delta,0.076637074
2025_Yas Island,Driver_Encoded,5.6518704e-05
2025_Yas Island,Location_Encoded,0.00067336555
2025_Yas Island,Team_Encoded,9.464866e-05
2025_Yas Island,Mean_Apex_Speed_Ratio,5.1140946e-06
2025_Yas Island,Std_Apex_Speed_Ratio,0.0
2025_Yas Island,Mean_Brake_Fraction,1.6183225e-05
2025_Yas Island,Std_Brake_Fraction,2.6100355e-05
2025_Yas Island,Mean_Brake_Point_Norm,0.00015379215
2025_Yas Island,Std_Brake_Point_Norm,5.349959e-05
2025_Yas Island,Mean_Throttle_On_Dist_Norm,0.0
2025_Yas Island,Std_Throttle_On_Dist_Norm,0.00017406976
2025_Yas Island,Mean_Throttle_Integral_Norm,1.3935502e-05
2025_Yas Island,Std_Throttle_Integral_Norm,5.8198762e-05
2025_Yas Island,Mean_Speed_Variability,0.00011578952
2025_Yas Island,Std_Speed_Variability,0.00029306771
2025_Yas Island,P_0,5.195534e-06
2025_Yas Island,P_1,3.4046363e-05
2025_Yas Island,P_2,0.00010502242
2025_Yas Island,Style_Cluster_ID,0.0
2025_Yas Island,Style_Entropy,2.359933e-05
2025_Yas Island,Year,3.4843542e-05
2025_Yas Island,Tyre_Compound_Interaction,0.000117468655
