Race,Feature,Mean_Abs_SHAP
2022_Barcelona,LapNumber,0.0043007015252027984
2022_Barcelona,Stint,0.0
2022_Barcelona,TyreLife,0.0013903885852410238
2022_Barcelona,Position,0.01662856731710722
2022_Barcelona,AirTemp,5.063175940860117e-05
2022_Barcelona,Humidity,0.025636678587852953
2022_Barcelona,Pressure,9.32259344406243e-05
2022_Barcelona,TrackTemp,0.0032618310108239994
2022_Barcelona,WindDirection,0.0026827432064172657
2022_Barcelona,WindSpeed,0.014258276306878218
2022_Barcelona,FuelLoad,0.003301776051755089
2022_Barcelona,Track_Evolution,0.0132846120522481
2022_Barcelona,Cumulative_Field_Dist_KM,0.012828095176929915
2022_Barcelona,Lap_Damage,0.0025784805397354575
2022_Barcelona,LatOffset_Mean,0.0027762167406191014
2022_Barcelona,Accumulated_Tyre_Wear,0.0018300736830252442
2022_Barcelona,LatOffset_Std,0.00028459438059653713
2022_Barcelona,Energy_Lap,0.0021280127875573317
2022_Barcelona,Gap_To_Car_Ahead,7.09772402770294e-05
2022_Barcelona,Dirty_Air_Fraction,0.0
2022_Barcelona,Aero_Loss,0.0
2022_Barcelona,DRS_Fraction,4.6690623475300286e-05
2022_Barcelona,Traction_1_5,0.0
2022_Barcelona,Asphalt_Grip_1_5,0.0
2022_Barcelona,Asphalt_Abrasion_1_5,0.0
2022_Barcelona,Track_Evolution_1_5,0.0
2022_Barcelona,Tyre_Stress_1_5,0.0
2022_Barcelona,Braking_1_5,0.0
2022_Barcelona,Lateral_1_5,0.0
2022_Barcelona,Downforce_1_5,0.0
2022_Barcelona,Min_Pressure_Front_PSI,0.0
2022_Barcelona,Min_Pressure_Rear_PSI,0.0
2022_Barcelona,Circuit_Length_KM,0.0
2022_Barcelona,Compound_Int,0.0
2022_Barcelona,Wear_Severity_Index,0.0
2022_Barcelona,Track_Flow_Type,0.0
2022_Barcelona,Grip_Aero_Balance,0.0
2022_Barcelona,Total_Min_Pressure,0.0
2022_Barcelona,Pressure_Delta,0.0
2022_Barcelona,Prev_LapTime,0.0014601183425908193
2022_Barcelona,Lag_2,0.0022409561953386785
2022_Barcelona,Rolling_Avg_3,0.001845227505888339
2022_Barcelona,Prev_Delta,0.126554235210703
2022_Barcelona,Driver_Encoded,0.0004253237626683124
2022_Barcelona,Location_Encoded,0.0
2022_Barcelona,Team_Encoded,9.918793116865942e-05
2022_Barcelona,Mean_Apex_Speed_Ratio,0.00048041001306091006
2022_Barcelona,Std_Apex_Speed_Ratio,0.012879927566369558
2022_Barcelona,Mean_Brake_Fraction,0.007624523984435107
2022_Barcelona,Std_Brake_Fraction,0.0031979569334530888
2022_Barcelona,Mean_Brake_Point_Norm,0.0009460938342186631
2022_Barcelona,Std_Brake_Point_Norm,0.00023741449958030212
2022_Barcelona,Mean_Throttle_On_Dist_Norm,0.004292808223399709
2022_Barcelona,Std_Throttle_On_Dist_Norm,0.001203731688336246
2022_Barcelona,Mean_Throttle_Integral_Norm,0.0001631104617284909
2022_Barcelona,Std_Throttle_Integral_Norm,0.009843437793239498
2022_Barcelona,Mean_Speed_Variability,0.004464795561290744
2022_Barcelona,Std_Speed_Variability,0.002212259674427257
2022_Barcelona,P_0,0.0003444567370252783
2022_Barcelona,P_1,0.002587102400907822
2022_Barcelona,P_2,0.0005235110841200637
2022_Barcelona,Style_Cluster_ID,0.0
2022_Barcelona,Style_Entropy,0.0032367590267715156
2022_Barcelona,Year,0.0
2022_Barcelona,Tyre_Compound_Interaction,0.0008849765509369664
2022_Baku,LapNumber,0.00236135590338787
2022_Baku,Stint,0.0001825175407077051
2022_Baku,TyreLife,0.0007587392033803669
2022_Baku,Position,0.017266611640253154
2022_Baku,AirTemp,0.00017852942288032304
2022_Baku,Humidity,0.03363394366797799
2022_Baku,Pressure,0.0030086524061537796
2022_Baku,TrackTemp,0.002364586696507515
2022_Baku,WindDirection,0.004269067831739322
2022_Baku,WindSpeed,0.0003082031055520664
2022_Baku,FuelLoad,0.011470168510086304
2022_Baku,Track_Evolution,0.004484475389754669
2022_Baku,Cumulative_Field_Dist_KM,0.005762828240501875
2022_Baku,Lap_Damage,0.0
2022_Baku,LatOffset_Mean,0.0018796445597301487
2022_Baku,Accumulated_Tyre_Wear,0.0003775459018110882
2022_Baku,LatOffset_Std,0.0
2022_Baku,Energy_Lap,0.00026550940430840065
2022_Baku,Gap_To_Car_Ahead,8.42400839233679e-05
2022_Baku,Dirty_Air_Fraction,0.0
2022_Baku,Aero_Loss,0.0
2022_Baku,DRS_Fraction,0.0
2022_Baku,Traction_1_5,0.0
2022_Baku,Asphalt_Grip_1_5,0.0
2022_Baku,Asphalt_Abrasion_1_5,0.0005543159189024523
2022_Baku,Track_Evolution_1_5,0.0
2022_Baku,Tyre_Stress_1_5,0.0
2022_Baku,Braking_1_5,0.0
2022_Baku,Lateral_1_5,0.0
2022_Baku,Downforce_1_5,0.00038951227205618526
2022_Baku,Min_Pressure_Front_PSI,0.0
2022_Baku,Min_Pressure_Rear_PSI,0.0
2022_Baku,Circuit_Length_KM,0.0
2022_Baku,Compound_Int,0.0033106737621617366
2022_Baku,Wear_Severity_Index,0.00032300777348583457
2022_Baku,Track_Flow_Type,0.0
2022_Baku,Grip_Aero_Balance,0.00011527973846707425
2022_Baku,Total_Min_Pressure,0.0
2022_Baku,Pressure_Delta,0.0
2022_Baku,Prev_LapTime,0.02750705599478225
2022_Baku,Lag_2,0.00022224564654745914
2022_Baku,Rolling_Avg_3,0.00012675320695428263
2022_Baku,Prev_Delta,0.10697634982492854
2022_Baku,Driver_Encoded,0.0002290927105247299
2022_Baku,Location_Encoded,0.0
2022_Baku,Team_Encoded,0.00012733042278720787
2022_Baku,Mean_Apex_Speed_Ratio,0.0
2022_Baku,Std_Apex_Speed_Ratio,0.0014913700617303052
2022_Baku,Mean_Brake_Fraction,0.003943946422262904
2022_Baku,Std_Brake_Fraction,0.005953427583373263
2022_Baku,Mean_Brake_Point_Norm,0.00045760744345703743
2022_Baku,Std_Brake_Point_Norm,0.00042176086860652625
2022_Baku,Mean_Throttle_On_Dist_Norm,0.00036360365821476556
2022_Baku,Std_Throttle_On_Dist_Norm,0.003273993410748555
2022_Baku,Mean_Throttle_Integral_Norm,0.00021731330653843478
2022_Baku,Std_Throttle_Integral_Norm,0.0007613221959390698
2022_Baku,Mean_Speed_Variability,0.006405998038161022
2022_Baku,Std_Speed_Variability,0.003821516256132072
2022_Baku,P_0,0.0
2022_Baku,P_1,0.0013799405842111693
2022_Baku,P_2,0.00022748601505112105
2022_Baku,Style_Cluster_ID,0.0
2022_Baku,Style_Entropy,0.000813855822976927
2022_Baku,Year,0.0
2022_Baku,Tyre_Compound_Interaction,0.000686164002223965
2022_Montréal,LapNumber,0.0037140108941898665
2022_Montréal,Stint,0.00473196644343247
2022_Montréal,TyreLife,0.0011000045668075086
2022_Montréal,Position,0.031342356408956204
2022_Montréal,AirTemp,0.0008597106736188349
2022_Montréal,Humidity,0.04787129579435114
2022_Montréal,Pressure,0.001807119572432714
2022_Montréal,TrackTemp,0.0017936980869324329
2022_Montréal,WindDirection,0.002315650259201967
2022_Montréal,WindSpeed,0.0009351692456472505
2022_Montréal,FuelLoad,0.00899440373548144
2022_Montréal,Track_Evolution,0.002048340452507782
2022_Montréal,Cumulative_Field_Dist_KM,0.005700712595539319
2022_Montréal,Lap_Damage,0.0
2022_Montréal,LatOffset_Mean,0.00017374834172508957
2022_Montréal,Accumulated_Tyre_Wear,0.00022662358563938713
2022_Montréal,LatOffset_Std,0.0017794164280199479
2022_Montréal,Energy_Lap,0.0001521607989351869
2022_Montréal,Gap_To_Car_Ahead,0.00046647320533444066
2022_Montréal,Dirty_Air_Fraction,0.00022904754618331664
2022_Montréal,Aero_Loss,0.0011328689469187305
2022_Montréal,DRS_Fraction,0.00035479399136903374
2022_Montréal,Traction_1_5,0.0005657866016690413
2022_Montréal,Asphalt_Grip_1_5,0.0
2022_Montréal,Asphalt_Abrasion_1_5,0.0015984922287008813
2022_Montréal,Track_Evolution_1_5,0.0
2022_Montréal,Tyre_Stress_1_5,0.0
2022_Montréal,Braking_1_5,0.0005321830972134987
2022_Montréal,Lateral_1_5,0.0
2022_Montréal,Downforce_1_5,0.0
2022_Montréal,Min_Pressure_Front_PSI,0.0005692631828279951
2022_Montréal,Min_Pressure_Rear_PSI,0.0
2022_Montréal,Circuit_Length_KM,0.0
2022_Montréal,Compound_Int,0.00045231016894049423
2022_Montréal,Wear_Severity_Index,0.00026173440208914406
2022_Montréal,Track_Flow_Type,0.0
2022_Montréal,Grip_Aero_Balance,0.0
2022_Montréal,Total_Min_Pressure,0.0
2022_Montréal,Pressure_Delta,0.0
2022_Montréal,Prev_LapTime,0.0016458053062824093
2022_Montréal,Lag_2,9.664432735311315e-05
2022_Montréal,Rolling_Avg_3,0.0007403466424122683
2022_Montréal,Prev_Delta,0.08930013724101224
2022_Montréal,Driver_Encoded,0.00014441370200655892
2022_Montréal,Location_Encoded,0.0
2022_Montréal,Team_Encoded,0.00023083678291749296
2022_Montréal,Mean_Apex_Speed_Ratio,0.0
2022_Montréal,Std_Apex_Speed_Ratio,0.0004988635075411657
2022_Montréal,Mean_Brake_Fraction,0.002967013603078027
2022_Montréal,Std_Brake_Fraction,0.0029017979246059246
2022_Montréal,Mean_Brake_Point_Norm,0.008152163760376639
2022_Montréal,Std_Brake_Point_Norm,0.0037798475667621396
2022_Montréal,Mean_Throttle_On_Dist_Norm,0.0006082979261423601
2022_Montréal,Std_Throttle_On_Dist_Norm,0.001280125600975365
2022_Montréal,Mean_Throttle_Integral_Norm,0.0003988119062240647
2022_Montréal,Std_Throttle_Integral_Norm,0.002899572578613937
2022_Montréal,Mean_Speed_Variability,0.007603868649774349
2022_Montréal,Std_Speed_Variability,0.0007895710420359218
2022_Montréal,P_0,0.0002329992672180153
2022_Montréal,P_1,0.0013273229581538435
2022_Montréal,P_2,0.0012887175167527725
2022_Montréal,Style_Cluster_ID,0.0
2022_Montréal,Style_Entropy,0.00015733074069708774
2022_Montréal,Year,0.0
2022_Montréal,Tyre_Compound_Interaction,0.0010342972539984668
2022_Silverstone,LapNumber,0.00016136956587548036
2022_Silverstone,Stint,0.0
2022_Silverstone,TyreLife,0.00017366902294710336
2022_Silverstone,Position,0.021130566641025174
2022_Silverstone,AirTemp,0.00020946596914007758
2022_Silverstone,Humidity,0.0008595072887593479
2022_Silverstone,Pressure,0.002777699365637907
2022_Silverstone,TrackTemp,0.0014166605058290103
2022_Silverstone,WindDirection,0.002239630529456687
2022_Silverstone,WindSpeed,0.001961556622604312
2022_Silverstone,FuelLoad,0.012837392275661786
2022_Silverstone,Track_Evolution,0.0013656075126963587
2022_Silverstone,Cumulative_Field_Dist_KM,0.003101034506432184
2022_Silverstone,Lap_Damage,0.0021557865207414355
2022_Silverstone,LatOffset_Mean,2.2968515960387212e-05
2022_Silverstone,Accumulated_Tyre_Wear,0.0002794870796825464
2022_Silverstone,LatOffset_Std,0.0003483738342292234
2022_Silverstone,Energy_Lap,0.0012756529118889103
2022_Silverstone,Gap_To_Car_Ahead,0.0028697755596837865
2022_Silverstone,Dirty_Air_Fraction,2.3425814585035242e-05
2022_Silverstone,Aero_Loss,0.00043697216128866373
2022_Silverstone,DRS_Fraction,0.0
2022_Silverstone,Traction_1_5,0.0
2022_Silverstone,Asphalt_Grip_1_5,0.0
2022_Silverstone,Asphalt_Abrasion_1_5,0.019045172247546434
2022_Silverstone,Track_Evolution_1_5,0.0
2022_Silverstone,Tyre_Stress_1_5,0.0
2022_Silverstone,Braking_1_5,0.0
2022_Silverstone,Lateral_1_5,0.0
2022_Silverstone,Downforce_1_5,0.0
2022_Silverstone,Min_Pressure_Front_PSI,0.002564399368401672
2022_Silverstone,Min_Pressure_Rear_PSI,0.0
2022_Silverstone,Circuit_Length_KM,0.0
2022_Silverstone,Compound_Int,0.001037293337380265
2022_Silverstone,Wear_Severity_Index,0.0008607908340283049
2022_Silverstone,Track_Flow_Type,0.0
2022_Silverstone,Grip_Aero_Balance,0.0
2022_Silverstone,Total_Min_Pressure,0.0
2022_Silverstone,Pressure_Delta,0.0
2022_Silverstone,Prev_LapTime,0.00130708721026082
2022_Silverstone,Lag_2,0.0
2022_Silverstone,Rolling_Avg_3,0.00037362674575090987
2022_Silverstone,Prev_Delta,0.10784831584880206
2022_Silverstone,Driver_Encoded,0.0
2022_Silverstone,Location_Encoded,0.00048627734848600597
2022_Silverstone,Team_Encoded,0.0008385456026599366
2022_Silverstone,Mean_Apex_Speed_Ratio,0.00031086786431529814
2022_Silverstone,Std_Apex_Speed_Ratio,0.0002180764929683758
2022_Silverstone,Mean_Brake_Fraction,0.0015235484650277945
2022_Silverstone,Std_Brake_Fraction,0.0030479134539501645
2022_Silverstone,Mean_Brake_Point_Norm,5.3607744312824845e-05
2022_Silverstone,Std_Brake_Point_Norm,0.0007553398520149593
2022_Silverstone,Mean_Throttle_On_Dist_Norm,0.00203768723636666
2022_Silverstone,Std_Throttle_On_Dist_Norm,0.0015127599728325136
2022_Silverstone,Mean_Throttle_Integral_Norm,0.00015032439043618552
2022_Silverstone,Std_Throttle_Integral_Norm,0.00221564364063978
2022_Silverstone,Mean_Speed_Variability,0.015494637530987537
2022_Silverstone,Std_Speed_Variability,0.0011543765994948643
2022_Silverstone,P_0,0.0004288082891371103
2022_Silverstone,P_1,0.000576378950705047
2022_Silverstone,P_2,0.0
2022_Silverstone,Style_Cluster_ID,0.0
2022_Silverstone,Style_Entropy,0.00042892048867597345
2022_Silverstone,Year,0.0
2022_Silverstone,Tyre_Compound_Interaction,0.003097148117857285
2022_Spielberg,LapNumber,0.0005731041832350318
2022_Spielberg,Stint,0.0
2022_Spielberg,TyreLife,0.0006158545748032288
2022_Spielberg,Position,0.0228337762579087
2022_Spielberg,AirTemp,0.0004778880638996053
2022_Spielberg,Humidity,0.0012275354116730122
2022_Spielberg,Pressure,0.049278288864460354
2022_Spielberg,TrackTemp,0.0012695652602062618
2022_Spielberg,WindDirection,0.0018480075020209054
2022_Spielberg,WindSpeed,0.0017548582294792032
2022_Spielberg,FuelLoad,0.008696266660072486
2022_Spielberg,Track_Evolution,0.000547153435846722
2022_Spielberg,Cumulative_Field_Dist_KM,0.002913584978096376
2022_Spielberg,Lap_Damage,0.00048548709464426405
2022_Spielberg,LatOffset_Mean,7.26265876709787e-05
2022_Spielberg,Accumulated_Tyre_Wear,7.614380829242947e-05
2022_Spielberg,LatOffset_Std,6.957615702765657e-05
2022_Spielberg,Energy_Lap,0.0008935527790277202
2022_Spielberg,Gap_To_Car_Ahead,0.0014381563129484535
2022_Spielberg,Dirty_Air_Fraction,0.0
2022_Spielberg,Aero_Loss,0.00016326462560014738
2022_Spielberg,DRS_Fraction,0.0
2022_Spielberg,Traction_1_5,0.0
2022_Spielberg,Asphalt_Grip_1_5,0.0
2022_Spielberg,Asphalt_Abrasion_1_5,0.051983475060853726
2022_Spielberg,Track_Evolution_1_5,0.0
2022_Spielberg,Tyre_Stress_1_5,0.0
2022_Spielberg,Braking_1_5,7.370561536384365e-05
2022_Spielberg,Lateral_1_5,0.0
2022_Spielberg,Downforce_1_5,0.0
2022_Spielberg,Min_Pressure_Front_PSI,0.0025288951344410535
2022_Spielberg,Min_Pressure_Rear_PSI,0.0
2022_Spielberg,Circuit_Length_KM,0.00023438459839654865
2022_Spielberg,Compound_Int,0.0004828829164152701
2022_Spielberg,Wear_Severity_Index,0.0003785947366873307
2022_Spielberg,Track_Flow_Type,0.0
2022_Spielberg,Grip_Aero_Balance,0.0
2022_Spielberg,Total_Min_Pressure,0.0004584015854987376
2022_Spielberg,Pressure_Delta,0.0
2022_Spielberg,Prev_LapTime,0.001872326258453785
2022_Spielberg,Lag_2,2.3935948641837075e-05
2022_Spielberg,Rolling_Avg_3,0.00012822572531860044
2022_Spielberg,Prev_Delta,0.09791585696513323
2022_Spielberg,Driver_Encoded,0.0
2022_Spielberg,Location_Encoded,0.0002347852356726245
2022_Spielberg,Team_Encoded,0.0006136428006399737
2022_Spielberg,Mean_Apex_Speed_Ratio,0.00013852677188170833
2022_Spielberg,Std_Apex_Speed_Ratio,0.0003963785263673863
2022_Spielberg,Mean_Brake_Fraction,0.00210732120025728
2022_Spielberg,Std_Brake_Fraction,0.005515419291061418
2022_Spielberg,Mean_Brake_Point_Norm,0.0027003859177444573
2022_Spielberg,Std_Brake_Point_Norm,0.00021404630013019358
2022_Spielberg,Mean_Throttle_On_Dist_Norm,0.0015856501790470707
2022_Spielberg,Std_Throttle_On_Dist_Norm,0.004032747346179539
2022_Spielberg,Mean_Throttle_Integral_Norm,6.80792303269626e-05
2022_Spielberg,Std_Throttle_Integral_Norm,0.001924750567689821
2022_Spielberg,Mean_Speed_Variability,0.00444946317716255
2022_Spielberg,Std_Speed_Variability,0.0006875365437716996
2022_Spielberg,P_0,0.0
2022_Spielberg,P_1,0.0016794133273560683
2022_Spielberg,P_2,0.0
2022_Spielberg,Style_Cluster_ID,0.0
2022_Spielberg,Style_Entropy,0.0004751088660826626
2022_Spielberg,Year,0.0
2022_Spielberg,Tyre_Compound_Interaction,0.0012976783305323608
2022_Le Castellet,LapNumber,0.0013690951010960695
2022_Le Castellet,Stint,2.1805660071902246e-05
2022_Le Castellet,TyreLife,0.0006750469771523452
2022_Le Castellet,Position,0.021365173438028705
2022_Le Castellet,AirTemp,0.0008235141483991112
2022_Le Castellet,Humidity,0.0010868737434060927
2022_Le Castellet,Pressure,0.0015390762538272
2022_Le Castellet,TrackTemp,0.0013024785412442954
2022_Le Castellet,WindDirection,0.0014580249448751552
2022_Le Castellet,WindSpeed,0.0012251614196434016
2022_Le Castellet,FuelLoad,0.007391639639660656
2022_Le Castellet,Track_Evolution,0.0006430238944269821
2022_Le Castellet,Cumulative_Field_Dist_KM,0.002702936263821301
2022_Le Castellet,Lap_Damage,0.0006970346338410467
2022_Le Castellet,LatOffset_Mean,0.0
2022_Le Castellet,Accumulated_Tyre_Wear,0.00016979903899873308
2022_Le Castellet,LatOffset_Std,2.8676662452394055e-05
2022_Le Castellet,Energy_Lap,0.0038881779590338437
2022_Le Castellet,Gap_To_Car_Ahead,0.0024941783823518586
2022_Le Castellet,Dirty_Air_Fraction,0.00017065759351233764
2022_Le Castellet,Aero_Loss,0.0
2022_Le Castellet,DRS_Fraction,0.0001624599859544348
2022_Le Castellet,Traction_1_5,0.0
2022_Le Castellet,Asphalt_Grip_1_5,4.923299240097848e-05
2022_Le Castellet,Asphalt_Abrasion_1_5,0.01041183122438868
2022_Le Castellet,Track_Evolution_1_5,0.0
2022_Le Castellet,Tyre_Stress_1_5,0.0
2022_Le Castellet,Braking_1_5,0.001030115898621386
2022_Le Castellet,Lateral_1_5,0.0
2022_Le Castellet,Downforce_1_5,0.0
2022_Le Castellet,Min_Pressure_Front_PSI,0.0090666893174857
2022_Le Castellet,Min_Pressure_Rear_PSI,0.0
2022_Le Castellet,Circuit_Length_KM,0.0
2022_Le Castellet,Compound_Int,0.0007440466552742607
2022_Le Castellet,Wear_Severity_Index,0.0012376402822115299
2022_Le Castellet,Track_Flow_Type,0.0
2022_Le Castellet,Grip_Aero_Balance,0.0
2022_Le Castellet,Total_Min_Pressure,0.0020608959623501636
2022_Le Castellet,Pressure_Delta,0.0
2022_Le Castellet,Prev_LapTime,0.0007547774362228886
2022_Le Castellet,Lag_2,2.0576180188959142e-05
2022_Le Castellet,Rolling_Avg_3,0.0003694571878256814
2022_Le Castellet,Prev_Delta,0.11672069013139913
2022_Le Castellet,Driver_Encoded,0.0
2022_Le Castellet,Location_Encoded,0.00013540610703017598
2022_Le Castellet,Team_Encoded,0.00041767058560079505
2022_Le Castellet,Mean_Apex_Speed_Ratio,0.00017988845742530383
2022_Le Castellet,Std_Apex_Speed_Ratio,0.0003188039253503569
2022_Le Castellet,Mean_Brake_Fraction,0.0012085242905897726
2022_Le Castellet,Std_Brake_Fraction,0.0038814058443980646
2022_Le Castellet,Mean_Brake_Point_Norm,0.0024288008060714514
2022_Le Castellet,Std_Brake_Point_Norm,5.732388822430425e-05
2022_Le Castellet,Mean_Throttle_On_Dist_Norm,0.002046510372594321
2022_Le Castellet,Std_Throttle_On_Dist_Norm,0.0007996968314936303
2022_Le Castellet,Mean_Throttle_Integral_Norm,0.0004551422447288411
2022_Le Castellet,Std_Throttle_Integral_Norm,0.002824994607717852
2022_Le Castellet,Mean_Speed_Variability,0.00451698313015568
2022_Le Castellet,Std_Speed_Variability,0.001298989666987197
2022_Le Castellet,P_0,0.000480833703779797
2022_Le Castellet,P_1,0.0005662225072269627
2022_Le Castellet,P_2,0.0006580937630541396
2022_Le Castellet,Style_Cluster_ID,0.0
2022_Le Castellet,Style_Entropy,0.0004050328096428932
2022_Le Castellet,Year,0.0
2022_Le Castellet,Tyre_Compound_Interaction,0.0027172084456405683
2022_Spa-Francorchamps,LapNumber,0.0003024306497373659
2022_Spa-Francorchamps,Stint,0.0005190358288328583
2022_Spa-Francorchamps,TyreLife,0.0005785477765354679
2022_Spa-Francorchamps,Position,0.019300351518842688
2022_Spa-Francorchamps,AirTemp,0.0008942955796161382
2022_Spa-Francorchamps,Humidity,0.0017027210191524098
2022_Spa-Francorchamps,Pressure,0.0013483809972976862
2022_Spa-Francorchamps,TrackTemp,0.0006146807859429697
2022_Spa-Francorchamps,WindDirection,0.003378529345409966
2022_Spa-Francorchamps,WindSpeed,0.002513800466173075
2022_Spa-Francorchamps,FuelLoad,0.013225952842788434
2022_Spa-Francorchamps,Track_Evolution,0.00028346369430501964
2022_Spa-Francorchamps,Cumulative_Field_Dist_KM,0.003230614033086308
2022_Spa-Francorchamps,Lap_Damage,0.0035153369174307425
2022_Spa-Francorchamps,LatOffset_Mean,0.0005285164993908614
2022_Spa-Francorchamps,Accumulated_Tyre_Wear,0.0001974207696000258
2022_Spa-Francorchamps,LatOffset_Std,0.00035545084604148193
2022_Spa-Francorchamps,Energy_Lap,0.001496396818833977
2022_Spa-Francorchamps,Gap_To_Car_Ahead,0.0006564865166677541
2022_Spa-Francorchamps,Dirty_Air_Fraction,5.657282818930352e-05
2022_Spa-Francorchamps,Aero_Loss,0.0004775621608374717
2022_Spa-Francorchamps,DRS_Fraction,0.0
2022_Spa-Francorchamps,Traction_1_5,0.0
2022_Spa-Francorchamps,Asphalt_Grip_1_5,0.00026263951429039245
2022_Spa-Francorchamps,Asphalt_Abrasion_1_5,0.012551996100485257
2022_Spa-Francorchamps,Track_Evolution_1_5,0.0
2022_Spa-Francorchamps,Tyre_Stress_1_5,0.0
2022_Spa-Francorchamps,Braking_1_5,0.0
2022_Spa-Francorchamps,Lateral_1_5,0.0
2022_Spa-Francorchamps,Downforce_1_5,0.0
2022_Spa-Francorchamps,Min_Pressure_Front_PSI,0.007939915831407957
2022_Spa-Francorchamps,Min_Pressure_Rear_PSI,0.0
2022_Spa-Francorchamps,Circuit_Length_KM,0.0
2022_Spa-Francorchamps,Compound_Int,0.0030035860442524185
2022_Spa-Francorchamps,Wear_Severity_Index,0.0011997155230522372
2022_Spa-Francorchamps,Track_Flow_Type,0.0004885455944790669
2022_Spa-Francorchamps,Grip_Aero_Balance,0.0
2022_Spa-Francorchamps,Total_Min_Pressure,0.001637689226507718
2022_Spa-Francorchamps,Pressure_Delta,0.0
2022_Spa-Francorchamps,Prev_LapTime,0.06816077000710533
2022_Spa-Francorchamps,Lag_2,0.0002097183392671182
2022_Spa-Francorchamps,Rolling_Avg_3,0.028715644964405845
2022_Spa-Francorchamps,Prev_Delta,0.13168172837461836
2022_Spa-Francorchamps,Driver_Encoded,0.0
2022_Spa-Francorchamps,Location_Encoded,0.0
2022_Spa-Francorchamps,Team_Encoded,0.0009855780241085589
2022_Spa-Francorchamps,Mean_Apex_Speed_Ratio,0.000310169697277727
2022_Spa-Francorchamps,Std_Apex_Speed_Ratio,0.0
2022_Spa-Francorchamps,Mean_Brake_Fraction,0.0031085614757796628
2022_Spa-Francorchamps,Std_Brake_Fraction,0.0036229055434099117
2022_Spa-Francorchamps,Mean_Brake_Point_Norm,0.00129000774619684
2022_Spa-Francorchamps,Std_Brake_Point_Norm,0.0005025295734110533
2022_Spa-Francorchamps,Mean_Throttle_On_Dist_Norm,0.002779058012454071
2022_Spa-Francorchamps,Std_Throttle_On_Dist_Norm,0.0005006380986880273
2022_Spa-Francorchamps,Mean_Throttle_Integral_Norm,0.0001239694209991639
2022_Spa-Francorchamps,Std_Throttle_Integral_Norm,0.002497991887563711
2022_Spa-Francorchamps,Mean_Speed_Variability,0.024107903171379105
2022_Spa-Francorchamps,Std_Speed_Variability,0.001452114194211746
2022_Spa-Francorchamps,P_0,6.02222312138858e-05
2022_Spa-Francorchamps,P_1,0.0010280438205810176
2022_Spa-Francorchamps,P_2,0.004512021980922864
2022_Spa-Francorchamps,Style_Cluster_ID,0.0
2022_Spa-Francorchamps,Style_Entropy,7.425275181031835e-05
2022_Spa-Francorchamps,Year,0.0
2022_Spa-Francorchamps,Tyre_Compound_Interaction,0.00028660071025703263
2022_Zandvoort,LapNumber,0.00031547184075663917
2022_Zandvoort,Stint,0.0
2022_Zandvoort,TyreLife,0.0015708209724660674
2022_Zandvoort,Position,0.02512799918420107
2022_Zandvoort,AirTemp,0.0001236265567727588
2022_Zandvoort,Humidity,0.004638101765970948
2022_Zandvoort,Pressure,0.003326279340541725
2022_Zandvoort,TrackTemp,0.0004921738372729847
2022_Zandvoort,WindDirection,0.001504705570458336
2022_Zandvoort,WindSpeed,0.002946107572409333
2022_Zandvoort,FuelLoad,0.009471829605350778
2022_Zandvoort,Track_Evolution,0.0004006987780888005
2022_Zandvoort,Cumulative_Field_Dist_KM,0.017639325452892228
2022_Zandvoort,Lap_Damage,0.0040501602417380425
2022_Zandvoort,LatOffset_Mean,5.046010517410035e-05
2022_Zandvoort,Accumulated_Tyre_Wear,0.00015395399078911728
2022_Zandvoort,LatOffset_Std,0.0006375972101644495
2022_Zandvoort,Energy_Lap,0.0012221197674306267
2022_Zandvoort,Gap_To_Car_Ahead,0.0015434562001834138
2022_Zandvoort,Dirty_Air_Fraction,0.0
2022_Zandvoort,Aero_Loss,0.0003086905449262578
2022_Zandvoort,DRS_Fraction,1.7719561846974067e-05
2022_Zandvoort,Traction_1_5,0.0
2022_Zandvoort,Asphalt_Grip_1_5,0.000363373882254752
2022_Zandvoort,Asphalt_Abrasion_1_5,0.017408075427421243
2022_Zandvoort,Track_Evolution_1_5,0.0
2022_Zandvoort,Tyre_Stress_1_5,0.0
2022_Zandvoort,Braking_1_5,0.0
2022_Zandvoort,Lateral_1_5,0.0
2022_Zandvoort,Downforce_1_5,0.0
2022_Zandvoort,Min_Pressure_Front_PSI,0.003298494922813722
2022_Zandvoort,Min_Pressure_Rear_PSI,0.0
2022_Zandvoort,Circuit_Length_KM,0.0
2022_Zandvoort,Compound_Int,0.0004520359656302955
2022_Zandvoort,Wear_Severity_Index,0.0011240035186187696
2022_Zandvoort,Track_Flow_Type,0.0019840910403365708
2022_Zandvoort,Grip_Aero_Balance,0.00038817973397118027
2022_Zandvoort,Total_Min_Pressure,0.0003220954593455954
2022_Zandvoort,Pressure_Delta,0.0
2022_Zandvoort,Prev_LapTime,0.000636774412716245
2022_Zandvoort,Lag_2,0.00038574655083956896
2022_Zandvoort,Rolling_Avg_3,0.00012518108858288092
2022_Zandvoort,Prev_Delta,0.10308242713372269
2022_Zandvoort,Driver_Encoded,0.0
2022_Zandvoort,Location_Encoded,0.0
2022_Zandvoort,Team_Encoded,0.00013854354958293011
2022_Zandvoort,Mean_Apex_Speed_Ratio,0.00035953469647185063
2022_Zandvoort,Std_Apex_Speed_Ratio,0.0004764429257169013
2022_Zandvoort,Mean_Brake_Fraction,0.0013697725255679893
2022_Zandvoort,Std_Brake_Fraction,0.0022953894649388536
2022_Zandvoort,Mean_Brake_Point_Norm,9.737487785295791e-06
2022_Zandvoort,Std_Brake_Point_Norm,7.585316073128819e-05
2022_Zandvoort,Mean_Throttle_On_Dist_Norm,0.0013324826625808564
2022_Zandvoort,Std_Throttle_On_Dist_Norm,0.0009735966873972446
2022_Zandvoort,Mean_Throttle_Integral_Norm,0.00028835193085014176
2022_Zandvoort,Std_Throttle_Integral_Norm,0.001114409027214919
2022_Zandvoort,Mean_Speed_Variability,0.00036776051367996663
2022_Zandvoort,Std_Speed_Variability,0.0010509449008099336
2022_Zandvoort,P_0,0.00015803163885135373
2022_Zandvoort,P_1,0.000453065121421377
2022_Zandvoort,P_2,0.0015264572357354047
2022_Zandvoort,Style_Cluster_ID,0.0
2022_Zandvoort,Style_Entropy,0.0006013561428329322
2022_Zandvoort,Year,0.0
2022_Zandvoort,Tyre_Compound_Interaction,0.0003425738952124094
2022_Monza,LapNumber,0.0013991501019036056
2022_Monza,Stint,0.0
2022_Monza,TyreLife,0.0022938219634521394
2022_Monza,Position,0.022919031086530622
2022_Monza,AirTemp,0.0007189032982596474
2022_Monza,Humidity,0.0009424686102191056
2022_Monza,Pressure,0.002342480954777817
2022_Monza,TrackTemp,0.0018044270910406376
2022_Monza,WindDirection,0.0010824930021065098
2022_Monza,WindSpeed,0.000692748147474051
2022_Monza,FuelLoad,0.005832844355661545
2022_Monza,Track_Evolution,0.00021989806930758655
2022_Monza,Cumulative_Field_Dist_KM,0.0018749324068772844
2022_Monza,Lap_Damage,0.00414153263673116
2022_Monza,LatOffset_Mean,0.00011975210321880095
2022_Monza,Accumulated_Tyre_Wear,0.0002702039651105165
2022_Monza,LatOffset_Std,0.00027242421614609544
2022_Monza,Energy_Lap,0.001213736805997967
2022_Monza,Gap_To_Car_Ahead,0.002750785555158326
2022_Monza,Dirty_Air_Fraction,0.0005193345288356489
2022_Monza,Aero_Loss,0.0004242363830184731
2022_Monza,DRS_Fraction,1.880685759165655e-05
2022_Monza,Traction_1_5,8.120236919036698e-05
2022_Monza,Asphalt_Grip_1_5,0.00045053275089303304
2022_Monza,Asphalt_Abrasion_1_5,0.014879623053417121
2022_Monza,Track_Evolution_1_5,0.0
2022_Monza,Tyre_Stress_1_5,0.0
2022_Monza,Braking_1_5,0.0
2022_Monza,Lateral_1_5,0.0
2022_Monza,Downforce_1_5,0.0
2022_Monza,Min_Pressure_Front_PSI,0.0029993392760535582
2022_Monza,Min_Pressure_Rear_PSI,9.687166260538313e-06
2022_Monza,Circuit_Length_KM,2.6420138285486575e-05
2022_Monza,Compound_Int,0.0005468166520466457
2022_Monza,Wear_Severity_Index,0.003599750696977815
2022_Monza,Track_Flow_Type,0.0015807465109061042
2022_Monza,Grip_Aero_Balance,0.0
2022_Monza,Total_Min_Pressure,9.660594456310819e-05
2022_Monza,Pressure_Delta,0.0
2022_Monza,Prev_LapTime,0.00012944049735826022
2022_Monza,Lag_2,0.0
2022_Monza,Rolling_Avg_3,0.00011304119819819393
2022_Monza,Prev_Delta,0.08687333277344926
2022_Monza,Driver_Encoded,1.3267336392362935e-05
2022_Monza,Location_Encoded,4.1917051650433386e-05
2022_Monza,Team_Encoded,0.00017273823363474927
2022_Monza,Mean_Apex_Speed_Ratio,1.731215578948085e-05
2022_Monza,Std_Apex_Speed_Ratio,6.665615697854799e-05
2022_Monza,Mean_Brake_Fraction,0.0012623079414440595
2022_Monza,Std_Brake_Fraction,0.0020416511110066507
2022_Monza,Mean_Brake_Point_Norm,7.664857289149675e-05
2022_Monza,Std_Brake_Point_Norm,0.00012111314945831986
2022_Monza,Mean_Throttle_On_Dist_Norm,0.0003841521144032205
2022_Monza,Std_Throttle_On_Dist_Norm,0.0022189100326651078
2022_Monza,Mean_Throttle_Integral_Norm,0.00024524970015260257
2022_Monza,Std_Throttle_Integral_Norm,0.0005223359760013704
2022_Monza,Mean_Speed_Variability,4.596558596852556e-05
2022_Monza,Std_Speed_Variability,0.0003120279233831164
2022_Monza,P_0,0.0009176462611195394
2022_Monza,P_1,0.0010252122163234457
2022_Monza,P_2,0.0009846410625994626
2022_Monza,Style_Cluster_ID,0.0
2022_Monza,Style_Entropy,0.0005224851740418362
2022_Monza,Year,0.0
2022_Monza,Tyre_Compound_Interaction,0.00027079140658430105
2022_Marina Bay,LapNumber,0.002520419097592186
2022_Marina Bay,Stint,0.0
2022_Marina Bay,TyreLife,0.00166754601531804
2022_Marina Bay,Position,0.01532368002399999
2022_Marina Bay,AirTemp,0.0013944802679359115
2022_Marina Bay,Humidity,0.002830090704113955
2022_Marina Bay,Pressure,0.0006728979026698246
2022_Marina Bay,TrackTemp,0.0008993749080815409
2022_Marina Bay,WindDirection,0.0015257841940717466
2022_Marina Bay,WindSpeed,0.0016632527568064908
2022_Marina Bay,FuelLoad,0.008301928465445333
2022_Marina Bay,Track_Evolution,0.0
2022_Marina Bay,Cumulative_Field_Dist_KM,0.004030121946296639
2022_Marina Bay,Lap_Damage,0.00516254752719443
2022_Marina Bay,LatOffset_Mean,0.00010356802038507726
2022_Marina Bay,Accumulated_Tyre_Wear,0.00013634915278601576
2022_Marina Bay,LatOffset_Std,0.0007262414885048067
2022_Marina Bay,Energy_Lap,0.0009120772573634355
2022_Marina Bay,Gap_To_Car_Ahead,0.004099887631772903
2022_Marina Bay,Dirty_Air_Fraction,8.96150043970869e-05
2022_Marina Bay,Aero_Loss,0.0007641158177661337
2022_Marina Bay,DRS_Fraction,5.131694614329179e-05
2022_Marina Bay,Traction_1_5,0.0
2022_Marina Bay,Asphalt_Grip_1_5,0.0006814855941065979
2022_Marina Bay,Asphalt_Abrasion_1_5,0.02226506279831339
2022_Marina Bay,Track_Evolution_1_5,0.0
2022_Marina Bay,Tyre_Stress_1_5,0.0
2022_Marina Bay,Braking_1_5,6.734929123113229e-05
2022_Marina Bay,Lateral_1_5,0.0
2022_Marina Bay,Downforce_1_5,0.00020105268758602302
2022_Marina Bay,Min_Pressure_Front_PSI,0.015235095327396121
2022_Marina Bay,Min_Pressure_Rear_PSI,6.886837691293425e-05
2022_Marina Bay,Circuit_Length_KM,6.125729446807991e-05
2022_Marina Bay,Compound_Int,0.0005063709622418569
2022_Marina Bay,Wear_Severity_Index,0.003555635853071499
2022_Marina Bay,Track_Flow_Type,0.0007246570534754874
2022_Marina Bay,Grip_Aero_Balance,0.00033806746914503863
2022_Marina Bay,Total_Min_Pressure,0.0017725424904384583
2022_Marina Bay,Pressure_Delta,0.0
2022_Marina Bay,Prev_LapTime,0.03658098696988205
2022_Marina Bay,Lag_2,0.0007979198044419293
2022_Marina Bay,Rolling_Avg_3,0.002472492741519646
2022_Marina Bay,Prev_Delta,0.1951595166336468
2022_Marina Bay,Driver_Encoded,0.0001701528397150617
2022_Marina Bay,Location_Encoded,0.00012032009464125084
2022_Marina Bay,Team_Encoded,0.00015075974786265146
2022_Marina Bay,Mean_Apex_Speed_Ratio,0.0002290116417524448
2022_Marina Bay,Std_Apex_Speed_Ratio,0.001186601037702287
2022_Marina Bay,Mean_Brake_Fraction,0.0013603245336966255
2022_Marina Bay,Std_Brake_Fraction,0.004737299853472916
2022_Marina Bay,Mean_Brake_Point_Norm,0.0003170048040584098
2022_Marina Bay,Std_Brake_Point_Norm,0.00015122184047401002
2022_Marina Bay,Mean_Throttle_On_Dist_Norm,0.0012316710274010707
2022_Marina Bay,Std_Throttle_On_Dist_Norm,0.001282422021038918
2022_Marina Bay,Mean_Throttle_Integral_Norm,0.0003188229536670781
2022_Marina Bay,Std_Throttle_Integral_Norm,0.0021621014645275085
2022_Marina Bay,Mean_Speed_Variability,0.0
2022_Marina Bay,Std_Speed_Variability,0.00025280009731484327
2022_Marina Bay,P_0,0.0011965392929174882
2022_Marina Bay,P_1,0.001478762694181203
2022_Marina Bay,P_2,0.0021189047680074714
2022_Marina Bay,Style_Cluster_ID,0.0
2022_Marina Bay,Style_Entropy,0.001175889912042018
2022_Marina Bay,Year,0.0
2022_Marina Bay,Tyre_Compound_Interaction,0.00045882323715580223
2022_Austin,LapNumber,0.002924214809877192
2022_Austin,Stint,0.000270751100097303
2022_Austin,TyreLife,0.0030229839881204105
2022_Austin,Position,0.025299963446385552
2022_Austin,AirTemp,0.001626049574075495
2022_Austin,Humidity,0.0005070836435913138
2022_Austin,Pressure,0.00047535046407550386
2022_Austin,TrackTemp,0.0008681704058815942
2022_Austin,WindDirection,0.003765620129348406
2022_Austin,WindSpeed,0.0012639161122690997
2022_Austin,FuelLoad,0.013170302823709179
2022_Austin,Track_Evolution,0.0006166208957615143
2022_Austin,Cumulative_Field_Dist_KM,0.001024423042676741
2022_Austin,Lap_Damage,0.008514815803321396
2022_Austin,LatOffset_Mean,0.0007504766141645916
2022_Austin,Accumulated_Tyre_Wear,0.0002695725960879466
2022_Austin,LatOffset_Std,0.0004725618876483024
2022_Austin,Energy_Lap,0.006173517005661842
2022_Austin,Gap_To_Car_Ahead,0.0013301350544676356
2022_Austin,Dirty_Air_Fraction,0.00019895208575017084
2022_Austin,Aero_Loss,0.0009349975618905647
2022_Austin,DRS_Fraction,8.464840224193294e-05
2022_Austin,Traction_1_5,0.0
2022_Austin,Asphalt_Grip_1_5,0.00042595029234987676
2022_Austin,Asphalt_Abrasion_1_5,0.05022733844208714
2022_Austin,Track_Evolution_1_5,0.0
2022_Austin,Tyre_Stress_1_5,0.0
2022_Austin,Braking_1_5,0.0
2022_Austin,Lateral_1_5,0.0
2022_Austin,Downforce_1_5,0.0
2022_Austin,Min_Pressure_Front_PSI,0.00010816556657881195
2022_Austin,Min_Pressure_Rear_PSI,3.791590998710496e-05
2022_Austin,Circuit_Length_KM,0.0
2022_Austin,Compound_Int,0.0008839213935767423
2022_Austin,Wear_Severity_Index,0.007299288290555373
2022_Austin,Track_Flow_Type,0.011324245004113213
2022_Austin,Grip_Aero_Balance,0.0002790358408097249
2022_Austin,Total_Min_Pressure,0.0
2022_Austin,Pressure_Delta,0.0
2022_Austin,Prev_LapTime,0.0004824967618900582
2022_Austin,Lag_2,9.816727794694917e-05
2022_Austin,Rolling_Avg_3,0.00016424083290811963
2022_Austin,Prev_Delta,0.13740455682813724
2022_Austin,Driver_Encoded,6.650098394773516e-05
2022_Austin,Location_Encoded,0.00012572677278084837
2022_Austin,Team_Encoded,0.00020661488883416551
2022_Austin,Mean_Apex_Speed_Ratio,0.00024272655582826955
2022_Austin,Std_Apex_Speed_Ratio,0.0
2022_Austin,Mean_Brake_Fraction,0.0022935151279622435
2022_Austin,Std_Brake_Fraction,0.0009173525168311065
2022_Austin,Mean_Brake_Point_Norm,1.972874662810528e-05
2022_Austin,Std_Brake_Point_Norm,0.00012730216667048629
2022_Austin,Mean_Throttle_On_Dist_Norm,0.0010383614967592694
2022_Austin,Std_Throttle_On_Dist_Norm,0.00028067452341200885
2022_Austin,Mean_Throttle_Integral_Norm,0.0008943777531993122
2022_Austin,Std_Throttle_Integral_Norm,0.0012997109070446034
2022_Austin,Mean_Speed_Variability,0.0001585456908944239
2022_Austin,Std_Speed_Variability,0.0006650054258689825
2022_Austin,P_0,0.0003422808366841402
2022_Austin,P_1,0.0008795240160664615
2022_Austin,P_2,0.003169700150911893
2022_Austin,Style_Cluster_ID,0.0
2022_Austin,Style_Entropy,0.0038880453487833634
2022_Austin,Year,0.0
2022_Austin,Tyre_Compound_Interaction,0.0007760599989855699
2022_Mexico City,LapNumber,0.00256133205522506
2022_Mexico City,Stint,4.1515467012652635e-05
2022_Mexico City,TyreLife,0.0017656085942512668
2022_Mexico City,Position,0.020770359876501557
2022_Mexico City,AirTemp,0.0011947589350541708
2022_Mexico City,Humidity,0.0005843074349755167
2022_Mexico City,Pressure,0.00047654199125571925
2022_Mexico City,TrackTemp,0.0006565959397145389
2022_Mexico City,WindDirection,0.003008151448822946
2022_Mexico City,WindSpeed,0.0012305393591893856
2022_Mexico City,FuelLoad,0.012520969341432629
2022_Mexico City,Track_Evolution,0.00026085489467634
2022_Mexico City,Cumulative_Field_Dist_KM,0.0012920159795984623
2022_Mexico City,Lap_Damage,0.005964428082371267
2022_Mexico City,LatOffset_Mean,0.0
2022_Mexico City,Accumulated_Tyre_Wear,0.0007599099686545372
2022_Mexico City,LatOffset_Std,0.0002188447716533392
2022_Mexico City,Energy_Lap,0.0040673782758989755
2022_Mexico City,Gap_To_Car_Ahead,0.0011961222224767306
2022_Mexico City,Dirty_Air_Fraction,0.00019995806036979464
2022_Mexico City,Aero_Loss,0.003845021577351469
2022_Mexico City,DRS_Fraction,0.0
2022_Mexico City,Traction_1_5,0.0
2022_Mexico City,Asphalt_Grip_1_5,0.0018954012301488098
2022_Mexico City,Asphalt_Abrasion_1_5,0.01864784067882459
2022_Mexico City,Track_Evolution_1_5,0.0
2022_Mexico City,Tyre_Stress_1_5,0.0
2022_Mexico City,Braking_1_5,0.0
2022_Mexico City,Lateral_1_5,0.0
2022_Mexico City,Downforce_1_5,0.0
2022_Mexico City,Min_Pressure_Front_PSI,0.0002789593610021689
2022_Mexico City,Min_Pressure_Rear_PSI,0.00032857148964052186
2022_Mexico City,Circuit_Length_KM,5.608109806212008e-05
2022_Mexico City,Compound_Int,0.0002780983977910304
2022_Mexico City,Wear_Severity_Index,0.0026879919735796026
2022_Mexico City,Track_Flow_Type,0.0007475405398792901
2022_Mexico City,Grip_Aero_Balance,0.00015731807389140803
2022_Mexico City,Total_Min_Pressure,3.271229989470489e-05
2022_Mexico City,Pressure_Delta,0.0
2022_Mexico City,Prev_LapTime,0.001631232730124784
2022_Mexico City,Lag_2,0.00021313378906827107
2022_Mexico City,Rolling_Avg_3,0.0007886982353262217
2022_Mexico City,Prev_Delta,0.12932390684552642
2022_Mexico City,Driver_Encoded,0.0001270615097859595
2022_Mexico City,Location_Encoded,0.0011224335823265732
2022_Mexico City,Team_Encoded,0.0003118850411597529
2022_Mexico City,Mean_Apex_Speed_Ratio,3.724123488578518e-05
2022_Mexico City,Std_Apex_Speed_Ratio,0.0005047780765698697
2022_Mexico City,Mean_Brake_Fraction,0.0016556033086058144
2022_Mexico City,Std_Brake_Fraction,0.000670797145007587
2022_Mexico City,Mean_Brake_Point_Norm,8.257309089477331e-05
2022_Mexico City,Std_Brake_Point_Norm,8.056799076972232e-05
2022_Mexico City,Mean_Throttle_On_Dist_Norm,0.0007710997898052527
2022_Mexico City,Std_Throttle_On_Dist_Norm,0.0005791099469417725
2022_Mexico City,Mean_Throttle_Integral_Norm,0.0003302175793569154
2022_Mexico City,Std_Throttle_Integral_Norm,0.0015751898340830353
2022_Mexico City,Mean_Speed_Variability,0.000527098298351819
2022_Mexico City,Std_Speed_Variability,0.00037521880880893706
2022_Mexico City,P_0,0.00036775701081382317
2022_Mexico City,P_1,0.0004561223713857419
2022_Mexico City,P_2,0.0013620532650386544
2022_Mexico City,Style_Cluster_ID,0.0
2022_Mexico City,Style_Entropy,0.004677847199586139
2022_Mexico City,Year,0.0
2022_Mexico City,Tyre_Compound_Interaction,0.0005330874142252136
2022_São Paulo,LapNumber,0.007090097072436622
2022_São Paulo,Stint,0.0
2022_São Paulo,TyreLife,0.0034177254343401163
2022_São Paulo,Position,0.02130708072065858
2022_São Paulo,AirTemp,0.0009729754829223746
2022_São Paulo,Humidity,0.0009389074156289645
2022_São Paulo,Pressure,0.0005232098414590636
2022_São Paulo,TrackTemp,0.0005122911997996301
2022_São Paulo,WindDirection,0.0008777708716904912
2022_São Paulo,WindSpeed,0.0012809571199996006
2022_São Paulo,FuelLoad,0.0070987169289853614
2022_São Paulo,Track_Evolution,0.0003128982322817449
2022_São Paulo,Cumulative_Field_Dist_KM,0.0029497952402512827
2022_São Paulo,Lap_Damage,0.002089128749957553
2022_São Paulo,LatOffset_Mean,0.0
2022_São Paulo,Accumulated_Tyre_Wear,0.0004565826837060442
2022_São Paulo,LatOffset_Std,2.834487332037764e-05
2022_São Paulo,Energy_Lap,0.0008859493410226094
2022_São Paulo,Gap_To_Car_Ahead,0.0019386852373281544
2022_São Paulo,Dirty_Air_Fraction,0.0006375111471861273
2022_São Paulo,Aero_Loss,0.0007945688817182783
2022_São Paulo,DRS_Fraction,0.0
2022_São Paulo,Traction_1_5,2.0724594333023866e-05
2022_São Paulo,Asphalt_Grip_1_5,2.3444982103370736e-05
2022_São Paulo,Asphalt_Abrasion_1_5,0.03989757922096911
2022_São Paulo,Track_Evolution_1_5,0.0
2022_São Paulo,Tyre_Stress_1_5,4.325770855748944e-05
2022_São Paulo,Braking_1_5,0.0
2022_São Paulo,Lateral_1_5,0.0
2022_São Paulo,Downforce_1_5,0.0
2022_São Paulo,Min_Pressure_Front_PSI,8.70555170057161e-05
2022_São Paulo,Min_Pressure_Rear_PSI,9.880893682331576e-05
2022_São Paulo,Circuit_Length_KM,2.8335882308989723e-05
2022_São Paulo,Compound_Int,8.270862143062593e-06
2022_São Paulo,Wear_Severity_Index,7.938839507298453e-05
2022_São Paulo,Track_Flow_Type,0.00025747011549467745
2022_São Paulo,Grip_Aero_Balance,0.0
2022_São Paulo,Total_Min_Pressure,7.146003503538954e-05
2022_São Paulo,Pressure_Delta,0.0
2022_São Paulo,Prev_LapTime,0.0022517500977774405
2022_São Paulo,Lag_2,0.0002446893906491331
2022_São Paulo,Rolling_Avg_3,0.0001243202411494027
2022_São Paulo,Prev_Delta,0.08700320529388468
2022_São Paulo,Driver_Encoded,2.458049295980773e-05
2022_São Paulo,Location_Encoded,0.0012939664169927267
2022_São Paulo,Team_Encoded,2.500761999449223e-05
2022_São Paulo,Mean_Apex_Speed_Ratio,0.00035821027439168003
2022_São Paulo,Std_Apex_Speed_Ratio,3.027285925045576e-05
2022_São Paulo,Mean_Brake_Fraction,0.0017477066696546075
2022_São Paulo,Std_Brake_Fraction,0.0
2022_São Paulo,Mean_Brake_Point_Norm,0.000751458341504818
2022_São Paulo,Std_Brake_Point_Norm,0.0001289350544308874
2022_São Paulo,Mean_Throttle_On_Dist_Norm,0.0006886279600276295
2022_São Paulo,Std_Throttle_On_Dist_Norm,0.0011618633959616712
2022_São Paulo,Mean_Throttle_Integral_Norm,0.00018888899616464387
2022_São Paulo,Std_Throttle_Integral_Norm,0.00042205862220876
2022_São Paulo,Mean_Speed_Variability,0.0002921557386834537
2022_São Paulo,Std_Speed_Variability,0.00038378611394858223
2022_São Paulo,P_0,0.0005871355831744608
2022_São Paulo,P_1,0.0020390985196126763
2022_São Paulo,P_2,0.0016119059272859265
2022_São Paulo,Style_Cluster_ID,0.0
2022_São Paulo,Style_Entropy,0.0010595257926042038
2022_São Paulo,Year,0.0
2022_São Paulo,Tyre_Compound_Interaction,0.0005410231175248849
2022_Yas Island,LapNumber,0.002821082059238731
2022_Yas Island,Stint,0.0
2022_Yas Island,TyreLife,0.0027820056752428752
2022_Yas Island,Position,0.024163296981882233
2022_Yas Island,AirTemp,0.0012511430115484728
2022_Yas Island,Humidity,0.003641497696255237
2022_Yas Island,Pressure,0.00033961988360514054
2022_Yas Island,TrackTemp,0.000783416274651897
2022_Yas Island,WindDirection,0.0012154367826901786
2022_Yas Island,WindSpeed,0.0009299551284198583
2022_Yas Island,FuelLoad,0.019654187604193532
2022_Yas Island,Track_Evolution,0.000473735219927811
2022_Yas Island,Cumulative_Field_Dist_KM,0.003404684393633371
2022_Yas Island,Lap_Damage,0.0017913852300073874
2022_Yas Island,LatOffset_Mean,7.217328031975878e-05
2022_Yas Island,Accumulated_Tyre_Wear,0.0002240921275891012
2022_Yas Island,LatOffset_Std,8.692097301026573e-05
2022_Yas Island,Energy_Lap,0.0009524066820793474
2022_Yas Island,Gap_To_Car_Ahead,0.00043952637713675936
2022_Yas Island,Dirty_Air_Fraction,0.00029060494909579336
2022_Yas Island,Aero_Loss,0.002215425724993927
2022_Yas Island,DRS_Fraction,0.0
2022_Yas Island,Traction_1_5,0.0001340614033872767
2022_Yas Island,Asphalt_Grip_1_5,0.00015462390157548612
2022_Yas Island,Asphalt_Abrasion_1_5,0.012607470830677871
2022_Yas Island,Track_Evolution_1_5,0.0
2022_Yas Island,Tyre_Stress_1_5,0.0
2022_Yas Island,Braking_1_5,0.0004997931979040537
2022_Yas Island,Lateral_1_5,0.0
2022_Yas Island,Downforce_1_5,3.3981484092845724e-05
2022_Yas Island,Min_Pressure_Front_PSI,0.0008099135984212454
2022_Yas Island,Min_Pressure_Rear_PSI,0.00018395600296581746
2022_Yas Island,Circuit_Length_KM,0.00019950854488752937
2022_Yas Island,Compound_Int,0.00012418984257468635
2022_Yas Island,Wear_Severity_Index,0.001128287295689625
2022_Yas Island,Track_Flow_Type,0.0002587850982019859
2022_Yas Island,Grip_Aero_Balance,0.0005997519998099395
2022_Yas Island,Total_Min_Pressure,0.0
2022_Yas Island,Pressure_Delta,7.205503357272953e-05
2022_Yas Island,Prev_LapTime,0.0004905862521865062
2022_Yas Island,Lag_2,0.00012174428906719847
2022_Yas Island,Rolling_Avg_3,0.0007922753360441809
2022_Yas Island,Prev_Delta,0.10006348403451316
2022_Yas Island,Driver_Encoded,9.94907962237951e-05
2022_Yas Island,Location_Encoded,0.0003784527001196191
2022_Yas Island,Team_Encoded,4.438086083941615e-05
2022_Yas Island,Mean_Apex_Speed_Ratio,0.0001814562973697225
2022_Yas Island,Std_Apex_Speed_Ratio,0.0003989454673925963
2022_Yas Island,Mean_Brake_Fraction,0.0012736346527068168
2022_Yas Island,Std_Brake_Fraction,9.230002888507973e-05
2022_Yas Island,Mean_Brake_Point_Norm,0.00013829699922520165
2022_Yas Island,Std_Brake_Point_Norm,0.00014988794225629705
2022_Yas Island,Mean_Throttle_On_Dist_Norm,0.00026356728829545395
2022_Yas Island,Std_Throttle_On_Dist_Norm,0.0014636511719687455
2022_Yas Island,Mean_Throttle_Integral_Norm,4.9119752970141345e-05
2022_Yas Island,Std_Throttle_Integral_Norm,0.000516161573624727
2022_Yas Island,Mean_Speed_Variability,0.00018321466159774042
2022_Yas Island,Std_Speed_Variability,0.0007268780991404847
2022_Yas Island,P_0,0.00040614777753085777
2022_Yas Island,P_1,0.0012284010296722393
2022_Yas Island,P_2,0.001285797313848175
2022_Yas Island,Style_Cluster_ID,0.0
2022_Yas Island,Style_Entropy,0.0015900267603949226
2022_Yas Island,Year,0.0
2022_Yas Island,Tyre_Compound_Interaction,0.0005046151998377908
2023_Sakhir,LapNumber,0.0032156498458690225
2023_Sakhir,Stint,0.0
2023_Sakhir,TyreLife,0.001587379695881883
2023_Sakhir,Position,0.021959899264263973
2023_Sakhir,AirTemp,0.0007464283045690357
2023_Sakhir,Humidity,0.0008927922867527156
2023_Sakhir,Pressure,0.0011037134547272267
2023_Sakhir,TrackTemp,0.0009532018994869401
2023_Sakhir,WindDirection,0.0011290673595683906
2023_Sakhir,WindSpeed,0.0035273704048692216
2023_Sakhir,FuelLoad,0.01082061608690376
2023_Sakhir,Track_Evolution,0.0004892074707429684
2023_Sakhir,Cumulative_Field_Dist_KM,0.01047701066614812
2023_Sakhir,Lap_Damage,0.0025773475837659364
2023_Sakhir,LatOffset_Mean,0.00019515014169991214
2023_Sakhir,Accumulated_Tyre_Wear,0.00018832488763446763
2023_Sakhir,LatOffset_Std,0.00019860285779264644
2023_Sakhir,Energy_Lap,0.001344781576619127
2023_Sakhir,Gap_To_Car_Ahead,0.000961318380270369
2023_Sakhir,Dirty_Air_Fraction,0.0004542801638661638
2023_Sakhir,Aero_Loss,0.0006952781880203654
2023_Sakhir,DRS_Fraction,0.00011338420971685857
2023_Sakhir,Traction_1_5,1.4267614052951574e-05
2023_Sakhir,Asphalt_Grip_1_5,0.0
2023_Sakhir,Asphalt_Abrasion_1_5,0.02732659103024095
2023_Sakhir,Track_Evolution_1_5,0.0
2023_Sakhir,Tyre_Stress_1_5,0.0
2023_Sakhir,Braking_1_5,0.0032163291571501123
2023_Sakhir,Lateral_1_5,0.0
2023_Sakhir,Downforce_1_5,0.0
2023_Sakhir,Min_Pressure_Front_PSI,0.002213478992281107
2023_Sakhir,Min_Pressure_Rear_PSI,0.0014408445917837207
2023_Sakhir,Circuit_Length_KM,0.0
2023_Sakhir,Compound_Int,0.0001530864929811324
2023_Sakhir,Wear_Severity_Index,0.001257064768590261
2023_Sakhir,Track_Flow_Type,0.000653917039126007
2023_Sakhir,Grip_Aero_Balance,3.0728647753239015e-05
2023_Sakhir,Total_Min_Pressure,0.0
2023_Sakhir,Pressure_Delta,3.359768754397437e-05
2023_Sakhir,Prev_LapTime,0.0013038186219777176
2023_Sakhir,Lag_2,5.198437587576222e-05
2023_Sakhir,Rolling_Avg_3,0.0006187645702910691
2023_Sakhir,Prev_Delta,0.0855361924892515
2023_Sakhir,Driver_Encoded,3.326172413871474e-05
2023_Sakhir,Location_Encoded,0.00022093846692829305
2023_Sakhir,Team_Encoded,0.0002308003777543305
2023_Sakhir,Mean_Apex_Speed_Ratio,0.0005304414484846679
2023_Sakhir,Std_Apex_Speed_Ratio,0.00041132105481129214
2023_Sakhir,Mean_Brake_Fraction,0.0015788435097391085
2023_Sakhir,Std_Brake_Fraction,0.0003304561014993236
2023_Sakhir,Mean_Brake_Point_Norm,0.00019505207878316971
2023_Sakhir,Std_Brake_Point_Norm,1.0752293849822208e-05
2023_Sakhir,Mean_Throttle_On_Dist_Norm,0.0005009952996860398
2023_Sakhir,Std_Throttle_On_Dist_Norm,0.0012593457958727456
2023_Sakhir,Mean_Throttle_Integral_Norm,0.00011845490876082321
2023_Sakhir,Std_Throttle_Integral_Norm,0.0007923717362996592
2023_Sakhir,Mean_Speed_Variability,0.00015313948795387793
2023_Sakhir,Std_Speed_Variability,0.0006106187879694705
2023_Sakhir,P_0,0.00024494148669162026
2023_Sakhir,P_1,0.0009118801442979005
2023_Sakhir,P_2,0.0004593585622334534
2023_Sakhir,Style_Cluster_ID,0.0
2023_Sakhir,Style_Entropy,0.0005265771474829109
2023_Sakhir,Year,0.0
2023_Sakhir,Tyre_Compound_Interaction,0.0004990643704096197
2023_Jeddah,LapNumber,0.002147317023156706
2023_Jeddah,Stint,0.00014464132128967107
2023_Jeddah,TyreLife,0.0015805329038110299
2023_Jeddah,Position,0.024374675438609446
2023_Jeddah,AirTemp,0.0014161463250913094
2023_Jeddah,Humidity,0.0004965453516275008
2023_Jeddah,Pressure,9.218673187612785e-05
2023_Jeddah,TrackTemp,0.0006308553765229581
2023_Jeddah,WindDirection,0.001312040805722746
2023_Jeddah,WindSpeed,0.0009249452972663572
2023_Jeddah,FuelLoad,0.010137209990091555
2023_Jeddah,Track_Evolution,0.00020214178782991903
2023_Jeddah,Cumulative_Field_Dist_KM,0.013389944426703961
2023_Jeddah,Lap_Damage,0.003419035240264827
2023_Jeddah,LatOffset_Mean,0.0
2023_Jeddah,Accumulated_Tyre_Wear,0.0002787100016575113
2023_Jeddah,LatOffset_Std,0.00019267643806271612
2023_Jeddah,Energy_Lap,0.0011298893965882304
2023_Jeddah,Gap_To_Car_Ahead,0.00042257296910756657
2023_Jeddah,Dirty_Air_Fraction,0.0006236563550533445
2023_Jeddah,Aero_Loss,0.0007023489095406421
2023_Jeddah,DRS_Fraction,0.0
2023_Jeddah,Traction_1_5,0.0
2023_Jeddah,Asphalt_Grip_1_5,0.0
2023_Jeddah,Asphalt_Abrasion_1_5,0.011896856251029148
2023_Jeddah,Track_Evolution_1_5,0.0
2023_Jeddah,Tyre_Stress_1_5,0.0
2023_Jeddah,Braking_1_5,3.425503964099566e-05
2023_Jeddah,Lateral_1_5,0.0
2023_Jeddah,Downforce_1_5,0.0
2023_Jeddah,Min_Pressure_Front_PSI,0.0014161393736507627
2023_Jeddah,Min_Pressure_Rear_PSI,1.2256624831752266e-05
2023_Jeddah,Circuit_Length_KM,9.146024662476897e-05
2023_Jeddah,Compound_Int,0.00031612751575244436
2023_Jeddah,Wear_Severity_Index,0.0011126013424672598
2023_Jeddah,Track_Flow_Type,0.0013985958975352656
2023_Jeddah,Grip_Aero_Balance,0.0
2023_Jeddah,Total_Min_Pressure,0.0
2023_Jeddah,Pressure_Delta,0.00043927473012292357
2023_Jeddah,Prev_LapTime,0.0017592089636357885
2023_Jeddah,Lag_2,0.0002153050777629478
2023_Jeddah,Rolling_Avg_3,0.0006818936732936902
2023_Jeddah,Prev_Delta,0.09128577065135063
2023_Jeddah,Driver_Encoded,0.0
2023_Jeddah,Location_Encoded,0.0004077879815296943
2023_Jeddah,Team_Encoded,0.0001039268697457167
2023_Jeddah,Mean_Apex_Speed_Ratio,0.0009201776268704427
2023_Jeddah,Std_Apex_Speed_Ratio,0.0004355931108353325
2023_Jeddah,Mean_Brake_Fraction,0.0006424077059150684
2023_Jeddah,Std_Brake_Fraction,6.344079778906123e-05
2023_Jeddah,Mean_Brake_Point_Norm,5.1836144718717346e-05
2023_Jeddah,Std_Brake_Point_Norm,2.085745730276803e-05
2023_Jeddah,Mean_Throttle_On_Dist_Norm,1.1474432320903264e-05
2023_Jeddah,Std_Throttle_On_Dist_Norm,0.00117315177688189
2023_Jeddah,Mean_Throttle_Integral_Norm,0.0002490593435697061
2023_Jeddah,Std_Throttle_Integral_Norm,0.0007150018176068827
2023_Jeddah,Mean_Speed_Variability,0.00017226172674107367
2023_Jeddah,Std_Speed_Variability,0.0006383267851880301
2023_Jeddah,P_0,3.535188715539258e-05
2023_Jeddah,P_1,0.0007822451390690653
2023_Jeddah,P_2,0.000516903776725782
2023_Jeddah,Style_Cluster_ID,0.0
2023_Jeddah,Style_Entropy,0.0005775322166061174
2023_Jeddah,Year,0.0
2023_Jeddah,Tyre_Compound_Interaction,0.0003981876677837304
2023_Melbourne,LapNumber,0.004700381581667383
2023_Melbourne,Stint,1.986632901777338e-05
2023_Melbourne,TyreLife,0.0015435109518333473
2023_Melbourne,Position,0.01890777263929836
2023_Melbourne,AirTemp,0.001115458269647026
2023_Melbourne,Humidity,0.0016075129474854475
2023_Melbourne,Pressure,0.0006885267070578338
2023_Melbourne,TrackTemp,0.00023477993011912157
2023_Melbourne,WindDirection,0.0013146004445028087
2023_Melbourne,WindSpeed,0.0003980366242656912
2023_Melbourne,FuelLoad,0.006103313422263048
2023_Melbourne,Track_Evolution,0.00048013915067762015
2023_Melbourne,Cumulative_Field_Dist_KM,0.0019794204279655926
2023_Melbourne,Lap_Damage,0.007127241836829748
2023_Melbourne,LatOffset_Mean,7.527433981293685e-05
2023_Melbourne,Accumulated_Tyre_Wear,0.0002845665186071557
2023_Melbourne,LatOffset_Std,0.00016098103902099293
2023_Melbourne,Energy_Lap,0.0009176583288098419
2023_Melbourne,Gap_To_Car_Ahead,0.0010000760990155136
2023_Melbourne,Dirty_Air_Fraction,0.00034570045436294923
2023_Melbourne,Aero_Loss,0.00026278063614123756
2023_Melbourne,DRS_Fraction,8.520419988945291e-05
2023_Melbourne,Traction_1_5,0.0013793562593160354
2023_Melbourne,Asphalt_Grip_1_5,0.0
2023_Melbourne,Asphalt_Abrasion_1_5,0.011880641544874759
2023_Melbourne,Track_Evolution_1_5,0.0
2023_Melbourne,Tyre_Stress_1_5,2.0599807233598054e-05
2023_Melbourne,Braking_1_5,0.0
2023_Melbourne,Lateral_1_5,0.0
2023_Melbourne,Downforce_1_5,0.00015635172947876333
2023_Melbourne,Min_Pressure_Front_PSI,6.008801752191281e-06
2023_Melbourne,Min_Pressure_Rear_PSI,0.0
2023_Melbourne,Circuit_Length_KM,1.911419563558558e-05
2023_Melbourne,Compound_Int,0.00026462664607755393
2023_Melbourne,Wear_Severity_Index,0.0008919776902860084
2023_Melbourne,Track_Flow_Type,0.010290854880576723
2023_Melbourne,Grip_Aero_Balance,1.3278261636364218e-05
2023_Melbourne,Total_Min_Pressure,9.338050478668156e-05
2023_Melbourne,Pressure_Delta,0.00013464472202320442
2023_Melbourne,Prev_LapTime,0.001751581762460823
2023_Melbourne,Lag_2,6.777634688727442e-05
2023_Melbourne,Rolling_Avg_3,0.0003606376498363104
2023_Melbourne,Prev_Delta,0.09567105573496638
2023_Melbourne,Driver_Encoded,9.554817112105942e-05
2023_Melbourne,Location_Encoded,0.0004018941088634513
2023_Melbourne,Team_Encoded,0.00023170437790160815
2023_Melbourne,Mean_Apex_Speed_Ratio,0.0002812226010453126
2023_Melbourne,Std_Apex_Speed_Ratio,0.0003746330348726863
2023_Melbourne,Mean_Brake_Fraction,0.0008135995945230294
2023_Melbourne,Std_Brake_Fraction,0.00012916559515067843
2023_Melbourne,Mean_Brake_Point_Norm,5.147430833119073e-05
2023_Melbourne,Std_Brake_Point_Norm,3.185541222731728e-05
2023_Melbourne,Mean_Throttle_On_Dist_Norm,0.0003238168428514862
2023_Melbourne,Std_Throttle_On_Dist_Norm,0.002019968522156563
2023_Melbourne,Mean_Throttle_Integral_Norm,0.0001244603749776786
2023_Melbourne,Std_Throttle_Integral_Norm,0.00010232691545184445
2023_Melbourne,Mean_Speed_Variability,0.0003474318930702261
2023_Melbourne,Std_Speed_Variability,0.0001991039917583351
2023_Melbourne,P_0,0.00018514386928933612
2023_Melbourne,P_1,0.0009715301297709745
2023_Melbourne,P_2,0.0002960971561937769
2023_Melbourne,Style_Cluster_ID,0.0
2023_Melbourne,Style_Entropy,0.00019807296939434072
2023_Melbourne,Year,0.0
2023_Melbourne,Tyre_Compound_Interaction,0.0003241170057334318
2023_Baku,LapNumber,0.0029778969153087904
2023_Baku,Stint,1.370354061616792e-05
2023_Baku,TyreLife,0.0008241949172503133
2023_Baku,Position,0.02322294832164507
2023_Baku,AirTemp,0.0010591936097372819
2023_Baku,Humidity,0.000503522495805217
2023_Baku,Pressure,0.00034348402503778984
2023_Baku,TrackTemp,0.0007359647592334484
2023_Baku,WindDirection,0.001144035076490864
2023_Baku,WindSpeed,0.0006600101370561956
2023_Baku,FuelLoad,0.004876553752981122
2023_Baku,Track_Evolution,0.0006173508403727587
2023_Baku,Cumulative_Field_Dist_KM,0.004902084489205703
2023_Baku,Lap_Damage,0.005889502270456058
2023_Baku,LatOffset_Mean,0.00019375496263724433
2023_Baku,Accumulated_Tyre_Wear,0.00047268199217620607
2023_Baku,LatOffset_Std,0.00022741439768552554
2023_Baku,Energy_Lap,0.0002801452989523234
2023_Baku,Gap_To_Car_Ahead,0.00035300680622273517
2023_Baku,Dirty_Air_Fraction,0.00018401334234624149
2023_Baku,Aero_Loss,0.0007461296443788556
2023_Baku,DRS_Fraction,0.0001013548539445179
2023_Baku,Traction_1_5,0.0006617825373095242
2023_Baku,Asphalt_Grip_1_5,3.060689166508807e-05
2023_Baku,Asphalt_Abrasion_1_5,0.01130432863071869
2023_Baku,Track_Evolution_1_5,0.0
2023_Baku,Tyre_Stress_1_5,4.5210380453551613e-05
2023_Baku,Braking_1_5,0.00012192354229673366
2023_Baku,Lateral_1_5,0.00020909775309816607
2023_Baku,Downforce_1_5,1.460221456630682e-05
2023_Baku,Min_Pressure_Front_PSI,0.0
2023_Baku,Min_Pressure_Rear_PSI,0.0
2023_Baku,Circuit_Length_KM,0.0001056609482372128
2023_Baku,Compound_Int,0.00021487539964191806
2023_Baku,Wear_Severity_Index,0.0011083537817162927
2023_Baku,Track_Flow_Type,0.0029330797436474794
2023_Baku,Grip_Aero_Balance,0.00027733482294287065
2023_Baku,Total_Min_Pressure,0.00020724122847772994
2023_Baku,Pressure_Delta,0.00022753826690981467
2023_Baku,Prev_LapTime,0.0019678091002734636
2023_Baku,Lag_2,2.7084225674729508e-05
2023_Baku,Rolling_Avg_3,0.0006516075857512306
2023_Baku,Prev_Delta,0.08059149253963278
2023_Baku,Driver_Encoded,0.00010228333932155525
2023_Baku,Location_Encoded,0.0
2023_Baku,Team_Encoded,0.0
2023_Baku,Mean_Apex_Speed_Ratio,0.0004150013849725532
2023_Baku,Std_Apex_Speed_Ratio,5.796692053769041e-05
2023_Baku,Mean_Brake_Fraction,0.0009138902957855113
2023_Baku,Std_Brake_Fraction,9.395395638304543e-05
2023_Baku,Mean_Brake_Point_Norm,6.0975198779257484e-05
2023_Baku,Std_Brake_Point_Norm,3.2144589079602964e-05
2023_Baku,Mean_Throttle_On_Dist_Norm,0.000260994625841642
2023_Baku,Std_Throttle_On_Dist_Norm,0.000873295370357621
2023_Baku,Mean_Throttle_Integral_Norm,6.268501489875756e-05
2023_Baku,Std_Throttle_Integral_Norm,0.00036899064700885787
2023_Baku,Mean_Speed_Variability,0.00041560999510005525
2023_Baku,Std_Speed_Variability,0.000217662087841081
2023_Baku,P_0,0.0003909205932087967
2023_Baku,P_1,0.000501860791992587
2023_Baku,P_2,0.00023163203790558956
2023_Baku,Style_Cluster_ID,0.0
2023_Baku,Style_Entropy,0.00015547738534216782
2023_Baku,Year,0.0
2023_Baku,Tyre_Compound_Interaction,0.00011871912577190641
2023_Miami,LapNumber,0.006704093317097476
2023_Miami,Stint,3.2723697802459605e-05
2023_Miami,TyreLife,0.0012458993091794856
2023_Miami,Position,0.026103250103350874
2023_Miami,AirTemp,0.0008194423419594128
2023_Miami,Humidity,0.002214750119656417
2023_Miami,Pressure,0.0003643158571566843
2023_Miami,TrackTemp,0.0005820975159373014
2023_Miami,WindDirection,0.0015041409677502566
2023_Miami,WindSpeed,0.00028071894374556196
2023_Miami,FuelLoad,0.013687131479955747
2023_Miami,Track_Evolution,0.0001724340532581364
2023_Miami,Cumulative_Field_Dist_KM,0.003944244355757364
2023_Miami,Lap_Damage,0.006961297548837864
2023_Miami,LatOffset_Mean,0.0001286140960240899
2023_Miami,Accumulated_Tyre_Wear,0.000656954387070401
2023_Miami,LatOffset_Std,0.00018165558914130447
2023_Miami,Energy_Lap,0.00018223983272500996
2023_Miami,Gap_To_Car_Ahead,0.00048180197783252135
2023_Miami,Dirty_Air_Fraction,0.0002030155717828798
2023_Miami,Aero_Loss,0.0004986109464884656
2023_Miami,DRS_Fraction,8.26000211767126e-05
2023_Miami,Traction_1_5,0.0005542738484369072
2023_Miami,Asphalt_Grip_1_5,1.15023247487921e-05
2023_Miami,Asphalt_Abrasion_1_5,0.01049071055309701
2023_Miami,Track_Evolution_1_5,0.0
2023_Miami,Tyre_Stress_1_5,0.0
2023_Miami,Braking_1_5,0.0
2023_Miami,Lateral_1_5,0.00011208644237926932
2023_Miami,Downforce_1_5,0.0012848515476545604
2023_Miami,Min_Pressure_Front_PSI,0.0
2023_Miami,Min_Pressure_Rear_PSI,0.0
2023_Miami,Circuit_Length_KM,4.0260857858500826e-05
2023_Miami,Compound_Int,0.00012024291302137497
2023_Miami,Wear_Severity_Index,0.0011662431716922246
2023_Miami,Track_Flow_Type,0.0032747477050692874
2023_Miami,Grip_Aero_Balance,0.0001341097975364191
2023_Miami,Total_Min_Pressure,0.0001348535220814146
2023_Miami,Pressure_Delta,0.0010776703409820342
2023_Miami,Prev_LapTime,0.0005611109721061814
2023_Miami,Lag_2,0.0001927018886851335
2023_Miami,Rolling_Avg_3,0.00025504438650090876
2023_Miami,Prev_Delta,0.09521497774944981
2023_Miami,Driver_Encoded,5.8725255516477156e-05
2023_Miami,Location_Encoded,0.0003530734845295771
2023_Miami,Team_Encoded,7.479625121812446e-05
2023_Miami,Mean_Apex_Speed_Ratio,0.00017731561015794486
2023_Miami,Std_Apex_Speed_Ratio,0.0001160805094700885
2023_Miami,Mean_Brake_Fraction,0.0018080803376844129
2023_Miami,Std_Brake_Fraction,6.739428430852944e-05
2023_Miami,Mean_Brake_Point_Norm,0.0
2023_Miami,Std_Brake_Point_Norm,5.2246955425367254e-05
2023_Miami,Mean_Throttle_On_Dist_Norm,0.00019147440555211507
2023_Miami,Std_Throttle_On_Dist_Norm,0.0010259448526323866
2023_Miami,Mean_Throttle_Integral_Norm,0.00025187120530067753
2023_Miami,Std_Throttle_Integral_Norm,0.0007155971911859599
2023_Miami,Mean_Speed_Variability,0.0004201765329335949
2023_Miami,Std_Speed_Variability,0.0001814496708772053
2023_Miami,P_0,0.0005266982281326697
2023_Miami,P_1,0.0007222854868382573
2023_Miami,P_2,0.00021765699911729908
2023_Miami,Style_Cluster_ID,0.0
2023_Miami,Style_Entropy,8.237375189973539e-05
2023_Miami,Year,0.0
2023_Miami,Tyre_Compound_Interaction,0.00025845570201876744
2023_Monaco,LapNumber,0.0036921043711655678
2023_Monaco,Stint,0.0004342657079349397
2023_Monaco,TyreLife,0.001090517348165187
2023_Monaco,Position,0.019945420908387267
2023_Monaco,AirTemp,0.0006592500067649046
2023_Monaco,Humidity,0.0016271328621174778
2023_Monaco,Pressure,0.0003734986617241916
2023_Monaco,TrackTemp,0.0002890984737696244
2023_Monaco,WindDirection,0.0013934985615665816
2023_Monaco,WindSpeed,0.0010762189760272513
2023_Monaco,FuelLoad,0.004091285655076043
2023_Monaco,Track_Evolution,0.00046503004803309374
2023_Monaco,Cumulative_Field_Dist_KM,0.0019211989225958914
2023_Monaco,Lap_Damage,0.008394198663842523
2023_Monaco,LatOffset_Mean,0.0006468304877616549
2023_Monaco,Accumulated_Tyre_Wear,0.001174351005823232
2023_Monaco,LatOffset_Std,9.78059926486498e-05
2023_Monaco,Energy_Lap,0.0005805891036155293
2023_Monaco,Gap_To_Car_Ahead,0.001776908500764836
2023_Monaco,Dirty_Air_Fraction,0.0008556044868638543
2023_Monaco,Aero_Loss,0.0007655770698355262
2023_Monaco,DRS_Fraction,0.0
2023_Monaco,Traction_1_5,0.00013658232686444743
2023_Monaco,Asphalt_Grip_1_5,0.0
2023_Monaco,Asphalt_Abrasion_1_5,0.009960857159173987
2023_Monaco,Track_Evolution_1_5,0.0005082499838421058
2023_Monaco,Tyre_Stress_1_5,0.00028594277946891234
2023_Monaco,Braking_1_5,0.0
2023_Monaco,Lateral_1_5,0.0
2023_Monaco,Downforce_1_5,0.0021701753110197775
2023_Monaco,Min_Pressure_Front_PSI,0.0
2023_Monaco,Min_Pressure_Rear_PSI,0.0
2023_Monaco,Circuit_Length_KM,0.0
2023_Monaco,Compound_Int,0.00035581593605621664
2023_Monaco,Wear_Severity_Index,0.001506887721432959
2023_Monaco,Track_Flow_Type,0.0010239038912141607
2023_Monaco,Grip_Aero_Balance,0.00012128971332707827
2023_Monaco,Total_Min_Pressure,0.0
2023_Monaco,Pressure_Delta,0.0
2023_Monaco,Prev_LapTime,0.013067668866190122
2023_Monaco,Lag_2,0.006825454636212414
2023_Monaco,Rolling_Avg_3,3.7925835816365467e-05
2023_Monaco,Prev_Delta,0.1699020766152536
2023_Monaco,Driver_Encoded,0.0
2023_Monaco,Location_Encoded,0.00035894807113032943
2023_Monaco,Team_Encoded,8.079480064028322e-05
2023_Monaco,Mean_Apex_Speed_Ratio,0.0005133974102729113
2023_Monaco,Std_Apex_Speed_Ratio,0.001094236477546843
2023_Monaco,Mean_Brake_Fraction,0.0014832124344910417
2023_Monaco,Std_Brake_Fraction,0.000309393936835041
2023_Monaco,Mean_Brake_Point_Norm,0.0001749046552730769
2023_Monaco,Std_Brake_Point_Norm,0.00031672497250901136
2023_Monaco,Mean_Throttle_On_Dist_Norm,0.0004711660865451198
2023_Monaco,Std_Throttle_On_Dist_Norm,0.0014747874026019333
2023_Monaco,Mean_Throttle_Integral_Norm,9.368055493170534e-05
2023_Monaco,Std_Throttle_Integral_Norm,0.0012797843698448036
2023_Monaco,Mean_Speed_Variability,0.0005017299736512705
2023_Monaco,Std_Speed_Variability,0.00032088927135879387
2023_Monaco,P_0,5.4805282398344944e-05
2023_Monaco,P_1,0.0008837805574686864
2023_Monaco,P_2,0.00029846766296473483
2023_Monaco,Style_Cluster_ID,0.0
2023_Monaco,Style_Entropy,0.0002755285721112028
2023_Monaco,Year,0.0012146649320890495
2023_Monaco,Tyre_Compound_Interaction,0.0006150397966737603
2023_Barcelona,LapNumber,0.023017978481550464
2023_Barcelona,Stint,0.0008047618425881344
2023_Barcelona,TyreLife,0.003388525503385965
2023_Barcelona,Position,0.022012627844967648
2023_Barcelona,AirTemp,0.0012213258041358615
2023_Barcelona,Humidity,0.005095478968523876
2023_Barcelona,Pressure,0.0002484662976783527
2023_Barcelona,TrackTemp,0.00018969668395407525
2023_Barcelona,WindDirection,0.003123989477770708
2023_Barcelona,WindSpeed,0.00037740128594078806
2023_Barcelona,FuelLoad,0.004652074357243017
2023_Barcelona,Track_Evolution,0.0018189005263466143
2023_Barcelona,Cumulative_Field_Dist_KM,0.006100200176367806
2023_Barcelona,Lap_Damage,0.006850626484990226
2023_Barcelona,LatOffset_Mean,0.0
2023_Barcelona,Accumulated_Tyre_Wear,0.0
2023_Barcelona,LatOffset_Std,0.0003030321897724973
2023_Barcelona,Energy_Lap,0.0001651499888198156
2023_Barcelona,Gap_To_Car_Ahead,0.0003473152824800392
2023_Barcelona,Dirty_Air_Fraction,0.0
2023_Barcelona,Aero_Loss,9.372546519321608e-05
2023_Barcelona,DRS_Fraction,0.0
2023_Barcelona,Traction_1_5,3.2361042679230034e-05
2023_Barcelona,Asphalt_Grip_1_5,0.00012650131641163783
2023_Barcelona,Asphalt_Abrasion_1_5,0.02512494026713262
2023_Barcelona,Track_Evolution_1_5,0.0
2023_Barcelona,Tyre_Stress_1_5,0.004314873992676256
2023_Barcelona,Braking_1_5,0.0
2023_Barcelona,Lateral_1_5,0.0
2023_Barcelona,Downforce_1_5,0.0019745641297928534
2023_Barcelona,Min_Pressure_Front_PSI,0.00011293123882749507
2023_Barcelona,Min_Pressure_Rear_PSI,0.0
2023_Barcelona,Circuit_Length_KM,0.00047362754155583393
2023_Barcelona,Compound_Int,0.00018037482260989526
2023_Barcelona,Wear_Severity_Index,0.009533320694944093
2023_Barcelona,Track_Flow_Type,0.003946308556413486
2023_Barcelona,Grip_Aero_Balance,0.0005916212589443096
2023_Barcelona,Total_Min_Pressure,0.0
2023_Barcelona,Pressure_Delta,0.0
2023_Barcelona,Prev_LapTime,0.0006894822251679471
2023_Barcelona,Lag_2,6.770910536689172e-05
2023_Barcelona,Rolling_Avg_3,7.97366313388367e-05
2023_Barcelona,Prev_Delta,0.11794150465698947
2023_Barcelona,Driver_Encoded,8.339335136552013e-05
2023_Barcelona,Location_Encoded,0.001008034252709295
2023_Barcelona,Team_Encoded,0.0
2023_Barcelona,Mean_Apex_Speed_Ratio,6.280243087750708e-05
2023_Barcelona,Std_Apex_Speed_Ratio,0.00035952339840517093
2023_Barcelona,Mean_Brake_Fraction,0.00018499058053849518
2023_Barcelona,Std_Brake_Fraction,0.000410920868657731
2023_Barcelona,Mean_Brake_Point_Norm,5.838662541346119e-05
2023_Barcelona,Std_Brake_Point_Norm,9.90158030871637e-05
2023_Barcelona,Mean_Throttle_On_Dist_Norm,9.930984540046383e-05
2023_Barcelona,Std_Throttle_On_Dist_Norm,4.8940751456980106e-05
2023_Barcelona,Mean_Throttle_Integral_Norm,6.123245115233249e-05
2023_Barcelona,Std_Throttle_Integral_Norm,0.0
2023_Barcelona,Mean_Speed_Variability,1.1615835928962391e-05
2023_Barcelona,Std_Speed_Variability,0.00033503164042550745
2023_Barcelona,P_0,0.00016489465054545603
2023_Barcelona,P_1,0.0005659139826551855
2023_Barcelona,P_2,9.201545581928861e-05
2023_Barcelona,Style_Cluster_ID,0.0
2023_Barcelona,Style_Entropy,0.0
2023_Barcelona,Year,0.0015493534862647668
2023_Barcelona,Tyre_Compound_Interaction,0.001133351642705791
2023_Montréal,LapNumber,0.028420169559489075
2023_Montréal,Stint,0.0
2023_Montréal,TyreLife,0.014967272476599021
2023_Montréal,Position,0.01837854216439185
2023_Montréal,AirTemp,0.0015108652111178388
2023_Montréal,Humidity,0.004219109238598434
2023_Montréal,Pressure,0.00011413848673414623
2023_Montréal,TrackTemp,0.00023950581532935917
2023_Montréal,WindDirection,0.0006003632736907414
2023_Montréal,WindSpeed,0.0003454050658661555
2023_Montréal,FuelLoad,0.0031253603600365897
2023_Montréal,Track_Evolution,0.0029716476775283494
2023_Montréal,Cumulative_Field_Dist_KM,0.008298817060799756
2023_Montréal,Lap_Damage,0.004450030254697119
2023_Montréal,LatOffset_Mean,0.0
2023_Montréal,Accumulated_Tyre_Wear,0.0
2023_Montréal,LatOffset_Std,5.994467864946266e-06
2023_Montréal,Energy_Lap,4.580456441888516e-05
2023_Montréal,Gap_To_Car_Ahead,3.367347371576304e-05
2023_Montréal,Dirty_Air_Fraction,4.2230623910841726e-05
2023_Montréal,Aero_Loss,0.0
2023_Montréal,DRS_Fraction,5.476460724083143e-05
2023_Montréal,Traction_1_5,4.9890482746274784e-05
2023_Montréal,Asphalt_Grip_1_5,0.0
2023_Montréal,Asphalt_Abrasion_1_5,0.006892387260855342
2023_Montréal,Track_Evolution_1_5,0.0012738671044864704
2023_Montréal,Tyre_Stress_1_5,0.0025304869360093575
2023_Montréal,Braking_1_5,0.0
2023_Montréal,Lateral_1_5,0.0
2023_Montréal,Downforce_1_5,0.0037455445783213374
2023_Montréal,Min_Pressure_Front_PSI,0.00028504670310506875
2023_Montréal,Min_Pressure_Rear_PSI,6.858079729223561e-05
2023_Montréal,Circuit_Length_KM,0.0005373620925507235
2023_Montréal,Compound_Int,0.00022856692545826496
2023_Montréal,Wear_Severity_Index,0.00393778453290663
2023_Montréal,Track_Flow_Type,0.0006873601765758392
2023_Montréal,Grip_Aero_Balance,6.710383887475171e-05
2023_Montréal,Total_Min_Pressure,0.00041633644070250846
2023_Montréal,Pressure_Delta,0.0
2023_Montréal,Prev_LapTime,0.0014160578997527427
2023_Montréal,Lag_2,0.0001648902173738331
2023_Montréal,Rolling_Avg_3,0.0008528398610837672
2023_Montréal,Prev_Delta,0.0648429350615379
2023_Montréal,Driver_Encoded,0.00024346050799493987
2023_Montréal,Location_Encoded,0.0002792036445623021
2023_Montréal,Team_Encoded,0.0
2023_Montréal,Mean_Apex_Speed_Ratio,0.0004959149299772435
2023_Montréal,Std_Apex_Speed_Ratio,0.0
2023_Montréal,Mean_Brake_Fraction,0.00014921759986237604
2023_Montréal,Std_Brake_Fraction,0.0
2023_Montréal,Mean_Brake_Point_Norm,4.568994294466272e-05
2023_Montréal,Std_Brake_Point_Norm,8.614285408090229e-05
2023_Montréal,Mean_Throttle_On_Dist_Norm,2.4842751913042162e-05
2023_Montréal,Std_Throttle_On_Dist_Norm,0.00014643686045953634
2023_Montréal,Mean_Throttle_Integral_Norm,0.0
2023_Montréal,Std_Throttle_Integral_Norm,0.00016385454381515397
2023_Montréal,Mean_Speed_Variability,0.0002822412076968351
2023_Montréal,Std_Speed_Variability,0.0
2023_Montréal,P_0,9.777001069059085e-05
2023_Montréal,P_1,0.00015302114601287582
2023_Montréal,P_2,1.2037045732577408e-05
2023_Montréal,Style_Cluster_ID,0.0
2023_Montréal,Style_Entropy,3.718960654197737e-06
2023_Montréal,Year,5.259183580105781e-05
2023_Montréal,Tyre_Compound_Interaction,0.003010633130958086
2023_Spielberg,LapNumber,0.022586439569238753
2023_Spielberg,Stint,0.00020680529681156579
2023_Spielberg,TyreLife,0.002851954505195102
2023_Spielberg,Position,0.023196046325320817
2023_Spielberg,AirTemp,0.0010076252178610613
2023_Spielberg,Humidity,0.006181241118796146
2023_Spielberg,Pressure,0.0008642267878599937
2023_Spielberg,TrackTemp,0.0003085632946139887
2023_Spielberg,WindDirection,0.0004399095188038453
2023_Spielberg,WindSpeed,0.0006740978967354792
2023_Spielberg,FuelLoad,0.006304438969877138
2023_Spielberg,Track_Evolution,0.002022617899630084
2023_Spielberg,Cumulative_Field_Dist_KM,0.010155330883791574
2023_Spielberg,Lap_Damage,0.004216266966089272
2023_Spielberg,LatOffset_Mean,0.0
2023_Spielberg,Accumulated_Tyre_Wear,4.6558712809175824e-05
2023_Spielberg,LatOffset_Std,0.0
2023_Spielberg,Energy_Lap,3.470564855481705e-05
2023_Spielberg,Gap_To_Car_Ahead,4.8885801275356996e-05
2023_Spielberg,Dirty_Air_Fraction,0.0
2023_Spielberg,Aero_Loss,0.0006201472988096281
2023_Spielberg,DRS_Fraction,7.256497375264838e-06
2023_Spielberg,Traction_1_5,0.0003962851140878856
2023_Spielberg,Asphalt_Grip_1_5,0.0007706066095507397
2023_Spielberg,Asphalt_Abrasion_1_5,0.017625158105169375
2023_Spielberg,Track_Evolution_1_5,0.0003302898778143324
2023_Spielberg,Tyre_Stress_1_5,0.0037794680024906564
2023_Spielberg,Braking_1_5,0.0
2023_Spielberg,Lateral_1_5,2.2948957631153637e-05
2023_Spielberg,Downforce_1_5,0.002775684921813917
2023_Spielberg,Min_Pressure_Front_PSI,0.0
2023_Spielberg,Min_Pressure_Rear_PSI,6.767638311552531e-05
2023_Spielberg,Circuit_Length_KM,0.0005207748360714011
2023_Spielberg,Compound_Int,0.00021969935593748775
2023_Spielberg,Wear_Severity_Index,0.0026585535676799652
2023_Spielberg,Track_Flow_Type,0.00027177166666450455
2023_Spielberg,Grip_Aero_Balance,0.0
2023_Spielberg,Total_Min_Pressure,4.9583450912340353e-05
2023_Spielberg,Pressure_Delta,0.0
2023_Spielberg,Prev_LapTime,0.0012003765337395952
2023_Spielberg,Lag_2,0.0008692710326921991
2023_Spielberg,Rolling_Avg_3,6.213478561483723e-05
2023_Spielberg,Prev_Delta,0.10230942385532314
2023_Spielberg,Driver_Encoded,0.00031831974806065776
2023_Spielberg,Location_Encoded,0.0016276455601512178
2023_Spielberg,Team_Encoded,0.0
2023_Spielberg,Mean_Apex_Speed_Ratio,0.0003882979915115066
2023_Spielberg,Std_Apex_Speed_Ratio,0.0
2023_Spielberg,Mean_Brake_Fraction,0.0004083068764985908
2023_Spielberg,Std_Brake_Fraction,0.0003857810549069597
2023_Spielberg,Mean_Brake_Point_Norm,3.1888744004427033e-05
2023_Spielberg,Std_Brake_Point_Norm,4.435560756080213e-05
2023_Spielberg,Mean_Throttle_On_Dist_Norm,0.00013905701392928648
2023_Spielberg,Std_Throttle_On_Dist_Norm,0.00043518099152937864
2023_Spielberg,Mean_Throttle_Integral_Norm,3.5588344971582765e-05
2023_Spielberg,Std_Throttle_Integral_Norm,0.00028175809279004074
2023_Spielberg,Mean_Speed_Variability,0.0001260463218103929
2023_Spielberg,Std_Speed_Variability,2.3810068950638196e-05
2023_Spielberg,P_0,9.828254460809506e-05
2023_Spielberg,P_1,0.0
2023_Spielberg,P_2,1.0544089220338097e-05
2023_Spielberg,Style_Cluster_ID,0.0
2023_Spielberg,Style_Entropy,0.0
2023_Spielberg,Year,0.00047331339013967604
2023_Spielberg,Tyre_Compound_Interaction,0.0014477714409414455
2023_Silverstone,LapNumber,0.024139187068338872
2023_Silverstone,Stint,0.0
2023_Silverstone,TyreLife,0.0025542286884004616
2023_Silverstone,Position,0.02203032506929406
2023_Silverstone,AirTemp,0.0011529624284194343
2023_Silverstone,Humidity,0.004589136551086968
2023_Silverstone,Pressure,6.128761273128704e-05
2023_Silverstone,TrackTemp,0.0004592274251549146
2023_Silverstone,WindDirection,0.00041727664041002596
2023_Silverstone,WindSpeed,0.0002668666206476234
2023_Silverstone,FuelLoad,0.0026950243564791677
2023_Silverstone,Track_Evolution,0.0011150277281809628
2023_Silverstone,Cumulative_Field_Dist_KM,0.016160983709680995
2023_Silverstone,Lap_Damage,0.003730936789119717
2023_Silverstone,LatOffset_Mean,0.0
2023_Silverstone,Accumulated_Tyre_Wear,0.0
2023_Silverstone,LatOffset_Std,2.3606202058100656e-05
2023_Silverstone,Energy_Lap,0.0
2023_Silverstone,Gap_To_Car_Ahead,0.000403487488685219
2023_Silverstone,Dirty_Air_Fraction,0.0
2023_Silverstone,Aero_Loss,0.00034708765896532365
2023_Silverstone,DRS_Fraction,5.3529444776545105e-05
2023_Silverstone,Traction_1_5,0.00014916826516178628
2023_Silverstone,Asphalt_Grip_1_5,0.00044565063144049485
2023_Silverstone,Asphalt_Abrasion_1_5,0.009010721404140718
2023_Silverstone,Track_Evolution_1_5,0.00011095677404691077
2023_Silverstone,Tyre_Stress_1_5,0.0028830434712630556
2023_Silverstone,Braking_1_5,0.0
2023_Silverstone,Lateral_1_5,0.00017896597557260055
2023_Silverstone,Downforce_1_5,0.0025563347329000522
2023_Silverstone,Min_Pressure_Front_PSI,0.0
2023_Silverstone,Min_Pressure_Rear_PSI,5.3315521247923154e-05
2023_Silverstone,Circuit_Length_KM,0.00037778710841929387
2023_Silverstone,Compound_Int,4.8932607526455506e-05
2023_Silverstone,Wear_Severity_Index,0.003935485938749849
2023_Silverstone,Track_Flow_Type,0.0008756170758867018
2023_Silverstone,Grip_Aero_Balance,3.387081534816179e-05
2023_Silverstone,Total_Min_Pressure,2.4563571552722866e-05
2023_Silverstone,Pressure_Delta,0.0
2023_Silverstone,Prev_LapTime,0.000735567852654153
2023_Silverstone,Lag_2,0.00020039423802654222
2023_Silverstone,Rolling_Avg_3,2.7929923187271925e-05
2023_Silverstone,Prev_Delta,0.07997850234076914
2023_Silverstone,Driver_Encoded,0.0
2023_Silverstone,Location_Encoded,0.0008022358748868508
2023_Silverstone,Team_Encoded,0.0
2023_Silverstone,Mean_Apex_Speed_Ratio,9.517586354610655e-05
2023_Silverstone,Std_Apex_Speed_Ratio,0.00010263507510185683
2023_Silverstone,Mean_Brake_Fraction,0.00033094111518621805
2023_Silverstone,Std_Brake_Fraction,7.02001437661243e-05
2023_Silverstone,Mean_Brake_Point_Norm,0.00011021985591886356
2023_Silverstone,Std_Brake_Point_Norm,5.465898134556985e-05
2023_Silverstone,Mean_Throttle_On_Dist_Norm,0.00015185419021800063
2023_Silverstone,Std_Throttle_On_Dist_Norm,0.0
2023_Silverstone,Mean_Throttle_Integral_Norm,0.0
2023_Silverstone,Std_Throttle_Integral_Norm,4.548496432312509e-05
2023_Silverstone,Mean_Speed_Variability,0.0
2023_Silverstone,Std_Speed_Variability,3.280280907519829e-05
2023_Silverstone,P_0,0.0004083814103612398
2023_Silverstone,P_1,0.0
2023_Silverstone,P_2,3.254933733860153e-05
2023_Silverstone,Style_Cluster_ID,0.0
2023_Silverstone,Style_Entropy,0.0
2023_Silverstone,Year,3.0354704864524168e-05
2023_Silverstone,Tyre_Compound_Interaction,0.0009512656231046916
2023_Budapest,LapNumber,0.0340855357570248
2023_Budapest,Stint,0.0
2023_Budapest,TyreLife,0.0026371313846612694
2023_Budapest,Position,0.017915925279671247
2023_Budapest,AirTemp,0.0005714433122141443
2023_Budapest,Humidity,0.008324653930668592
2023_Budapest,Pressure,0.0005565912115994168
2023_Budapest,TrackTemp,0.0025389154812197456
2023_Budapest,WindDirection,0.00037858060683674865
2023_Budapest,WindSpeed,0.0002438484631522781
2023_Budapest,FuelLoad,0.0025243503402815892
2023_Budapest,Track_Evolution,0.002098626094828834
2023_Budapest,Cumulative_Field_Dist_KM,0.015604157225196076
2023_Budapest,Lap_Damage,0.002652749285721954
2023_Budapest,LatOffset_Mean,0.0
2023_Budapest,Accumulated_Tyre_Wear,4.8352404208736754e-05
2023_Budapest,LatOffset_Std,0.0
2023_Budapest,Energy_Lap,0.0
2023_Budapest,Gap_To_Car_Ahead,0.00020321550667471396
2023_Budapest,Dirty_Air_Fraction,3.7994109379405045e-05
2023_Budapest,Aero_Loss,0.00010347338104463832
2023_Budapest,DRS_Fraction,3.507537340869105e-05
2023_Budapest,Traction_1_5,0.00010082605963028613
2023_Budapest,Asphalt_Grip_1_5,0.0004867968858021127
2023_Budapest,Asphalt_Abrasion_1_5,0.009922783730671972
2023_Budapest,Track_Evolution_1_5,6.803776075273338e-05
2023_Budapest,Tyre_Stress_1_5,0.0032505035276215438
2023_Budapest,Braking_1_5,0.0
2023_Budapest,Lateral_1_5,0.0
2023_Budapest,Downforce_1_5,0.002322372524202118
2023_Budapest,Min_Pressure_Front_PSI,3.940081417076199e-05
2023_Budapest,Min_Pressure_Rear_PSI,0.00019204980581686386
2023_Budapest,Circuit_Length_KM,0.00041752013938141944
2023_Budapest,Compound_Int,0.00041984722915787474
2023_Budapest,Wear_Severity_Index,0.0011590058379918361
2023_Budapest,Track_Flow_Type,0.00041187052860473713
2023_Budapest,Grip_Aero_Balance,0.0003326260520512143
2023_Budapest,Total_Min_Pressure,0.001021267694731236
2023_Budapest,Pressure_Delta,0.0
2023_Budapest,Prev_LapTime,0.0005506294371156871
2023_Budapest,Lag_2,0.00020741698267575864
2023_Budapest,Rolling_Avg_3,0.00011109979989705184
2023_Budapest,Prev_Delta,0.08639003448507583
2023_Budapest,Driver_Encoded,0.0
2023_Budapest,Location_Encoded,0.00016718328875086293
2023_Budapest,Team_Encoded,0.0
2023_Budapest,Mean_Apex_Speed_Ratio,0.00012862949415500205
2023_Budapest,Std_Apex_Speed_Ratio,2.9788162936215244e-05
2023_Budapest,Mean_Brake_Fraction,0.0005268028363391901
2023_Budapest,Std_Brake_Fraction,2.820513473030278e-05
2023_Budapest,Mean_Brake_Point_Norm,0.0
2023_Budapest,Std_Brake_Point_Norm,0.0003051070692213102
2023_Budapest,Mean_Throttle_On_Dist_Norm,3.254392890105478e-05
2023_Budapest,Std_Throttle_On_Dist_Norm,0.0
2023_Budapest,Mean_Throttle_Integral_Norm,0.0
2023_Budapest,Std_Throttle_Integral_Norm,5.724665563036334e-05
2023_Budapest,Mean_Speed_Variability,1.8384636981583276e-05
2023_Budapest,Std_Speed_Variability,0.001554701835592009
2023_Budapest,P_0,7.658396222868755e-05
2023_Budapest,P_1,0.0
2023_Budapest,P_2,0.00015525021774496443
2023_Budapest,Style_Cluster_ID,0.0
2023_Budapest,Style_Entropy,0.0
2023_Budapest,Year,0.0011168723201640755
2023_Budapest,Tyre_Compound_Interaction,0.0020113698007309475
2023_Spa-Francorchamps,LapNumber,0.032104126329718444
2023_Spa-Francorchamps,Stint,0.0
2023_Spa-Francorchamps,TyreLife,0.0029168419081167358
2023_Spa-Francorchamps,Position,0.013778399085521736
2023_Spa-Francorchamps,AirTemp,0.001597899546779694
2023_Spa-Francorchamps,Humidity,0.007779144848222435
2023_Spa-Francorchamps,Pressure,0.003626027538902681
2023_Spa-Francorchamps,TrackTemp,0.00016881422196495335
2023_Spa-Francorchamps,WindDirection,0.0014164769353691268
2023_Spa-Francorchamps,WindSpeed,0.0005787261620078056
2023_Spa-Francorchamps,FuelLoad,0.0007284890291906411
2023_Spa-Francorchamps,Track_Evolution,0.0009609520367181425
2023_Spa-Francorchamps,Cumulative_Field_Dist_KM,0.02532068091117877
2023_Spa-Francorchamps,Lap_Damage,0.022593011621205084
2023_Spa-Francorchamps,LatOffset_Mean,0.0
2023_Spa-Francorchamps,Accumulated_Tyre_Wear,0.00016933608082389228
2023_Spa-Francorchamps,LatOffset_Std,0.0
2023_Spa-Francorchamps,Energy_Lap,0.0001633944480917264
2023_Spa-Francorchamps,Gap_To_Car_Ahead,6.467811809073063e-05
2023_Spa-Francorchamps,Dirty_Air_Fraction,0.0002716863868281576
2023_Spa-Francorchamps,Aero_Loss,6.403317527609521e-05
2023_Spa-Francorchamps,DRS_Fraction,6.326371800171244e-06
2023_Spa-Francorchamps,Traction_1_5,7.093093193738998e-05
2023_Spa-Francorchamps,Asphalt_Grip_1_5,5.0213937677523574e-05
2023_Spa-Francorchamps,Asphalt_Abrasion_1_5,0.03561062681319401
2023_Spa-Francorchamps,Track_Evolution_1_5,0.0
2023_Spa-Francorchamps,Tyre_Stress_1_5,0.004786287059691728
2023_Spa-Francorchamps,Braking_1_5,0.0004855889261197348
2023_Spa-Francorchamps,Lateral_1_5,0.00010129243233588268
2023_Spa-Francorchamps,Downforce_1_5,0.0035601772920386904
2023_Spa-Francorchamps,Min_Pressure_Front_PSI,1.24029733883967e-05
2023_Spa-Francorchamps,Min_Pressure_Rear_PSI,0.0
2023_Spa-Francorchamps,Circuit_Length_KM,0.0006042343911015513
2023_Spa-Francorchamps,Compound_Int,0.00018404436944999958
2023_Spa-Francorchamps,Wear_Severity_Index,0.001153416657138173
2023_Spa-Francorchamps,Track_Flow_Type,0.0004260333497060057
2023_Spa-Francorchamps,Grip_Aero_Balance,0.00042115760330124736
2023_Spa-Francorchamps,Total_Min_Pressure,0.0003864784908116848
2023_Spa-Francorchamps,Pressure_Delta,0.0
2023_Spa-Francorchamps,Prev_LapTime,0.0267074807751608
2023_Spa-Francorchamps,Lag_2,0.0004262011607790723
2023_Spa-Francorchamps,Rolling_Avg_3,0.0012157068889855544
2023_Spa-Francorchamps,Prev_Delta,0.11597480546172155
2023_Spa-Francorchamps,Driver_Encoded,0.0
2023_Spa-Francorchamps,Location_Encoded,0.00013589832214707645
2023_Spa-Francorchamps,Team_Encoded,0.0
2023_Spa-Francorchamps,Mean_Apex_Speed_Ratio,0.00015486113920591785
2023_Spa-Francorchamps,Std_Apex_Speed_Ratio,5.826669387675643e-06
2023_Spa-Francorchamps,Mean_Brake_Fraction,0.00017049089327709184
2023_Spa-Francorchamps,Std_Brake_Fraction,0.00013136947049537781
2023_Spa-Francorchamps,Mean_Brake_Point_Norm,1.5220109474557856e-05
2023_Spa-Francorchamps,Std_Brake_Point_Norm,0.00040943833796452245
2023_Spa-Francorchamps,Mean_Throttle_On_Dist_Norm,0.00018797731545357107
2023_Spa-Francorchamps,Std_Throttle_On_Dist_Norm,0.0
2023_Spa-Francorchamps,Mean_Throttle_Integral_Norm,8.130456293100858e-05
2023_Spa-Francorchamps,Std_Throttle_Integral_Norm,1.0538775438472668e-05
2023_Spa-Francorchamps,Mean_Speed_Variability,0.00020205056308365225
2023_Spa-Francorchamps,Std_Speed_Variability,0.0
2023_Spa-Francorchamps,P_0,0.0017708004142714616
2023_Spa-Francorchamps,P_1,0.0006472103115598672
2023_Spa-Francorchamps,P_2,8.425904055782098e-05
2023_Spa-Francorchamps,Style_Cluster_ID,0.0
2023_Spa-Francorchamps,Style_Entropy,0.0
2023_Spa-Francorchamps,Year,0.0001913765403010112
2023_Spa-Francorchamps,Tyre_Compound_Interaction,0.0012573878940376883
2023_Monza,LapNumber,0.023854364464599844
2023_Monza,Stint,0.0
2023_Monza,TyreLife,0.002098213949058651
2023_Monza,Position,0.02026837866129248
2023_Monza,AirTemp,0.0010768301194411755
2023_Monza,Humidity,0.005175234545134451
2023_Monza,Pressure,0.0021337037007430983
2023_Monza,TrackTemp,9.291460231094831e-05
2023_Monza,WindDirection,0.0006424853660612332
2023_Monza,WindSpeed,0.0003186337517518572
2023_Monza,FuelLoad,0.0015716238634642674
2023_Monza,Track_Evolution,0.0004781057043783629
2023_Monza,Cumulative_Field_Dist_KM,0.014680006636135999
2023_Monza,Lap_Damage,0.002907095248134272
2023_Monza,LatOffset_Mean,0.0
2023_Monza,Accumulated_Tyre_Wear,0.00031403927772185767
2023_Monza,LatOffset_Std,1.559037100283251e-05
2023_Monza,Energy_Lap,0.0001730236637457726
2023_Monza,Gap_To_Car_Ahead,4.291412339422755e-05
2023_Monza,Dirty_Air_Fraction,0.0
2023_Monza,Aero_Loss,0.0
2023_Monza,DRS_Fraction,0.0
2023_Monza,Traction_1_5,0.00013778038595470965
2023_Monza,Asphalt_Grip_1_5,0.0
2023_Monza,Asphalt_Abrasion_1_5,0.010614576725685774
2023_Monza,Track_Evolution_1_5,5.934783808797456e-05
2023_Monza,Tyre_Stress_1_5,0.0032428017005912213
2023_Monza,Braking_1_5,0.0
2023_Monza,Lateral_1_5,0.0
2023_Monza,Downforce_1_5,0.003443399947972676
2023_Monza,Min_Pressure_Front_PSI,0.0
2023_Monza,Min_Pressure_Rear_PSI,1.9336231684386546e-05
2023_Monza,Circuit_Length_KM,0.00041498500220456757
2023_Monza,Compound_Int,6.749297253846607e-05
2023_Monza,Wear_Severity_Index,0.0004908220036892642
2023_Monza,Track_Flow_Type,0.0005398487203637677
2023_Monza,Grip_Aero_Balance,0.00037373418195100187
2023_Monza,Total_Min_Pressure,0.0002371293842393839
2023_Monza,Pressure_Delta,0.00017554380132039023
2023_Monza,Prev_LapTime,0.0006862971359441547
2023_Monza,Lag_2,0.0003377869719462771
2023_Monza,Rolling_Avg_3,0.0
2023_Monza,Prev_Delta,0.08584715554345086
2023_Monza,Driver_Encoded,0.0
2023_Monza,Location_Encoded,0.0001432601209184553
2023_Monza,Team_Encoded,0.0
2023_Monza,Mean_Apex_Speed_Ratio,0.00035405678374735136
2023_Monza,Std_Apex_Speed_Ratio,0.0
2023_Monza,Mean_Brake_Fraction,0.00018612836128530552
2023_Monza,Std_Brake_Fraction,0.0
2023_Monza,Mean_Brake_Point_Norm,5.081657250864806e-05
2023_Monza,Std_Brake_Point_Norm,0.00020987896789772764
2023_Monza,Mean_Throttle_On_Dist_Norm,9.342897332169443e-05
2023_Monza,Std_Throttle_On_Dist_Norm,5.5685636586306346e-05
2023_Monza,Mean_Throttle_Integral_Norm,0.0
2023_Monza,Std_Throttle_Integral_Norm,0.0
2023_Monza,Mean_Speed_Variability,6.522869390970806e-05
2023_Monza,Std_Speed_Variability,1.0037239779518451e-05
2023_Monza,P_0,4.2469685952907935e-05
2023_Monza,P_1,0.0
2023_Monza,P_2,3.5110275105390685e-05
2023_Monza,Style_Cluster_ID,0.0
2023_Monza,Style_Entropy,5.542878792280735e-06
2023_Monza,Year,3.340739475228476e-05
2023_Monza,Tyre_Compound_Interaction,0.0013261328629573697
2023_Marina Bay,LapNumber,0.03284445774551418
2023_Marina Bay,Stint,8.394738753527105e-05
2023_Marina Bay,TyreLife,0.0029323082183250106
2023_Marina Bay,Position,0.01761430080294786
2023_Marina Bay,AirTemp,0.0004519232018279247
2023_Marina Bay,Humidity,0.004030291767996376
2023_Marina Bay,Pressure,0.002403368220250276
2023_Marina Bay,TrackTemp,0.00010059247944125368
2023_Marina Bay,WindDirection,0.0007968786037110826
2023_Marina Bay,WindSpeed,0.00040821063291707557
2023_Marina Bay,FuelLoad,0.002115483138066294
2023_Marina Bay,Track_Evolution,0.0010632290081539777
2023_Marina Bay,Cumulative_Field_Dist_KM,0.022294179702518676
2023_Marina Bay,Lap_Damage,0.004050761559066499
2023_Marina Bay,LatOffset_Mean,0.00012628530322532692
2023_Marina Bay,Accumulated_Tyre_Wear,0.0005339392328348206
2023_Marina Bay,LatOffset_Std,0.0
2023_Marina Bay,Energy_Lap,7.785153075982714e-05
2023_Marina Bay,Gap_To_Car_Ahead,0.0
2023_Marina Bay,Dirty_Air_Fraction,0.0
2023_Marina Bay,Aero_Loss,3.928520181277602e-05
2023_Marina Bay,DRS_Fraction,7.732365857421723e-06
2023_Marina Bay,Traction_1_5,0.00010145673431399809
2023_Marina Bay,Asphalt_Grip_1_5,0.0
2023_Marina Bay,Asphalt_Abrasion_1_5,0.008811787079041079
2023_Marina Bay,Track_Evolution_1_5,7.92218980607521e-05
2023_Marina Bay,Tyre_Stress_1_5,0.005581799480110734
2023_Marina Bay,Braking_1_5,3.256081239676529e-05
2023_Marina Bay,Lateral_1_5,2.3132317646482087e-05
2023_Marina Bay,Downforce_1_5,0.0017930190468593745
2023_Marina Bay,Min_Pressure_Front_PSI,0.0
2023_Marina Bay,Min_Pressure_Rear_PSI,0.0
2023_Marina Bay,Circuit_Length_KM,0.0005479202564157288
2023_Marina Bay,Compound_Int,0.00033667075377965617
2023_Marina Bay,Wear_Severity_Index,0.0025067921714304942
2023_Marina Bay,Track_Flow_Type,0.0006716089730528452
2023_Marina Bay,Grip_Aero_Balance,0.0005031197314191807
2023_Marina Bay,Total_Min_Pressure,0.00022037220647446926
2023_Marina Bay,Pressure_Delta,0.0
2023_Marina Bay,Prev_LapTime,0.0002713506071122515
2023_Marina Bay,Lag_2,0.0003916830550180835
2023_Marina Bay,Rolling_Avg_3,0.0
2023_Marina Bay,Prev_Delta,0.10948427983961785
2023_Marina Bay,Driver_Encoded,0.0
2023_Marina Bay,Location_Encoded,3.6374118738668706e-05
2023_Marina Bay,Team_Encoded,7.113501235851841e-06
2023_Marina Bay,Mean_Apex_Speed_Ratio,0.0006370333616753439
2023_Marina Bay,Std_Apex_Speed_Ratio,0.0
2023_Marina Bay,Mean_Brake_Fraction,0.0002940370656370685
2023_Marina Bay,Std_Brake_Fraction,0.0
2023_Marina Bay,Mean_Brake_Point_Norm,0.0
2023_Marina Bay,Std_Brake_Point_Norm,3.645832847698012e-05
2023_Marina Bay,Mean_Throttle_On_Dist_Norm,9.53221904601372e-05
2023_Marina Bay,Std_Throttle_On_Dist_Norm,0.00012535022685293686
2023_Marina Bay,Mean_Throttle_Integral_Norm,1.5747650633127836e-05
2023_Marina Bay,Std_Throttle_Integral_Norm,0.0
2023_Marina Bay,Mean_Speed_Variability,3.5223109320530464e-05
2023_Marina Bay,Std_Speed_Variability,4.685074149139511e-05
2023_Marina Bay,P_0,1.4670768518589668e-05
2023_Marina Bay,P_1,2.5556497442823763e-05
2023_Marina Bay,P_2,4.2966109197601504e-05
2023_Marina Bay,Style_Cluster_ID,0.0
2023_Marina Bay,Style_Entropy,1.4099955821626298e-05
2023_Marina Bay,Year,0.0
2023_Marina Bay,Tyre_Compound_Interaction,0.0021343850557306136
2023_Suzuka,LapNumber,0.018873614121419007
2023_Suzuka,Stint,2.8154594541624454e-05
2023_Suzuka,TyreLife,0.0020216432561472432
2023_Suzuka,Position,0.016043889212989482
2023_Suzuka,AirTemp,0.0008836488883548572
2023_Suzuka,Humidity,0.003948375483225851
2023_Suzuka,Pressure,0.0022598701955710686
2023_Suzuka,TrackTemp,0.00043631593865566735
2023_Suzuka,WindDirection,0.0005991481788313712
2023_Suzuka,WindSpeed,0.0004339812455355232
2023_Suzuka,FuelLoad,0.003233453425234109
2023_Suzuka,Track_Evolution,0.0006917958776374331
2023_Suzuka,Cumulative_Field_Dist_KM,0.010584661230753356
2023_Suzuka,Lap_Damage,0.003691634690108279
2023_Suzuka,LatOffset_Mean,0.0
2023_Suzuka,Accumulated_Tyre_Wear,0.00011699019604846552
2023_Suzuka,LatOffset_Std,0.0
2023_Suzuka,Energy_Lap,0.0
2023_Suzuka,Gap_To_Car_Ahead,3.8644002284596447e-05
2023_Suzuka,Dirty_Air_Fraction,0.0
2023_Suzuka,Aero_Loss,0.0
2023_Suzuka,DRS_Fraction,0.0
2023_Suzuka,Traction_1_5,0.0003083729407889906
2023_Suzuka,Asphalt_Grip_1_5,0.0
2023_Suzuka,Asphalt_Abrasion_1_5,0.021499878816797647
2023_Suzuka,Track_Evolution_1_5,0.00027719414528170407
2023_Suzuka,Tyre_Stress_1_5,0.003376421986036654
2023_Suzuka,Braking_1_5,0.0
2023_Suzuka,Lateral_1_5,0.0
2023_Suzuka,Downforce_1_5,0.00036788301088490675
2023_Suzuka,Min_Pressure_Front_PSI,7.346252861797712e-05
2023_Suzuka,Min_Pressure_Rear_PSI,0.0005731455288000003
2023_Suzuka,Circuit_Length_KM,0.00038854028330099897
2023_Suzuka,Compound_Int,1.3081451435997954e-05
2023_Suzuka,Wear_Severity_Index,0.0006354829082044126
2023_Suzuka,Track_Flow_Type,0.0010279636830678941
2023_Suzuka,Grip_Aero_Balance,0.0009567626845014541
2023_Suzuka,Total_Min_Pressure,8.266252629725667e-05
2023_Suzuka,Pressure_Delta,0.0
2023_Suzuka,Prev_LapTime,0.0003366794146899552
2023_Suzuka,Lag_2,0.001148078572569192
2023_Suzuka,Rolling_Avg_3,1.4581194217965654e-05
2023_Suzuka,Prev_Delta,0.09488573588452073
2023_Suzuka,Driver_Encoded,0.0
2023_Suzuka,Location_Encoded,0.0
2023_Suzuka,Team_Encoded,2.8774236585255417e-05
2023_Suzuka,Mean_Apex_Speed_Ratio,3.918833609035903e-05
2023_Suzuka,Std_Apex_Speed_Ratio,0.0
2023_Suzuka,Mean_Brake_Fraction,1.9073716727057358e-05
2023_Suzuka,Std_Brake_Fraction,7.38544336889996e-05
2023_Suzuka,Mean_Brake_Point_Norm,2.2791207268367175e-05
2023_Suzuka,Std_Brake_Point_Norm,0.00013652413109696925
2023_Suzuka,Mean_Throttle_On_Dist_Norm,0.0003775084406988486
2023_Suzuka,Std_Throttle_On_Dist_Norm,0.0
2023_Suzuka,Mean_Throttle_Integral_Norm,0.0
2023_Suzuka,Std_Throttle_Integral_Norm,0.0
2023_Suzuka,Mean_Speed_Variability,0.0001256554827083992
2023_Suzuka,Std_Speed_Variability,0.0
2023_Suzuka,P_0,6.679404206156117e-05
2023_Suzuka,P_1,3.1858940620255614e-05
2023_Suzuka,P_2,2.8890059272707212e-05
2023_Suzuka,Style_Cluster_ID,0.0
2023_Suzuka,Style_Entropy,3.621306525000836e-06
2023_Suzuka,Year,0.0
2023_Suzuka,Tyre_Compound_Interaction,0.0007549644829131744
2023_Lusail,LapNumber,0.02467288857879303
2023_Lusail,Stint,9.993072261535507e-05
2023_Lusail,TyreLife,0.001705537882904419
2023_Lusail,Position,0.014023820558978968
2023_Lusail,AirTemp,0.0015580488969053744
2023_Lusail,Humidity,0.0023189894370087383
2023_Lusail,Pressure,0.001740107883852819
2023_Lusail,TrackTemp,0.00041716726244386154
2023_Lusail,WindDirection,0.0008899662908359284
2023_Lusail,WindSpeed,0.0006685677100261294
2023_Lusail,FuelLoad,0.006319775846529298
2023_Lusail,Track_Evolution,0.0006663874192871307
2023_Lusail,Cumulative_Field_Dist_KM,0.01056405886571723
2023_Lusail,Lap_Damage,0.0028676113984378564
2023_Lusail,LatOffset_Mean,0.0002578196458470031
2023_Lusail,Accumulated_Tyre_Wear,0.00041335729405455744
2023_Lusail,LatOffset_Std,3.8806673520821615e-05
2023_Lusail,Energy_Lap,0.0
2023_Lusail,Gap_To_Car_Ahead,0.0001972103178760159
2023_Lusail,Dirty_Air_Fraction,0.0
2023_Lusail,Aero_Loss,0.0
2023_Lusail,DRS_Fraction,6.023747979312896e-05
2023_Lusail,Traction_1_5,0.0004124388450894918
2023_Lusail,Asphalt_Grip_1_5,4.770457787396235e-05
2023_Lusail,Asphalt_Abrasion_1_5,0.007834539816781857
2023_Lusail,Track_Evolution_1_5,0.00029840279282465507
2023_Lusail,Tyre_Stress_1_5,0.0036044369102289013
2023_Lusail,Braking_1_5,0.0002630052996760325
2023_Lusail,Lateral_1_5,0.0
2023_Lusail,Downforce_1_5,0.0006167152378004863
2023_Lusail,Min_Pressure_Front_PSI,8.181751521283068e-05
2023_Lusail,Min_Pressure_Rear_PSI,0.0004589010322825277
2023_Lusail,Circuit_Length_KM,0.000731125877825797
2023_Lusail,Compound_Int,2.801067860179063e-05
2023_Lusail,Wear_Severity_Index,0.0007688437819203026
2023_Lusail,Track_Flow_Type,7.850341784610878e-05
2023_Lusail,Grip_Aero_Balance,0.0006407151911117794
2023_Lusail,Total_Min_Pressure,7.32831410759759e-05
2023_Lusail,Pressure_Delta,3.812476267583717e-05
2023_Lusail,Prev_LapTime,0.00031903118458787705
2023_Lusail,Lag_2,0.0002241544730726025
2023_Lusail,Rolling_Avg_3,5.253943258424272e-05
2023_Lusail,Prev_Delta,0.09725208629965507
2023_Lusail,Driver_Encoded,7.807111143381468e-05
2023_Lusail,Location_Encoded,0.0003163893788694696
2023_Lusail,Team_Encoded,0.0
2023_Lusail,Mean_Apex_Speed_Ratio,1.7362442413273816e-05
2023_Lusail,Std_Apex_Speed_Ratio,4.5138476948742366e-06
2023_Lusail,Mean_Brake_Fraction,0.00012881074199697792
2023_Lusail,Std_Brake_Fraction,0.0002366608207854063
2023_Lusail,Mean_Brake_Point_Norm,8.11151221327061e-06
2023_Lusail,Std_Brake_Point_Norm,0.00021665608916874806
2023_Lusail,Mean_Throttle_On_Dist_Norm,5.3809067889587546e-05
2023_Lusail,Std_Throttle_On_Dist_Norm,4.688529653359711e-05
2023_Lusail,Mean_Throttle_Integral_Norm,0.0
2023_Lusail,Std_Throttle_Integral_Norm,0.0
2023_Lusail,Mean_Speed_Variability,8.908230571818089e-05
2023_Lusail,Std_Speed_Variability,0.0
2023_Lusail,P_0,0.0
2023_Lusail,P_1,0.0
2023_Lusail,P_2,0.0
2023_Lusail,Style_Cluster_ID,0.0
2023_Lusail,Style_Entropy,0.0
2023_Lusail,Year,0.0
2023_Lusail,Tyre_Compound_Interaction,0.0006086217055344352
2023_Austin,LapNumber,0.012853483874984653
2023_Austin,Stint,0.00015855340958497013
2023_Austin,TyreLife,0.0018813386344211445
2023_Austin,Position,0.01926632191880474
2023_Austin,AirTemp,0.000809693857921263
2023_Austin,Humidity,0.004323844924917092
2023_Austin,Pressure,0.0023672494209507427
2023_Austin,TrackTemp,0.0009271075338299972
2023_Austin,WindDirection,0.0005192347473825346
2023_Austin,WindSpeed,9.371137490542407e-05
2023_Austin,FuelLoad,0.007057083447090139
2023_Austin,Track_Evolution,0.0010461871549599748
2023_Austin,Cumulative_Field_Dist_KM,0.005454809576701711
2023_Austin,Lap_Damage,0.0024966192162798394
2023_Austin,LatOffset_Mean,0.00016046902559618562
2023_Austin,Accumulated_Tyre_Wear,0.00041574346439193473
2023_Austin,LatOffset_Std,4.157853522954438e-05
2023_Austin,Energy_Lap,0.0002076493152202264
2023_Austin,Gap_To_Car_Ahead,4.679099504164566e-05
2023_Austin,Dirty_Air_Fraction,0.0
2023_Austin,Aero_Loss,3.3461733090250915e-05
2023_Austin,DRS_Fraction,0.0
2023_Austin,Traction_1_5,0.0002750754769243386
2023_Austin,Asphalt_Grip_1_5,0.0
2023_Austin,Asphalt_Abrasion_1_5,0.024540854150817814
2023_Austin,Track_Evolution_1_5,0.00011475169571414626
2023_Austin,Tyre_Stress_1_5,0.0026393045382938746
2023_Austin,Braking_1_5,0.00022363913939869894
2023_Austin,Lateral_1_5,0.0
2023_Austin,Downforce_1_5,0.0010100825421583428
2023_Austin,Min_Pressure_Front_PSI,0.0
2023_Austin,Min_Pressure_Rear_PSI,0.0008395825641146746
2023_Austin,Circuit_Length_KM,0.003951997267616233
2023_Austin,Compound_Int,0.0
2023_Austin,Wear_Severity_Index,0.00023063496387089224
2023_Austin,Track_Flow_Type,0.0005060380895323148
2023_Austin,Grip_Aero_Balance,0.00029460385562558264
2023_Austin,Total_Min_Pressure,5.058526133980874e-05
2023_Austin,Pressure_Delta,4.792192940333029e-05
2023_Austin,Prev_LapTime,0.0022050673635652385
2023_Austin,Lag_2,0.0013777302739701566
2023_Austin,Rolling_Avg_3,1.4962168913972526e-05
2023_Austin,Prev_Delta,0.08541877664523731
2023_Austin,Driver_Encoded,0.0001172035189044756
2023_Austin,Location_Encoded,0.0006569814663844566
2023_Austin,Team_Encoded,8.899634768309017e-06
2023_Austin,Mean_Apex_Speed_Ratio,4.8165023370635136e-05
2023_Austin,Std_Apex_Speed_Ratio,4.278889720610535e-06
2023_Austin,Mean_Brake_Fraction,0.00014284143106799466
2023_Austin,Std_Brake_Fraction,0.00029460498900749196
2023_Austin,Mean_Brake_Point_Norm,2.8506091865908016e-05
2023_Austin,Std_Brake_Point_Norm,9.847900745536578e-05
2023_Austin,Mean_Throttle_On_Dist_Norm,9.714244938241688e-05
2023_Austin,Std_Throttle_On_Dist_Norm,5.130411487855215e-05
2023_Austin,Mean_Throttle_Integral_Norm,0.0
2023_Austin,Std_Throttle_Integral_Norm,0.0
2023_Austin,Mean_Speed_Variability,0.0001159508077109309
2023_Austin,Std_Speed_Variability,0.0
2023_Austin,P_0,0.0
2023_Austin,P_1,0.0
2023_Austin,P_2,0.0003368154128820993
2023_Austin,Style_Cluster_ID,0.0
2023_Austin,Style_Entropy,0.0
2023_Austin,Year,0.0
2023_Austin,Tyre_Compound_Interaction,0.0006849716760321101
2023_Mexico City,LapNumber,0.019584972944520468
2023_Mexico City,Stint,0.0001332637252246959
2023_Mexico City,TyreLife,0.002978860981666989
2023_Mexico City,Position,0.016394118453195064
2023_Mexico City,AirTemp,0.0013154026246819
2023_Mexico City,Humidity,0.00447451983301542
2023_Mexico City,Pressure,0.0022536205377622995
2023_Mexico City,TrackTemp,0.000547586795621673
2023_Mexico City,WindDirection,0.0004967488233731518
2023_Mexico City,WindSpeed,0.00032352774622493985
2023_Mexico City,FuelLoad,0.006213594514836307
2023_Mexico City,Track_Evolution,0.0022943183477662347
2023_Mexico City,Cumulative_Field_Dist_KM,0.004449208501101665
2023_Mexico City,Lap_Damage,0.00280257587796834
2023_Mexico City,LatOffset_Mean,6.433329811373396e-05
2023_Mexico City,Accumulated_Tyre_Wear,0.00033870509179032606
2023_Mexico City,LatOffset_Std,1.2441602575971449e-05
2023_Mexico City,Energy_Lap,6.005593142376462e-05
2023_Mexico City,Gap_To_Car_Ahead,5.892880447887319e-05
2023_Mexico City,Dirty_Air_Fraction,0.00012731142252189344
2023_Mexico City,Aero_Loss,0.00032950036656681004
2023_Mexico City,DRS_Fraction,0.0
2023_Mexico City,Traction_1_5,0.00015648214215265274
2023_Mexico City,Asphalt_Grip_1_5,0.0
2023_Mexico City,Asphalt_Abrasion_1_5,0.009123119787920218
2023_Mexico City,Track_Evolution_1_5,0.00016410231659006475
2023_Mexico City,Tyre_Stress_1_5,0.0021100839210127656
2023_Mexico City,Braking_1_5,0.00023776324221726596
2023_Mexico City,Lateral_1_5,0.0
2023_Mexico City,Downforce_1_5,0.0001358327489730261
2023_Mexico City,Min_Pressure_Front_PSI,8.630273754569042e-05
2023_Mexico City,Min_Pressure_Rear_PSI,0.0007046869850237266
2023_Mexico City,Circuit_Length_KM,0.0007680505985302731
2023_Mexico City,Compound_Int,0.0
2023_Mexico City,Wear_Severity_Index,0.00017761492845955125
2023_Mexico City,Track_Flow_Type,2.0935224830168506e-05
2023_Mexico City,Grip_Aero_Balance,0.003636517501022464
2023_Mexico City,Total_Min_Pressure,7.560801491253744e-05
2023_Mexico City,Pressure_Delta,5.718415308014894e-05
2023_Mexico City,Prev_LapTime,0.0009978370709962602
2023_Mexico City,Lag_2,0.00013497299770022094
2023_Mexico City,Rolling_Avg_3,9.7329544612896e-05
2023_Mexico City,Prev_Delta,0.09543470350273245
2023_Mexico City,Driver_Encoded,1.216319556211836e-05
2023_Mexico City,Location_Encoded,0.001005601399181309
2023_Mexico City,Team_Encoded,8.576516873164141e-06
2023_Mexico City,Mean_Apex_Speed_Ratio,2.9028379877985805e-05
2023_Mexico City,Std_Apex_Speed_Ratio,1.5946721431307776e-05
2023_Mexico City,Mean_Brake_Fraction,3.64347223401993e-05
2023_Mexico City,Std_Brake_Fraction,0.000339999957878107
2023_Mexico City,Mean_Brake_Point_Norm,1.413055210096951e-05
2023_Mexico City,Std_Brake_Point_Norm,7.09684472262574e-05
2023_Mexico City,Mean_Throttle_On_Dist_Norm,0.00011693076666004469
2023_Mexico City,Std_Throttle_On_Dist_Norm,5.704126334195158e-05
2023_Mexico City,Mean_Throttle_Integral_Norm,6.465311282917553e-05
2023_Mexico City,Std_Throttle_Integral_Norm,0.0
2023_Mexico City,Mean_Speed_Variability,7.838255762794325e-05
2023_Mexico City,Std_Speed_Variability,0.0
2023_Mexico City,P_0,0.0
2023_Mexico City,P_1,2.593539973424209e-05
2023_Mexico City,P_2,0.00013764808307588307
2023_Mexico City,Style_Cluster_ID,0.0
2023_Mexico City,Style_Entropy,0.0
2023_Mexico City,Year,0.0
2023_Mexico City,Tyre_Compound_Interaction,0.0042733134845213735
2023_São Paulo,LapNumber,0.01303154299746966
2023_São Paulo,Stint,0.0006614552438830462
2023_São Paulo,TyreLife,0.0016835437361025151
2023_São Paulo,Position,0.015639354338403175
2023_São Paulo,AirTemp,0.001406582822445156
2023_São Paulo,Humidity,0.0027629539499769117
2023_São Paulo,Pressure,0.0024534591384346156
2023_São Paulo,TrackTemp,0.00177037462832652
2023_São Paulo,WindDirection,0.0007217229598408328
2023_São Paulo,WindSpeed,0.00018167672848048397
2023_São Paulo,FuelLoad,0.009991530860204155
2023_São Paulo,Track_Evolution,0.0009418169439395395
2023_São Paulo,Cumulative_Field_Dist_KM,0.006000313303416913
2023_São Paulo,Lap_Damage,0.0010946468442717342
2023_São Paulo,LatOffset_Mean,4.280549306149092e-05
2023_São Paulo,Accumulated_Tyre_Wear,0.0003084623034661728
2023_São Paulo,LatOffset_Std,0.0
2023_São Paulo,Energy_Lap,0.00020616009757800223
2023_São Paulo,Gap_To_Car_Ahead,1.7065055595543313e-05
2023_São Paulo,Dirty_Air_Fraction,0.0
2023_São Paulo,Aero_Loss,0.0
2023_São Paulo,DRS_Fraction,0.0
2023_São Paulo,Traction_1_5,7.358809063143366e-05
2023_São Paulo,Asphalt_Grip_1_5,0.0
2023_São Paulo,Asphalt_Abrasion_1_5,0.019518521714784146
2023_São Paulo,Track_Evolution_1_5,0.0
2023_São Paulo,Tyre_Stress_1_5,0.0023606402114083927
2023_São Paulo,Braking_1_5,0.0011406062879124016
2023_São Paulo,Lateral_1_5,0.0
2023_São Paulo,Downforce_1_5,5.82049338852834e-05
2023_São Paulo,Min_Pressure_Front_PSI,1.690569443167066e-05
2023_São Paulo,Min_Pressure_Rear_PSI,0.0007216705316322353
2023_São Paulo,Circuit_Length_KM,0.000691720651612053
2023_São Paulo,Compound_Int,2.4635365761187333e-05
2023_São Paulo,Wear_Severity_Index,0.0
2023_São Paulo,Track_Flow_Type,0.0001681675977782921
2023_São Paulo,Grip_Aero_Balance,0.00012250809445149763
2023_São Paulo,Total_Min_Pressure,7.733557537682009e-05
2023_São Paulo,Pressure_Delta,0.000129024855984578
2023_São Paulo,Prev_LapTime,0.0014246142713138718
2023_São Paulo,Lag_2,0.00011305511958585953
2023_São Paulo,Rolling_Avg_3,5.681548483494714e-05
2023_São Paulo,Prev_Delta,0.0876152501650011
2023_São Paulo,Driver_Encoded,1.7282646715614337e-05
2023_São Paulo,Location_Encoded,0.0022625760302821345
2023_São Paulo,Team_Encoded,0.0
2023_São Paulo,Mean_Apex_Speed_Ratio,7.083079016088641e-05
2023_São Paulo,Std_Apex_Speed_Ratio,1.5471384970139823e-05
2023_São Paulo,Mean_Brake_Fraction,0.00013853098100303278
2023_São Paulo,Std_Brake_Fraction,0.0001193672335914538
2023_São Paulo,Mean_Brake_Point_Norm,3.646520648741609e-06
2023_São Paulo,Std_Brake_Point_Norm,9.786046101349237e-05
2023_São Paulo,Mean_Throttle_On_Dist_Norm,1.346273745131583e-05
2023_São Paulo,Std_Throttle_On_Dist_Norm,0.0
2023_São Paulo,Mean_Throttle_Integral_Norm,1.323959756498063e-06
2023_São Paulo,Std_Throttle_Integral_Norm,0.0
2023_São Paulo,Mean_Speed_Variability,0.00012032980135061716
2023_São Paulo,Std_Speed_Variability,0.0
2023_São Paulo,P_0,0.0
2023_São Paulo,P_1,0.0
2023_São Paulo,P_2,0.00117666643214208
2023_São Paulo,Style_Cluster_ID,0.0
2023_São Paulo,Style_Entropy,2.2549259733215567e-05
2023_São Paulo,Year,0.0
2023_São Paulo,Tyre_Compound_Interaction,0.0010031792076669016
2023_Las Vegas,LapNumber,0.003697042364751655
2023_Las Vegas,Stint,0.0002468723508864328
2023_Las Vegas,TyreLife,0.0023111773953911237
2023_Las Vegas,Position,0.01457255406663599
2023_Las Vegas,AirTemp,0.001105714873958827
2023_Las Vegas,Humidity,0.0027148291967526226
2023_Las Vegas,Pressure,0.0019813054584521786
2023_Las Vegas,TrackTemp,0.0003045425856354535
2023_Las Vegas,WindDirection,0.0006468216842717143
2023_Las Vegas,WindSpeed,0.00021640412022757213
2023_Las Vegas,FuelLoad,0.004648657145845571
2023_Las Vegas,Track_Evolution,0.002276068009462623
2023_Las Vegas,Cumulative_Field_Dist_KM,0.0012831659796381637
2023_Las Vegas,Lap_Damage,0.0007211150148703624
2023_Las Vegas,LatOffset_Mean,3.9997882658214175e-05
2023_Las Vegas,Accumulated_Tyre_Wear,0.0002660578738655087
2023_Las Vegas,LatOffset_Std,0.0
2023_Las Vegas,Energy_Lap,8.80518956265494e-05
2023_Las Vegas,Gap_To_Car_Ahead,0.00024341471895837004
2023_Las Vegas,Dirty_Air_Fraction,1.4349942003494935e-05
2023_Las Vegas,Aero_Loss,1.672573984370425e-05
2023_Las Vegas,DRS_Fraction,0.0
2023_Las Vegas,Traction_1_5,0.00208628446842214
2023_Las Vegas,Asphalt_Grip_1_5,0.0
2023_Las Vegas,Asphalt_Abrasion_1_5,0.00988846836881182
2023_Las Vegas,Track_Evolution_1_5,0.0
2023_Las Vegas,Tyre_Stress_1_5,0.004779840124942997
2023_Las Vegas,Braking_1_5,0.0001411047438173809
2023_Las Vegas,Lateral_1_5,0.0
2023_Las Vegas,Downforce_1_5,0.0003243088057419235
2023_Las Vegas,Min_Pressure_Front_PSI,2.650280608358152e-05
2023_Las Vegas,Min_Pressure_Rear_PSI,0.0013318322777940094
2023_Las Vegas,Circuit_Length_KM,0.001503576880974448
2023_Las Vegas,Compound_Int,0.0
2023_Las Vegas,Wear_Severity_Index,0.0004842255987500439
2023_Las Vegas,Track_Flow_Type,0.00013448663456370203
2023_Las Vegas,Grip_Aero_Balance,0.0002109163100364817
2023_Las Vegas,Total_Min_Pressure,9.087983966253977e-05
2023_Las Vegas,Pressure_Delta,6.468269541075486e-05
2023_Las Vegas,Prev_LapTime,0.0005119954598836116
2023_Las Vegas,Lag_2,5.698218190758527e-05
2023_Las Vegas,Rolling_Avg_3,0.00012787674546728094
2023_Las Vegas,Prev_Delta,0.11930279928797129
2023_Las Vegas,Driver_Encoded,5.6684490419226586e-05
2023_Las Vegas,Location_Encoded,0.0008383071209076116
2023_Las Vegas,Team_Encoded,0.0
2023_Las Vegas,Mean_Apex_Speed_Ratio,0.00013036770081783366
2023_Las Vegas,Std_Apex_Speed_Ratio,0.00010079112913192167
2023_Las Vegas,Mean_Brake_Fraction,1.8765627572587793e-05
2023_Las Vegas,Std_Brake_Fraction,0.00017106409075696248
2023_Las Vegas,Mean_Brake_Point_Norm,0.00010607556099547784
2023_Las Vegas,Std_Brake_Point_Norm,7.993068631321904e-05
2023_Las Vegas,Mean_Throttle_On_Dist_Norm,0.0
2023_Las Vegas,Std_Throttle_On_Dist_Norm,0.0002785307927408919
2023_Las Vegas,Mean_Throttle_Integral_Norm,1.8307859198574493e-05
2023_Las Vegas,Std_Throttle_Integral_Norm,0.0
2023_Las Vegas,Mean_Speed_Variability,1.4210682025669805e-05
2023_Las Vegas,Std_Speed_Variability,0.0
2023_Las Vegas,P_0,7.474642659919951e-05
2023_Las Vegas,P_1,1.64349458019422e-05
2023_Las Vegas,P_2,0.00010876303857595327
2023_Las Vegas,Style_Cluster_ID,0.0
2023_Las Vegas,Style_Entropy,5.7047389340759513e-05
2023_Las Vegas,Year,0.0
2023_Las Vegas,Tyre_Compound_Interaction,0.001251978618547941
2023_Yas Island,LapNumber,0.005409474040656512
2023_Yas Island,Stint,0.0
2023_Yas Island,TyreLife,0.001722536701328849
2023_Yas Island,Position,0.020085394891103604
2023_Yas Island,AirTemp,0.0014174702130342314
2023_Yas Island,Humidity,0.003711989618375048
2023_Yas Island,Pressure,7.05552873525231e-05
2023_Yas Island,TrackTemp,0.0009082985717596099
2023_Yas Island,WindDirection,0.0005580199481899185
2023_Yas Island,WindSpeed,0.00017083932545693302
2023_Yas Island,FuelLoad,0.010395311410054939
2023_Yas Island,Track_Evolution,0.0017090973688210407
2023_Yas Island,Cumulative_Field_Dist_KM,0.0016254884238964273
2023_Yas Island,Lap_Damage,0.000672361372933885
2023_Yas Island,LatOffset_Mean,4.198998719869506e-05
2023_Yas Island,Accumulated_Tyre_Wear,0.0004902928732282151
2023_Yas Island,LatOffset_Std,0.0
2023_Yas Island,Energy_Lap,0.00014594371340858185
2023_Yas Island,Gap_To_Car_Ahead,5.6861264094246455e-05
2023_Yas Island,Dirty_Air_Fraction,0.0
2023_Yas Island,Aero_Loss,3.642889344113166e-05
2023_Yas Island,DRS_Fraction,0.0
2023_Yas Island,Traction_1_5,5.884992788503129e-05
2023_Yas Island,Asphalt_Grip_1_5,2.1758457325561664e-05
2023_Yas Island,Asphalt_Abrasion_1_5,0.009189825748280402
2023_Yas Island,Track_Evolution_1_5,5.633992507078499e-05
2023_Yas Island,Tyre_Stress_1_5,0.0025649208391606317
2023_Yas Island,Braking_1_5,0.0005029296461141191
2023_Yas Island,Lateral_1_5,0.0
2023_Yas Island,Downforce_1_5,4.469536540894449e-05
2023_Yas Island,Min_Pressure_Front_PSI,6.971631819504657e-05
2023_Yas Island,Min_Pressure_Rear_PSI,0.001079067068200036
2023_Yas Island,Circuit_Length_KM,0.0011127370926214803
2023_Yas Island,Compound_Int,0.0
2023_Yas Island,Wear_Severity_Index,5.655282998621606e-06
2023_Yas Island,Track_Flow_Type,0.00025069634700426285
2023_Yas Island,Grip_Aero_Balance,0.0003563702618080978
2023_Yas Island,Total_Min_Pressure,0.0006081650477491198
2023_Yas Island,Pressure_Delta,0.0002487092055596646
2023_Yas Island,Prev_LapTime,0.0008481453736088487
2023_Yas Island,Lag_2,0.00012001060817043511
2023_Yas Island,Rolling_Avg_3,3.332561696233582e-05
2023_Yas Island,Prev_Delta,0.08081415742462884
2023_Yas Island,Driver_Encoded,0.00010089257180821082
2023_Yas Island,Location_Encoded,0.0021884363425617713
2023_Yas Island,Team_Encoded,0.0
2023_Yas Island,Mean_Apex_Speed_Ratio,0.00013695596200736571
2023_Yas Island,Std_Apex_Speed_Ratio,7.194944296118766e-06
2023_Yas Island,Mean_Brake_Fraction,8.10653576978496e-05
2023_Yas Island,Std_Brake_Fraction,8.732787638657312e-05
2023_Yas Island,Mean_Brake_Point_Norm,0.0
2023_Yas Island,Std_Brake_Point_Norm,3.512073237231036e-05
2023_Yas Island,Mean_Throttle_On_Dist_Norm,1.973468279670775e-05
2023_Yas Island,Std_Throttle_On_Dist_Norm,0.0
2023_Yas Island,Mean_Throttle_Integral_Norm,0.0
2023_Yas Island,Std_Throttle_Integral_Norm,2.2212562528447885e-05
2023_Yas Island,Mean_Speed_Variability,4.820665609980898e-05
2023_Yas Island,Std_Speed_Variability,0.0
2023_Yas Island,P_0,3.0229847204567244e-05
2023_Yas Island,P_1,1.0349202343624e-05
2023_Yas Island,P_2,3.597918635778935e-05
2023_Yas Island,Style_Cluster_ID,0.0
2023_Yas Island,Style_Entropy,9.118232003596307e-05
2023_Yas Island,Year,0.0
2023_Yas Island,Tyre_Compound_Interaction,0.000999863494886348
2024_Sakhir,LapNumber,0.004043714501726277
2024_Sakhir,Stint,0.0
2024_Sakhir,TyreLife,0.0019384778897180667
2024_Sakhir,Position,0.01913818294155062
2024_Sakhir,AirTemp,0.00171381921764857
2024_Sakhir,Humidity,0.003925536345388197
2024_Sakhir,Pressure,0.00010906592210296403
2024_Sakhir,TrackTemp,0.0022712974778105895
2024_Sakhir,WindDirection,0.0010142689857522557
2024_Sakhir,WindSpeed,0.0008633145649567207
2024_Sakhir,FuelLoad,0.007400686337034454
2024_Sakhir,Track_Evolution,0.00199858051186209
2024_Sakhir,Cumulative_Field_Dist_KM,0.0027058059751083226
2024_Sakhir,Lap_Damage,0.0014851081873675327
2024_Sakhir,LatOffset_Mean,0.00015097382259571677
2024_Sakhir,Accumulated_Tyre_Wear,0.00023757326769032342
2024_Sakhir,LatOffset_Std,0.0
2024_Sakhir,Energy_Lap,0.000262961175514146
2024_Sakhir,Gap_To_Car_Ahead,0.00029371993054579646
2024_Sakhir,Dirty_Air_Fraction,0.0
2024_Sakhir,Aero_Loss,8.765842871894089e-05
2024_Sakhir,DRS_Fraction,0.0
2024_Sakhir,Traction_1_5,5.014352289050599e-05
2024_Sakhir,Asphalt_Grip_1_5,1.7892080662876143e-05
2024_Sakhir,Asphalt_Abrasion_1_5,0.023209403898325633
2024_Sakhir,Track_Evolution_1_5,0.0
2024_Sakhir,Tyre_Stress_1_5,0.0025593099333488002
2024_Sakhir,Braking_1_5,0.001722206168717651
2024_Sakhir,Lateral_1_5,0.0
2024_Sakhir,Downforce_1_5,0.00020468511369786617
2024_Sakhir,Min_Pressure_Front_PSI,8.154136679708229e-05
2024_Sakhir,Min_Pressure_Rear_PSI,0.0037458006581244626
2024_Sakhir,Circuit_Length_KM,0.0008338651631836898
2024_Sakhir,Compound_Int,0.0
2024_Sakhir,Wear_Severity_Index,3.2651062768211584e-05
2024_Sakhir,Track_Flow_Type,0.0005291998744709393
2024_Sakhir,Grip_Aero_Balance,0.00032284189396408986
2024_Sakhir,Total_Min_Pressure,0.0010282462228526524
2024_Sakhir,Pressure_Delta,0.00014567303959082443
2024_Sakhir,Prev_LapTime,0.0005335332090014963
2024_Sakhir,Lag_2,0.00023317672761704954
2024_Sakhir,Rolling_Avg_3,0.00014036343397595948
2024_Sakhir,Prev_Delta,0.0962118529974774
2024_Sakhir,Driver_Encoded,0.00029582602043002487
2024_Sakhir,Location_Encoded,0.00021403549115368248
2024_Sakhir,Team_Encoded,0.0
2024_Sakhir,Mean_Apex_Speed_Ratio,0.0002081641878335827
2024_Sakhir,Std_Apex_Speed_Ratio,0.0
2024_Sakhir,Mean_Brake_Fraction,6.684020894706172e-05
2024_Sakhir,Std_Brake_Fraction,0.00018035169264326467
2024_Sakhir,Mean_Brake_Point_Norm,0.0
2024_Sakhir,Std_Brake_Point_Norm,0.0
2024_Sakhir,Mean_Throttle_On_Dist_Norm,0.0
2024_Sakhir,Std_Throttle_On_Dist_Norm,8.199604866811583e-06
2024_Sakhir,Mean_Throttle_Integral_Norm,3.155516406397e-05
2024_Sakhir,Std_Throttle_Integral_Norm,1.179989519060438e-05
2024_Sakhir,Mean_Speed_Variability,7.662213958117907e-05
2024_Sakhir,Std_Speed_Variability,0.0
2024_Sakhir,P_0,0.00031622100450139133
2024_Sakhir,P_1,4.679350386893058e-05
2024_Sakhir,P_2,0.00012086317134456244
2024_Sakhir,Style_Cluster_ID,3.247496923962749e-05
2024_Sakhir,Style_Entropy,0.0
2024_Sakhir,Year,0.0
2024_Sakhir,Tyre_Compound_Interaction,0.0006368677640801709
2024_Jeddah,LapNumber,0.0034781445295357784
2024_Jeddah,Stint,0.0
2024_Jeddah,TyreLife,0.0022889933033513003
2024_Jeddah,Position,0.013852876917232504
2024_Jeddah,AirTemp,0.0011606351451857182
2024_Jeddah,Humidity,0.003483853644786935
2024_Jeddah,Pressure,0.0002269549397140154
2024_Jeddah,TrackTemp,0.00038578792431703937
2024_Jeddah,WindDirection,0.0006703927119389577
2024_Jeddah,WindSpeed,0.0
2024_Jeddah,FuelLoad,0.007987243428084753
2024_Jeddah,Track_Evolution,0.0007492294722071248
2024_Jeddah,Cumulative_Field_Dist_KM,0.0003290360654445709
2024_Jeddah,Lap_Damage,0.0010489676002495092
2024_Jeddah,LatOffset_Mean,1.4095326868077643e-05
2024_Jeddah,Accumulated_Tyre_Wear,0.0002775841601398655
2024_Jeddah,LatOffset_Std,0.0
2024_Jeddah,Energy_Lap,0.0013603371175526654
2024_Jeddah,Gap_To_Car_Ahead,0.000451772222343333
2024_Jeddah,Dirty_Air_Fraction,0.0
2024_Jeddah,Aero_Loss,4.99911863385203e-05
2024_Jeddah,DRS_Fraction,0.0
2024_Jeddah,Traction_1_5,0.0011090650642446007
2024_Jeddah,Asphalt_Grip_1_5,0.0
2024_Jeddah,Asphalt_Abrasion_1_5,0.012973573625566377
2024_Jeddah,Track_Evolution_1_5,0.0003418466547087624
2024_Jeddah,Tyre_Stress_1_5,0.002846055219339752
2024_Jeddah,Braking_1_5,0.0
2024_Jeddah,Lateral_1_5,0.0
2024_Jeddah,Downforce_1_5,0.0002736221056299903
2024_Jeddah,Min_Pressure_Front_PSI,4.996783289099353e-05
2024_Jeddah,Min_Pressure_Rear_PSI,0.0007340167614632972
2024_Jeddah,Circuit_Length_KM,0.0008567887865672584
2024_Jeddah,Compound_Int,0.0
2024_Jeddah,Wear_Severity_Index,5.876768163659854e-05
2024_Jeddah,Track_Flow_Type,0.0015632250687365504
2024_Jeddah,Grip_Aero_Balance,0.000148683908494079
2024_Jeddah,Total_Min_Pressure,0.00016211191694751032
2024_Jeddah,Pressure_Delta,7.064287811492099e-05
2024_Jeddah,Prev_LapTime,0.00046078185367977705
2024_Jeddah,Lag_2,0.00013112790448586637
2024_Jeddah,Rolling_Avg_3,0.0001603889419788543
2024_Jeddah,Prev_Delta,0.09396852211849652
2024_Jeddah,Driver_Encoded,2.9563993335275394e-05
2024_Jeddah,Location_Encoded,0.0002920218386557301
2024_Jeddah,Team_Encoded,0.0
2024_Jeddah,Mean_Apex_Speed_Ratio,0.0001601794329826572
2024_Jeddah,Std_Apex_Speed_Ratio,1.6039241448274413e-05
2024_Jeddah,Mean_Brake_Fraction,0.00014795312968328352
2024_Jeddah,Std_Brake_Fraction,0.00027474764566941734
2024_Jeddah,Mean_Brake_Point_Norm,1.9277843697551467e-05
2024_Jeddah,Std_Brake_Point_Norm,3.7398760532061757e-06
2024_Jeddah,Mean_Throttle_On_Dist_Norm,0.0
2024_Jeddah,Std_Throttle_On_Dist_Norm,0.0001209160016943954
2024_Jeddah,Mean_Throttle_Integral_Norm,0.0
2024_Jeddah,Std_Throttle_Integral_Norm,0.0
2024_Jeddah,Mean_Speed_Variability,0.00017948775937105224
2024_Jeddah,Std_Speed_Variability,0.0
2024_Jeddah,P_0,0.00011520600845012609
2024_Jeddah,P_1,6.289914143545821e-06
2024_Jeddah,P_2,0.00018039674550531274
2024_Jeddah,Style_Cluster_ID,0.0
2024_Jeddah,Style_Entropy,0.0
2024_Jeddah,Year,0.0
2024_Jeddah,Tyre_Compound_Interaction,0.0009850528207550689
2024_Melbourne,LapNumber,0.006360817990261051
2024_Melbourne,Stint,3.3504344525665514e-05
2024_Melbourne,TyreLife,0.0018304190680716631
2024_Melbourne,Position,0.013656032217144403
2024_Melbourne,AirTemp,0.0010129589661040817
2024_Melbourne,Humidity,0.0025166573448687033
2024_Melbourne,Pressure,0.0004284080769572574
2024_Melbourne,TrackTemp,0.0005250992113924071
2024_Melbourne,WindDirection,0.0004556676816462158
2024_Melbourne,WindSpeed,0.00015626306747682704
2024_Melbourne,FuelLoad,0.008473130615998218
2024_Melbourne,Track_Evolution,0.000832121950281957
2024_Melbourne,Cumulative_Field_Dist_KM,0.0007898842740167414
2024_Melbourne,Lap_Damage,0.0020159552423182577
2024_Melbourne,LatOffset_Mean,2.1416196358942174e-05
2024_Melbourne,Accumulated_Tyre_Wear,0.0005792505828471071
2024_Melbourne,LatOffset_Std,0.0
2024_Melbourne,Energy_Lap,0.0002165523548298767
2024_Melbourne,Gap_To_Car_Ahead,0.00011278703629910241
2024_Melbourne,Dirty_Air_Fraction,0.0
2024_Melbourne,Aero_Loss,0.00015520655897651497
2024_Melbourne,DRS_Fraction,0.0
2024_Melbourne,Traction_1_5,0.0005415365266003856
2024_Melbourne,Asphalt_Grip_1_5,2.5715063472975452e-05
2024_Melbourne,Asphalt_Abrasion_1_5,0.009566162596841002
2024_Melbourne,Track_Evolution_1_5,0.0
2024_Melbourne,Tyre_Stress_1_5,0.0028064347040735026
2024_Melbourne,Braking_1_5,4.991337973172364e-05
2024_Melbourne,Lateral_1_5,0.0
2024_Melbourne,Downforce_1_5,0.0006225861438037749
2024_Melbourne,Min_Pressure_Front_PSI,0.00016085253107530167
2024_Melbourne,Min_Pressure_Rear_PSI,0.0004924529684572065
2024_Melbourne,Circuit_Length_KM,0.0007040669896534785
2024_Melbourne,Compound_Int,0.0
2024_Melbourne,Wear_Severity_Index,0.00012446419321423695
2024_Melbourne,Track_Flow_Type,0.0003232595683330771
2024_Melbourne,Grip_Aero_Balance,0.0005133317319087014
2024_Melbourne,Total_Min_Pressure,0.0001578448380702446
2024_Melbourne,Pressure_Delta,0.0
2024_Melbourne,Prev_LapTime,0.002984303479479902
2024_Melbourne,Lag_2,3.684623400252999e-05
2024_Melbourne,Rolling_Avg_3,5.332030077630682e-05
2024_Melbourne,Prev_Delta,0.10567544704994779
2024_Melbourne,Driver_Encoded,0.0
2024_Melbourne,Location_Encoded,0.00022718234741194793
2024_Melbourne,Team_Encoded,0.0
2024_Melbourne,Mean_Apex_Speed_Ratio,0.00021863342120263248
2024_Melbourne,Std_Apex_Speed_Ratio,1.3718191011919077e-05
2024_Melbourne,Mean_Brake_Fraction,0.00011944152172535695
2024_Melbourne,Std_Brake_Fraction,0.00015790621628565058
2024_Melbourne,Mean_Brake_Point_Norm,1.6054607676214587e-05
2024_Melbourne,Std_Brake_Point_Norm,4.3909272356314e-06
2024_Melbourne,Mean_Throttle_On_Dist_Norm,1.744491262737618e-05
2024_Melbourne,Std_Throttle_On_Dist_Norm,0.00012981637971940017
2024_Melbourne,Mean_Throttle_Integral_Norm,0.0
2024_Melbourne,Std_Throttle_Integral_Norm,7.374645818363167e-05
2024_Melbourne,Mean_Speed_Variability,1.0707752933402738e-05
2024_Melbourne,Std_Speed_Variability,0.0
2024_Melbourne,P_0,1.894581424635366e-05
2024_Melbourne,P_1,4.879246874788999e-05
2024_Melbourne,P_2,0.00013583548069613432
2024_Melbourne,Style_Cluster_ID,0.0
2024_Melbourne,Style_Entropy,1.0574152962099654e-05
2024_Melbourne,Year,0.0
2024_Melbourne,Tyre_Compound_Interaction,0.0009806558396198818
2024_Suzuka,LapNumber,0.004566775339110845
2024_Suzuka,Stint,0.0
2024_Suzuka,TyreLife,0.002655396075220051
2024_Suzuka,Position,0.014669434950609617
2024_Suzuka,AirTemp,0.00112972320053715
2024_Suzuka,Humidity,0.004506909531848506
2024_Suzuka,Pressure,0.0002715273311655837
2024_Suzuka,TrackTemp,0.00039160699617313705
2024_Suzuka,WindDirection,0.0005619745110060266
2024_Suzuka,WindSpeed,0.00010611761939215184
2024_Suzuka,FuelLoad,0.010178627257228325
2024_Suzuka,Track_Evolution,0.0006936869768902561
2024_Suzuka,Cumulative_Field_Dist_KM,0.0009164601481292281
2024_Suzuka,Lap_Damage,0.0021707315845251114
2024_Suzuka,LatOffset_Mean,0.0
2024_Suzuka,Accumulated_Tyre_Wear,0.0003291367374575526
2024_Suzuka,LatOffset_Std,0.0
2024_Suzuka,Energy_Lap,0.0048327949927223085
2024_Suzuka,Gap_To_Car_Ahead,6.728610542469638e-05
2024_Suzuka,Dirty_Air_Fraction,0.0
2024_Suzuka,Aero_Loss,2.5118635740200052e-05
2024_Suzuka,DRS_Fraction,0.0
2024_Suzuka,Traction_1_5,7.911961186339665e-05
2024_Suzuka,Asphalt_Grip_1_5,0.0
2024_Suzuka,Asphalt_Abrasion_1_5,0.022416195466601892
2024_Suzuka,Track_Evolution_1_5,8.976626373877181e-05
2024_Suzuka,Tyre_Stress_1_5,0.0038319484195339848
2024_Suzuka,Braking_1_5,0.0
2024_Suzuka,Lateral_1_5,0.0
2024_Suzuka,Downforce_1_5,0.0003169250081373371
2024_Suzuka,Min_Pressure_Front_PSI,0.0
2024_Suzuka,Min_Pressure_Rear_PSI,0.0004820664635247855
2024_Suzuka,Circuit_Length_KM,0.0007543629879377256
2024_Suzuka,Compound_Int,0.0
2024_Suzuka,Wear_Severity_Index,0.0
2024_Suzuka,Track_Flow_Type,4.041490611800321e-05
2024_Suzuka,Grip_Aero_Balance,0.00047692857670365
2024_Suzuka,Total_Min_Pressure,0.00014552649715912774
2024_Suzuka,Pressure_Delta,0.0
2024_Suzuka,Prev_LapTime,0.0004814639455966054
2024_Suzuka,Lag_2,2.3926689248167662e-05
2024_Suzuka,Rolling_Avg_3,0.0001538108967387925
2024_Suzuka,Prev_Delta,0.127973544537443
2024_Suzuka,Driver_Encoded,0.00010769024798282929
2024_Suzuka,Location_Encoded,0.00038132029585470547
2024_Suzuka,Team_Encoded,0.0
2024_Suzuka,Mean_Apex_Speed_Ratio,0.00013604203080746951
2024_Suzuka,Std_Apex_Speed_Ratio,0.00012622399413944228
2024_Suzuka,Mean_Brake_Fraction,5.671610853424029e-05
2024_Suzuka,Std_Brake_Fraction,0.0001337517763764429
2024_Suzuka,Mean_Brake_Point_Norm,0.0
2024_Suzuka,Std_Brake_Point_Norm,3.720632702730034e-05
2024_Suzuka,Mean_Throttle_On_Dist_Norm,0.0
2024_Suzuka,Std_Throttle_On_Dist_Norm,0.0
2024_Suzuka,Mean_Throttle_Integral_Norm,9.383887700242006e-05
2024_Suzuka,Std_Throttle_Integral_Norm,4.1215498779147214e-05
2024_Suzuka,Mean_Speed_Variability,4.388356542713342e-05
2024_Suzuka,Std_Speed_Variability,0.0
2024_Suzuka,P_0,0.0
2024_Suzuka,P_1,6.201709695967258e-05
2024_Suzuka,P_2,3.0416439570589744e-05
2024_Suzuka,Style_Cluster_ID,0.0
2024_Suzuka,Style_Entropy,7.009205602420596e-05
2024_Suzuka,Year,0.0
2024_Suzuka,Tyre_Compound_Interaction,0.000771246021351104
2024_Shanghai,LapNumber,0.0047575702050582135
2024_Shanghai,Stint,0.0
2024_Shanghai,TyreLife,0.0023898108062215474
2024_Shanghai,Position,0.017635237220341934
2024_Shanghai,AirTemp,0.0010858327182454949
2024_Shanghai,Humidity,0.0063791076851414195
2024_Shanghai,Pressure,0.0001962507234453858
2024_Shanghai,TrackTemp,0.0006738680271146052
2024_Shanghai,WindDirection,0.0002704848582135145
2024_Shanghai,WindSpeed,2.849116501650659e-05
2024_Shanghai,FuelLoad,0.005292048990676047
2024_Shanghai,Track_Evolution,0.004814109335238967
2024_Shanghai,Cumulative_Field_Dist_KM,0.0032956093150930577
2024_Shanghai,Lap_Damage,0.001576783565774572
2024_Shanghai,LatOffset_Mean,3.8451819942973213e-05
2024_Shanghai,Accumulated_Tyre_Wear,0.0003732550289564887
2024_Shanghai,LatOffset_Std,0.0
2024_Shanghai,Energy_Lap,0.0021212388367525224
2024_Shanghai,Gap_To_Car_Ahead,3.4710978476487177e-05
2024_Shanghai,Dirty_Air_Fraction,0.0
2024_Shanghai,Aero_Loss,0.0
2024_Shanghai,DRS_Fraction,0.0
2024_Shanghai,Traction_1_5,5.942496064679388e-05
2024_Shanghai,Asphalt_Grip_1_5,0.0
2024_Shanghai,Asphalt_Abrasion_1_5,0.020130809604344494
2024_Shanghai,Track_Evolution_1_5,0.00015808088197898342
2024_Shanghai,Tyre_Stress_1_5,0.002953373170169761
2024_Shanghai,Braking_1_5,0.0
2024_Shanghai,Lateral_1_5,0.0
2024_Shanghai,Downforce_1_5,0.001124837859395556
2024_Shanghai,Min_Pressure_Front_PSI,0.0
2024_Shanghai,Min_Pressure_Rear_PSI,0.00024403521177274846
2024_Shanghai,Circuit_Length_KM,0.003786980273122122
2024_Shanghai,Compound_Int,0.0
2024_Shanghai,Wear_Severity_Index,0.0
2024_Shanghai,Track_Flow_Type,4.478536785029608e-05
2024_Shanghai,Grip_Aero_Balance,0.0002525735052873483
2024_Shanghai,Total_Min_Pressure,7.473570507955527e-05
2024_Shanghai,Pressure_Delta,0.0
2024_Shanghai,Prev_LapTime,0.0006041764135780438
2024_Shanghai,Lag_2,3.510341971587731e-05
2024_Shanghai,Rolling_Avg_3,0.00020645859411471974
2024_Shanghai,Prev_Delta,0.06981590929153954
2024_Shanghai,Driver_Encoded,2.9874403921558594e-05
2024_Shanghai,Location_Encoded,0.00022754271317585101
2024_Shanghai,Team_Encoded,0.0
2024_Shanghai,Mean_Apex_Speed_Ratio,5.745696337025758e-05
2024_Shanghai,Std_Apex_Speed_Ratio,0.0001975641743464307
2024_Shanghai,Mean_Brake_Fraction,7.896261827906868e-05
2024_Shanghai,Std_Brake_Fraction,4.85639615149716e-05
2024_Shanghai,Mean_Brake_Point_Norm,7.269018788264423e-05
2024_Shanghai,Std_Brake_Point_Norm,2.1245985876034253e-05
2024_Shanghai,Mean_Throttle_On_Dist_Norm,0.0
2024_Shanghai,Std_Throttle_On_Dist_Norm,0.0
2024_Shanghai,Mean_Throttle_Integral_Norm,0.0
2024_Shanghai,Std_Throttle_Integral_Norm,0.0
2024_Shanghai,Mean_Speed_Variability,0.00016547253479443845
2024_Shanghai,Std_Speed_Variability,0.0
2024_Shanghai,P_0,1.6431923149531392e-05
2024_Shanghai,P_1,9.706935831316193e-06
2024_Shanghai,P_2,5.578452441021478e-05
2024_Shanghai,Style_Cluster_ID,0.0
2024_Shanghai,Style_Entropy,2.0266187533285107e-05
2024_Shanghai,Year,0.0
2024_Shanghai,Tyre_Compound_Interaction,0.000825681759584317
2024_Miami,LapNumber,0.006075761402396082
2024_Miami,Stint,0.0
2024_Miami,TyreLife,0.0020996276539989793
2024_Miami,Position,0.01524094372713711
2024_Miami,AirTemp,0.001731512887024294
2024_Miami,Humidity,0.004876689336862134
2024_Miami,Pressure,4.0371939548461605e-05
2024_Miami,TrackTemp,0.0003629296201582741
2024_Miami,WindDirection,0.00023596145764842057
2024_Miami,WindSpeed,8.26079136864033e-05
2024_Miami,FuelLoad,0.008954674119885769
2024_Miami,Track_Evolution,0.001032189517522055
2024_Miami,Cumulative_Field_Dist_KM,0.002385829844762311
2024_Miami,Lap_Damage,0.002162090829965194
2024_Miami,LatOffset_Mean,1.793699566673111e-05
2024_Miami,Accumulated_Tyre_Wear,0.00040954506202047424
2024_Miami,LatOffset_Std,0.0
2024_Miami,Energy_Lap,0.00028208914955865324
2024_Miami,Gap_To_Car_Ahead,6.70591436461202e-05
2024_Miami,Dirty_Air_Fraction,0.0
2024_Miami,Aero_Loss,1.7559419703480726e-05
2024_Miami,DRS_Fraction,3.264306203018528e-06
2024_Miami,Traction_1_5,3.576376592560387e-05
2024_Miami,Asphalt_Grip_1_5,0.0
2024_Miami,Asphalt_Abrasion_1_5,0.011140266664703134
2024_Miami,Track_Evolution_1_5,0.0
2024_Miami,Tyre_Stress_1_5,0.0019873905958014636
2024_Miami,Braking_1_5,0.0
2024_Miami,Lateral_1_5,0.0
2024_Miami,Downforce_1_5,0.0025861145845964603
2024_Miami,Min_Pressure_Front_PSI,0.0
2024_Miami,Min_Pressure_Rear_PSI,0.00044922562382629464
2024_Miami,Circuit_Length_KM,0.00022292692957880247
2024_Miami,Compound_Int,5.3049258594700686e-05
2024_Miami,Wear_Severity_Index,0.0
2024_Miami,Track_Flow_Type,5.39407591669504e-05
2024_Miami,Grip_Aero_Balance,9.615572457906842e-05
2024_Miami,Total_Min_Pressure,0.00019462104912627357
2024_Miami,Pressure_Delta,0.0
2024_Miami,Prev_LapTime,0.0012449723607137564
2024_Miami,Lag_2,9.79189885722983e-05
2024_Miami,Rolling_Avg_3,4.732565172021741e-05
2024_Miami,Prev_Delta,0.07751980698474853
2024_Miami,Driver_Encoded,3.600328933001344e-05
2024_Miami,Location_Encoded,0.00018559450409848854
2024_Miami,Team_Encoded,0.0
2024_Miami,Mean_Apex_Speed_Ratio,6.517627135836529e-05
2024_Miami,Std_Apex_Speed_Ratio,0.00018182353829408784
2024_Miami,Mean_Brake_Fraction,5.147977516784465e-05
2024_Miami,Std_Brake_Fraction,8.877697977052951e-05
2024_Miami,Mean_Brake_Point_Norm,1.7793168464498276e-05
2024_Miami,Std_Brake_Point_Norm,1.6636394554317526e-05
2024_Miami,Mean_Throttle_On_Dist_Norm,0.0
2024_Miami,Std_Throttle_On_Dist_Norm,4.187514969641702e-06
2024_Miami,Mean_Throttle_Integral_Norm,0.0
2024_Miami,Std_Throttle_Integral_Norm,2.3323265596588163e-05
2024_Miami,Mean_Speed_Variability,3.8338572628880055e-05
2024_Miami,Std_Speed_Variability,0.0
2024_Miami,P_0,1.2953316859894118e-05
2024_Miami,P_1,3.111761012704337e-05
2024_Miami,P_2,0.0
2024_Miami,Style_Cluster_ID,0.0
2024_Miami,Style_Entropy,6.836059543497628e-05
2024_Miami,Year,0.0
2024_Miami,Tyre_Compound_Interaction,0.0008782391286589173
2024_Imola,LapNumber,0.00787732220342664
2024_Imola,Stint,0.0
2024_Imola,TyreLife,0.004169024901838556
2024_Imola,Position,0.017418213431839965
2024_Imola,AirTemp,0.0008752142004516595
2024_Imola,Humidity,0.005305508224077508
2024_Imola,Pressure,0.00018226601023087327
2024_Imola,TrackTemp,0.00027246756062940806
2024_Imola,WindDirection,0.0005081886979127869
2024_Imola,WindSpeed,8.670453545339165e-06
2024_Imola,FuelLoad,0.007205816620508645
2024_Imola,Track_Evolution,0.0003699684522878753
2024_Imola,Cumulative_Field_Dist_KM,0.002015531964915515
2024_Imola,Lap_Damage,0.0024705903178622404
2024_Imola,LatOffset_Mean,7.165974087326618e-05
2024_Imola,Accumulated_Tyre_Wear,0.0002865362801615274
2024_Imola,LatOffset_Std,0.0
2024_Imola,Energy_Lap,0.0003039139908786108
2024_Imola,Gap_To_Car_Ahead,0.00021298174874931832
2024_Imola,Dirty_Air_Fraction,0.0
2024_Imola,Aero_Loss,5.685406270207962e-05
2024_Imola,DRS_Fraction,0.0
2024_Imola,Traction_1_5,0.0007594191618340266
2024_Imola,Asphalt_Grip_1_5,0.0
2024_Imola,Asphalt_Abrasion_1_5,0.008288920096040476
2024_Imola,Track_Evolution_1_5,0.0
2024_Imola,Tyre_Stress_1_5,0.002367209041810063
2024_Imola,Braking_1_5,0.0
2024_Imola,Lateral_1_5,0.0
2024_Imola,Downforce_1_5,0.0012372441541699882
2024_Imola,Min_Pressure_Front_PSI,3.7325634898438896e-05
2024_Imola,Min_Pressure_Rear_PSI,0.0006243756346996171
2024_Imola,Circuit_Length_KM,0.00039744633310704756
2024_Imola,Compound_Int,0.0
2024_Imola,Wear_Severity_Index,0.00010381154274157239
2024_Imola,Track_Flow_Type,0.000120036550723206
2024_Imola,Grip_Aero_Balance,0.00038504367500712003
2024_Imola,Total_Min_Pressure,7.871908646739068e-05
2024_Imola,Pressure_Delta,0.0
2024_Imola,Prev_LapTime,0.0034909603223604643
2024_Imola,Lag_2,5.2246454891257137e-05
2024_Imola,Rolling_Avg_3,0.00010871007227186095
2024_Imola,Prev_Delta,0.10183628357701507
2024_Imola,Driver_Encoded,0.0
2024_Imola,Location_Encoded,0.0007211177337863245
2024_Imola,Team_Encoded,0.0
2024_Imola,Mean_Apex_Speed_Ratio,2.9026761847745066e-05
2024_Imola,Std_Apex_Speed_Ratio,0.0001167511197659033
2024_Imola,Mean_Brake_Fraction,6.06519260787212e-05
2024_Imola,Std_Brake_Fraction,0.0001589552984338347
2024_Imola,Mean_Brake_Point_Norm,1.0794135029201076e-05
2024_Imola,Std_Brake_Point_Norm,1.2395518533115692e-05
2024_Imola,Mean_Throttle_On_Dist_Norm,0.0
2024_Imola,Std_Throttle_On_Dist_Norm,5.856021272876188e-05
2024_Imola,Mean_Throttle_Integral_Norm,1.891802584740912e-05
2024_Imola,Std_Throttle_Integral_Norm,0.0
2024_Imola,Mean_Speed_Variability,2.3020442804952976e-05
2024_Imola,Std_Speed_Variability,5.713299915212396e-05
2024_Imola,P_0,0.0
2024_Imola,P_1,0.00015383349023399397
2024_Imola,P_2,1.5640561558693307e-05
2024_Imola,Style_Cluster_ID,0.0
2024_Imola,Style_Entropy,0.0
2024_Imola,Year,0.0
2024_Imola,Tyre_Compound_Interaction,0.004836195872302059
2024_Monaco,LapNumber,0.014051955647842819
2024_Monaco,Stint,0.0
2024_Monaco,TyreLife,0.10107302897040225
2024_Monaco,Position,0.013985333182707902
2024_Monaco,AirTemp,0.0004674569751916395
2024_Monaco,Humidity,0.009361770044485709
2024_Monaco,Pressure,5.2841941455658316e-05
2024_Monaco,TrackTemp,0.0008692662765581706
2024_Monaco,WindDirection,0.00040841731740865286
2024_Monaco,WindSpeed,0.00017249150127972269
2024_Monaco,FuelLoad,0.004988605604673767
2024_Monaco,Track_Evolution,0.004569688765220828
2024_Monaco,Cumulative_Field_Dist_KM,0.0012355461339496458
2024_Monaco,Lap_Damage,0.008639292926974008
2024_Monaco,LatOffset_Mean,7.013234478977654e-05
2024_Monaco,Accumulated_Tyre_Wear,0.0031488845410028547
2024_Monaco,LatOffset_Std,0.0
2024_Monaco,Energy_Lap,0.0002711122157107734
2024_Monaco,Gap_To_Car_Ahead,0.00011353869699114648
2024_Monaco,Dirty_Air_Fraction,4.6243140684689976e-05
2024_Monaco,Aero_Loss,3.372216741552307e-05
2024_Monaco,DRS_Fraction,6.438590589164958e-06
2024_Monaco,Traction_1_5,2.8238022572415206e-05
2024_Monaco,Asphalt_Grip_1_5,0.0
2024_Monaco,Asphalt_Abrasion_1_5,0.007446735227893978
2024_Monaco,Track_Evolution_1_5,0.0
2024_Monaco,Tyre_Stress_1_5,0.08269607405554302
2024_Monaco,Braking_1_5,0.0
2024_Monaco,Lateral_1_5,0.002287440834674871
2024_Monaco,Downforce_1_5,0.0012268860750820265
2024_Monaco,Min_Pressure_Front_PSI,0.0
2024_Monaco,Min_Pressure_Rear_PSI,0.002811800612703007
2024_Monaco,Circuit_Length_KM,0.013794610898581005
2024_Monaco,Compound_Int,0.0
2024_Monaco,Wear_Severity_Index,0.0014151171063142313
2024_Monaco,Track_Flow_Type,0.00041313733151980976
2024_Monaco,Grip_Aero_Balance,0.006895273243533169
2024_Monaco,Total_Min_Pressure,0.001365600924157673
2024_Monaco,Pressure_Delta,0.0
2024_Monaco,Prev_LapTime,0.003398528546735921
2024_Monaco,Lag_2,0.00025957276351433554
2024_Monaco,Rolling_Avg_3,0.00012694902414847424
2024_Monaco,Prev_Delta,0.05220763603329272
2024_Monaco,Driver_Encoded,2.5644974842716936e-05
2024_Monaco,Location_Encoded,0.00013984163467878932
2024_Monaco,Team_Encoded,0.0
2024_Monaco,Mean_Apex_Speed_Ratio,0.00020607054121997962
2024_Monaco,Std_Apex_Speed_Ratio,0.00030967569684017744
2024_Monaco,Mean_Brake_Fraction,0.0013152035495937694
2024_Monaco,Std_Brake_Fraction,0.0019104128447408803
2024_Monaco,Mean_Brake_Point_Norm,0.0009091917698045547
2024_Monaco,Std_Brake_Point_Norm,3.175550840925538e-05
2024_Monaco,Mean_Throttle_On_Dist_Norm,0.0
2024_Monaco,Std_Throttle_On_Dist_Norm,1.4295864246574414e-05
2024_Monaco,Mean_Throttle_Integral_Norm,0.00020665286177231693
2024_Monaco,Std_Throttle_Integral_Norm,0.0
2024_Monaco,Mean_Speed_Variability,0.00028777656867428524
2024_Monaco,Std_Speed_Variability,0.0
2024_Monaco,P_0,0.0
2024_Monaco,P_1,0.0
2024_Monaco,P_2,0.0
2024_Monaco,Style_Cluster_ID,0.0
2024_Monaco,Style_Entropy,1.4106957050005167e-05
2024_Monaco,Year,0.0
2024_Monaco,Tyre_Compound_Interaction,0.02218199549542421
2024_Spielberg,LapNumber,0.012462915861221915
2024_Spielberg,Stint,9.839962242623269e-06
2024_Spielberg,TyreLife,0.0017656758228244967
2024_Spielberg,Position,0.020770218564751457
2024_Spielberg,AirTemp,0.00044488617015086727
2024_Spielberg,Humidity,0.01494727954890637
2024_Spielberg,Pressure,0.00021653858010583604
2024_Spielberg,TrackTemp,0.002397384184372755
2024_Spielberg,WindDirection,0.00013645761310126343
2024_Spielberg,WindSpeed,8.223051656983104e-05
2024_Spielberg,FuelLoad,0.0022364528188575836
2024_Spielberg,Track_Evolution,0.0006203794171839285
2024_Spielberg,Cumulative_Field_Dist_KM,0.0030619589666814303
2024_Spielberg,Lap_Damage,0.0025457379807544344
2024_Spielberg,LatOffset_Mean,9.648695356429495e-05
2024_Spielberg,Accumulated_Tyre_Wear,0.0004932994781545741
2024_Spielberg,LatOffset_Std,5.57750429719769e-05
2024_Spielberg,Energy_Lap,0.0003763712359519615
2024_Spielberg,Gap_To_Car_Ahead,0.0005039772458461029
2024_Spielberg,Dirty_Air_Fraction,5.7815094284984735e-05
2024_Spielberg,Aero_Loss,0.00013967450052586823
2024_Spielberg,DRS_Fraction,0.00012759482061061312
2024_Spielberg,Traction_1_5,6.056679504791988e-05
2024_Spielberg,Asphalt_Grip_1_5,0.0
2024_Spielberg,Asphalt_Abrasion_1_5,0.009643570418570833
2024_Spielberg,Track_Evolution_1_5,0.0002667673514736391
2024_Spielberg,Tyre_Stress_1_5,0.00039612261162128243
2024_Spielberg,Braking_1_5,0.0
2024_Spielberg,Lateral_1_5,0.0
2024_Spielberg,Downforce_1_5,0.0012858181447646488
2024_Spielberg,Min_Pressure_Front_PSI,0.0
2024_Spielberg,Min_Pressure_Rear_PSI,0.0003100044242429559
2024_Spielberg,Circuit_Length_KM,0.00015783081016305781
2024_Spielberg,Compound_Int,8.496736024037892e-06
2024_Spielberg,Wear_Severity_Index,0.008824449309295556
2024_Spielberg,Track_Flow_Type,0.00028664122032092266
2024_Spielberg,Grip_Aero_Balance,0.00028663038624597814
2024_Spielberg,Total_Min_Pressure,5.7365432381022015e-05
2024_Spielberg,Pressure_Delta,0.0
2024_Spielberg,Prev_LapTime,0.017376337829318488
2024_Spielberg,Lag_2,0.0026442874659162847
2024_Spielberg,Rolling_Avg_3,0.0012977146577045926
2024_Spielberg,Prev_Delta,0.08711983000577819
2024_Spielberg,Driver_Encoded,0.00018418626420890318
2024_Spielberg,Location_Encoded,0.0007377860046042075
2024_Spielberg,Team_Encoded,0.0
2024_Spielberg,Mean_Apex_Speed_Ratio,0.00019389376868715456
2024_Spielberg,Std_Apex_Speed_Ratio,0.00024054657576160987
2024_Spielberg,Mean_Brake_Fraction,8.99866617070913e-05
2024_Spielberg,Std_Brake_Fraction,7.944691271634059e-05
2024_Spielberg,Mean_Brake_Point_Norm,0.00035657198885011765
2024_Spielberg,Std_Brake_Point_Norm,0.00010904242350504686
2024_Spielberg,Mean_Throttle_On_Dist_Norm,0.0
2024_Spielberg,Std_Throttle_On_Dist_Norm,3.952280659637648e-05
2024_Spielberg,Mean_Throttle_Integral_Norm,0.00043880152418962335
2024_Spielberg,Std_Throttle_Integral_Norm,0.00031407379515943954
2024_Spielberg,Mean_Speed_Variability,6.112638662219352e-06
2024_Spielberg,Std_Speed_Variability,0.00026837887658306855
2024_Spielberg,P_0,0.0
2024_Spielberg,P_1,0.0005803242973569131
2024_Spielberg,P_2,6.066183532876024e-05
2024_Spielberg,Style_Cluster_ID,0.0
2024_Spielberg,Style_Entropy,0.00025653936189819036
2024_Spielberg,Year,0.0
2024_Spielberg,Tyre_Compound_Interaction,0.0003053004109969692
2024_Silverstone,LapNumber,0.004909395369265498
2024_Silverstone,Stint,0.0006248517820976967
2024_Silverstone,TyreLife,0.0013531357864398398
2024_Silverstone,Position,0.01566896498364655
2024_Silverstone,AirTemp,0.0005070451559947333
2024_Silverstone,Humidity,0.012292619040262846
2024_Silverstone,Pressure,0.00013198454226366632
2024_Silverstone,TrackTemp,0.0025424462038903923
2024_Silverstone,WindDirection,4.452593620586828e-05
2024_Silverstone,WindSpeed,1.2948953519641586e-05
2024_Silverstone,FuelLoad,0.0009084715746387253
2024_Silverstone,Track_Evolution,0.000712068190293671
2024_Silverstone,Cumulative_Field_Dist_KM,0.004469177725355405
2024_Silverstone,Lap_Damage,0.0017868480487386131
2024_Silverstone,LatOffset_Mean,9.028493075040285e-05
2024_Silverstone,Accumulated_Tyre_Wear,0.0003407113796949726
2024_Silverstone,LatOffset_Std,0.0001242252671282887
2024_Silverstone,Energy_Lap,0.0019993468993388767
2024_Silverstone,Gap_To_Car_Ahead,0.00018445798133575602
2024_Silverstone,Dirty_Air_Fraction,0.0
2024_Silverstone,Aero_Loss,0.00016115424798990993
2024_Silverstone,DRS_Fraction,2.0036048345665334e-05
2024_Silverstone,Traction_1_5,0.00019405531978294597
2024_Silverstone,Asphalt_Grip_1_5,0.0
2024_Silverstone,Asphalt_Abrasion_1_5,0.009780954513383091
2024_Silverstone,Track_Evolution_1_5,0.0002734344818098666
2024_Silverstone,Tyre_Stress_1_5,0.0003979454650759962
2024_Silverstone,Braking_1_5,0.0
2024_Silverstone,Lateral_1_5,3.577011170028557e-05
2024_Silverstone,Downforce_1_5,0.001084739564021385
2024_Silverstone,Min_Pressure_Front_PSI,0.0
2024_Silverstone,Min_Pressure_Rear_PSI,0.0002737087651944956
2024_Silverstone,Circuit_Length_KM,5.138085574882381e-05
2024_Silverstone,Compound_Int,2.006397953226394e-05
2024_Silverstone,Wear_Severity_Index,0.0005847728478000427
2024_Silverstone,Track_Flow_Type,0.0
2024_Silverstone,Grip_Aero_Balance,0.00030375280545530414
2024_Silverstone,Total_Min_Pressure,5.016347384798916e-05
2024_Silverstone,Pressure_Delta,0.0
2024_Silverstone,Prev_LapTime,0.0021148985133507005
2024_Silverstone,Lag_2,0.0006260238650113131
2024_Silverstone,Rolling_Avg_3,0.00010108384079579853
2024_Silverstone,Prev_Delta,0.08218298656123343
2024_Silverstone,Driver_Encoded,0.00010708742275991628
2024_Silverstone,Location_Encoded,0.0001431566493087096
2024_Silverstone,Team_Encoded,0.0
2024_Silverstone,Mean_Apex_Speed_Ratio,5.918821680507263e-05
2024_Silverstone,Std_Apex_Speed_Ratio,0.000322696692989643
2024_Silverstone,Mean_Brake_Fraction,4.004493749846982e-05
2024_Silverstone,Std_Brake_Fraction,6.808209130514089e-05
2024_Silverstone,Mean_Brake_Point_Norm,0.00023199950952343935
2024_Silverstone,Std_Brake_Point_Norm,1.528325830412636e-05
2024_Silverstone,Mean_Throttle_On_Dist_Norm,0.0
2024_Silverstone,Std_Throttle_On_Dist_Norm,0.00012906996098226465
2024_Silverstone,Mean_Throttle_Integral_Norm,4.211732405640928e-05
2024_Silverstone,Std_Throttle_Integral_Norm,2.4421765992182896e-05
2024_Silverstone,Mean_Speed_Variability,1.7704455682302142e-05
2024_Silverstone,Std_Speed_Variability,9.63547566356381e-05
2024_Silverstone,P_0,3.097715078847463e-05
2024_Silverstone,P_1,0.0004401019189698057
2024_Silverstone,P_2,0.00013756476127698968
2024_Silverstone,Style_Cluster_ID,0.0
2024_Silverstone,Style_Entropy,0.0002140255006792098
2024_Silverstone,Year,0.0
2024_Silverstone,Tyre_Compound_Interaction,0.00024310884533998997
2024_Budapest,LapNumber,0.010700797722030163
2024_Budapest,Stint,0.00016320599555156426
2024_Budapest,TyreLife,0.0016632391212179265
2024_Budapest,Position,0.01907059002883525
2024_Budapest,AirTemp,0.0004258503312778573
2024_Budapest,Humidity,0.011986672969242263
2024_Budapest,Pressure,0.00014338684006513972
2024_Budapest,TrackTemp,0.002026942204032044
2024_Budapest,WindDirection,3.850375449307448e-05
2024_Budapest,WindSpeed,0.00019124578596485498
2024_Budapest,FuelLoad,0.0039048303286274293
2024_Budapest,Track_Evolution,0.0015597763723989187
2024_Budapest,Cumulative_Field_Dist_KM,0.004524874587605937
2024_Budapest,Lap_Damage,0.0035718160003963585
2024_Budapest,LatOffset_Mean,0.00018146033397363197
2024_Budapest,Accumulated_Tyre_Wear,0.0006213304176272593
2024_Budapest,LatOffset_Std,0.0
2024_Budapest,Energy_Lap,0.0005832200461079084
2024_Budapest,Gap_To_Car_Ahead,0.0005572572948228127
2024_Budapest,Dirty_Air_Fraction,0.0
2024_Budapest,Aero_Loss,8.263941409718522e-05
2024_Budapest,DRS_Fraction,0.0
2024_Budapest,Traction_1_5,0.00016712585378512535
2024_Budapest,Asphalt_Grip_1_5,5.245623636665502e-06
2024_Budapest,Asphalt_Abrasion_1_5,0.005471364402962083
2024_Budapest,Track_Evolution_1_5,0.0003768649237456197
2024_Budapest,Tyre_Stress_1_5,0.0017114450850231808
2024_Budapest,Braking_1_5,1.474758853886518e-05
2024_Budapest,Lateral_1_5,6.1337042830339014e-06
2024_Budapest,Downforce_1_5,0.0017490369532447048
2024_Budapest,Min_Pressure_Front_PSI,0.0
2024_Budapest,Min_Pressure_Rear_PSI,0.00031458732282925645
2024_Budapest,Circuit_Length_KM,0.0003537161985349821
2024_Budapest,Compound_Int,0.0
2024_Budapest,Wear_Severity_Index,0.0009872619186144147
2024_Budapest,Track_Flow_Type,0.0
2024_Budapest,Grip_Aero_Balance,0.00042927480044540055
2024_Budapest,Total_Min_Pressure,0.00016524477883862176
2024_Budapest,Pressure_Delta,0.0
2024_Budapest,Prev_LapTime,0.0011578874509766313
2024_Budapest,Lag_2,0.0004360995357397462
2024_Budapest,Rolling_Avg_3,0.00022960910214427807
2024_Budapest,Prev_Delta,0.11520715128036522
2024_Budapest,Driver_Encoded,0.00033146885616759983
2024_Budapest,Location_Encoded,0.0016940595851139802
2024_Budapest,Team_Encoded,0.0
2024_Budapest,Mean_Apex_Speed_Ratio,0.0001977522591959071
2024_Budapest,Std_Apex_Speed_Ratio,0.000416563199008771
2024_Budapest,Mean_Brake_Fraction,0.00014076454613211445
2024_Budapest,Std_Brake_Fraction,0.0006913817304596225
2024_Budapest,Mean_Brake_Point_Norm,0.0004616866336510606
2024_Budapest,Std_Brake_Point_Norm,0.0
2024_Budapest,Mean_Throttle_On_Dist_Norm,0.0
2024_Budapest,Std_Throttle_On_Dist_Norm,0.00019048706360316455
2024_Budapest,Mean_Throttle_Integral_Norm,0.00023039097624099562
2024_Budapest,Std_Throttle_Integral_Norm,6.524539714307064e-05
2024_Budapest,Mean_Speed_Variability,5.9017937367234925e-06
2024_Budapest,Std_Speed_Variability,0.00022845337363241208
2024_Budapest,P_0,6.415849622023312e-06
2024_Budapest,P_1,0.000585518755117852
2024_Budapest,P_2,0.00014646479022179364
2024_Budapest,Style_Cluster_ID,0.0
2024_Budapest,Style_Entropy,0.0001278597452521012
2024_Budapest,Year,0.0
2024_Budapest,Tyre_Compound_Interaction,0.00031539952726376873
2024_Spa-Francorchamps,LapNumber,0.007074435187111293
2024_Spa-Francorchamps,Stint,0.00017471853413349173
2024_Spa-Francorchamps,TyreLife,0.000775537241868448
2024_Spa-Francorchamps,Position,0.01595899552466782
2024_Spa-Francorchamps,AirTemp,0.0005547631268868866
2024_Spa-Francorchamps,Humidity,0.009074770122313329
2024_Spa-Francorchamps,Pressure,0.00013934972457468618
2024_Spa-Francorchamps,TrackTemp,0.0010775042100664195
2024_Spa-Francorchamps,WindDirection,0.0004411223357351829
2024_Spa-Francorchamps,WindSpeed,0.00010914525207150457
2024_Spa-Francorchamps,FuelLoad,0.00649099541924281
2024_Spa-Francorchamps,Track_Evolution,0.0009767095015406717
2024_Spa-Francorchamps,Cumulative_Field_Dist_KM,0.005664789813257052
2024_Spa-Francorchamps,Lap_Damage,0.008885434978627788
2024_Spa-Francorchamps,LatOffset_Mean,0.00017683234590660572
2024_Spa-Francorchamps,Accumulated_Tyre_Wear,0.001308246713955283
2024_Spa-Francorchamps,LatOffset_Std,8.408788728938432e-05
2024_Spa-Francorchamps,Energy_Lap,0.0029700970289425416
2024_Spa-Francorchamps,Gap_To_Car_Ahead,0.0006536775855318625
2024_Spa-Francorchamps,Dirty_Air_Fraction,1.48871633523761e-05
2024_Spa-Francorchamps,Aero_Loss,5.545477264536557e-05
2024_Spa-Francorchamps,DRS_Fraction,1.356702692845665e-05
2024_Spa-Francorchamps,Traction_1_5,0.0001266351510432196
2024_Spa-Francorchamps,Asphalt_Grip_1_5,0.0
2024_Spa-Francorchamps,Asphalt_Abrasion_1_5,0.013391920131317837
2024_Spa-Francorchamps,Track_Evolution_1_5,0.00045944654449454425
2024_Spa-Francorchamps,Tyre_Stress_1_5,0.00027440283993774276
2024_Spa-Francorchamps,Braking_1_5,1.3104585169980118e-05
2024_Spa-Francorchamps,Lateral_1_5,0.0006208431402852751
2024_Spa-Francorchamps,Downforce_1_5,0.0036953692383175567
2024_Spa-Francorchamps,Min_Pressure_Front_PSI,0.0
2024_Spa-Francorchamps,Min_Pressure_Rear_PSI,0.010902433334725594
2024_Spa-Francorchamps,Circuit_Length_KM,0.00010872947727346696
2024_Spa-Francorchamps,Compound_Int,0.0
2024_Spa-Francorchamps,Wear_Severity_Index,0.0004971743757520458
2024_Spa-Francorchamps,Track_Flow_Type,0.0
2024_Spa-Francorchamps,Grip_Aero_Balance,0.0002391394944289184
2024_Spa-Francorchamps,Total_Min_Pressure,6.131965819821385e-05
2024_Spa-Francorchamps,Pressure_Delta,0.0004227362276956153
2024_Spa-Francorchamps,Prev_LapTime,0.0015798540466857032
2024_Spa-Francorchamps,Lag_2,0.0004340899724587606
2024_Spa-Francorchamps,Rolling_Avg_3,6.518708223886119e-06
2024_Spa-Francorchamps,Prev_Delta,0.07836290119020572
2024_Spa-Francorchamps,Driver_Encoded,0.0001692401450017856
2024_Spa-Francorchamps,Location_Encoded,0.0025087394073508348
2024_Spa-Francorchamps,Team_Encoded,0.0
2024_Spa-Francorchamps,Mean_Apex_Speed_Ratio,5.8683340893692425e-05
2024_Spa-Francorchamps,Std_Apex_Speed_Ratio,0.00013248435159061693
2024_Spa-Francorchamps,Mean_Brake_Fraction,0.00017595981947160226
2024_Spa-Francorchamps,Std_Brake_Fraction,0.00034137005950423863
2024_Spa-Francorchamps,Mean_Brake_Point_Norm,0.0001686815777804501
2024_Spa-Francorchamps,Std_Brake_Point_Norm,2.101981800947294e-05
2024_Spa-Francorchamps,Mean_Throttle_On_Dist_Norm,0.0
2024_Spa-Francorchamps,Std_Throttle_On_Dist_Norm,0.00012022657084330174
2024_Spa-Francorchamps,Mean_Throttle_Integral_Norm,0.0001223424618673953
2024_Spa-Francorchamps,Std_Throttle_Integral_Norm,5.565654816002964e-06
2024_Spa-Francorchamps,Mean_Speed_Variability,0.0
2024_Spa-Francorchamps,Std_Speed_Variability,5.154999144628925e-06
2024_Spa-Francorchamps,P_0,5.501007987012437e-05
2024_Spa-Francorchamps,P_1,0.0003662823693217345
2024_Spa-Francorchamps,P_2,0.00021590245795857606
2024_Spa-Francorchamps,Style_Cluster_ID,0.0
2024_Spa-Francorchamps,Style_Entropy,0.0005975468420796781
2024_Spa-Francorchamps,Year,0.0
2024_Spa-Francorchamps,Tyre_Compound_Interaction,0.00027042993368025023
2024_Zandvoort,LapNumber,0.010770716436094889
2024_Zandvoort,Stint,0.0001150012900649998
2024_Zandvoort,TyreLife,0.0022709986555164603
2024_Zandvoort,Position,0.01859367406858137
2024_Zandvoort,AirTemp,0.0004535778653024441
2024_Zandvoort,Humidity,0.011045348090487224
2024_Zandvoort,Pressure,6.064114290173612e-05
2024_Zandvoort,TrackTemp,0.0030546874424036813
2024_Zandvoort,WindDirection,0.0
2024_Zandvoort,WindSpeed,0.00023157248431113968
2024_Zandvoort,FuelLoad,0.0025874011281553392
2024_Zandvoort,Track_Evolution,0.0015626257691056533
2024_Zandvoort,Cumulative_Field_Dist_KM,0.006544476848718319
2024_Zandvoort,Lap_Damage,0.0026257274486785496
2024_Zandvoort,LatOffset_Mean,0.0002164737891803539
2024_Zandvoort,Accumulated_Tyre_Wear,0.00043159633000744153
2024_Zandvoort,LatOffset_Std,5.716755659179657e-05
2024_Zandvoort,Energy_Lap,0.000531449349109497
2024_Zandvoort,Gap_To_Car_Ahead,0.0004199055992269257
2024_Zandvoort,Dirty_Air_Fraction,0.0
2024_Zandvoort,Aero_Loss,1.669657004835157e-05
2024_Zandvoort,DRS_Fraction,5.62023905852437e-05
2024_Zandvoort,Traction_1_5,0.00013127495526315698
2024_Zandvoort,Asphalt_Grip_1_5,0.0
2024_Zandvoort,Asphalt_Abrasion_1_5,0.003855340146398189
2024_Zandvoort,Track_Evolution_1_5,4.883350598532139e-05
2024_Zandvoort,Tyre_Stress_1_5,0.0010261642124399489
2024_Zandvoort,Braking_1_5,0.0
2024_Zandvoort,Lateral_1_5,0.0
2024_Zandvoort,Downforce_1_5,0.0031690903518074498
2024_Zandvoort,Min_Pressure_Front_PSI,6.342908399441697e-06
2024_Zandvoort,Min_Pressure_Rear_PSI,0.0001103546008867611
2024_Zandvoort,Circuit_Length_KM,0.00023438944482821706
2024_Zandvoort,Compound_Int,0.0
2024_Zandvoort,Wear_Severity_Index,0.0007352780451788936
2024_Zandvoort,Track_Flow_Type,4.0210914348129616e-05
2024_Zandvoort,Grip_Aero_Balance,0.00029425553515311886
2024_Zandvoort,Total_Min_Pressure,0.00025181573097477926
2024_Zandvoort,Pressure_Delta,0.00023278839125661122
2024_Zandvoort,Prev_LapTime,0.012248721250147981
2024_Zandvoort,Lag_2,0.0015393120569854458
2024_Zandvoort,Rolling_Avg_3,0.0006979674808820966
2024_Zandvoort,Prev_Delta,0.11638129192925127
2024_Zandvoort,Driver_Encoded,0.00030923745358564655
2024_Zandvoort,Location_Encoded,0.001296418594642003
2024_Zandvoort,Team_Encoded,0.0
2024_Zandvoort,Mean_Apex_Speed_Ratio,4.368369037253177e-05
2024_Zandvoort,Std_Apex_Speed_Ratio,0.0003451895516153635
2024_Zandvoort,Mean_Brake_Fraction,0.00010734883564614494
2024_Zandvoort,Std_Brake_Fraction,0.0001959064527933043
2024_Zandvoort,Mean_Brake_Point_Norm,0.0003244840207193086
2024_Zandvoort,Std_Brake_Point_Norm,1.4913479767673234e-05
2024_Zandvoort,Mean_Throttle_On_Dist_Norm,0.0
2024_Zandvoort,Std_Throttle_On_Dist_Norm,9.070007929558622e-05
2024_Zandvoort,Mean_Throttle_Integral_Norm,0.0001836003312038056
2024_Zandvoort,Std_Throttle_Integral_Norm,1.3360106270232256e-05
2024_Zandvoort,Mean_Speed_Variability,2.2763653342180448e-05
2024_Zandvoort,Std_Speed_Variability,0.0003012846758138246
2024_Zandvoort,P_0,2.67831124928622e-05
2024_Zandvoort,P_1,0.00035965387973188476
2024_Zandvoort,P_2,7.502546248049954e-05
2024_Zandvoort,Style_Cluster_ID,0.0
2024_Zandvoort,Style_Entropy,3.4446040419420545e-05
2024_Zandvoort,Year,0.0
2024_Zandvoort,Tyre_Compound_Interaction,0.0002824776271462333
2024_Monza,LapNumber,0.00877249948205911
2024_Monza,Stint,7.31931146762859e-05
2024_Monza,TyreLife,0.0014719394536295539
2024_Monza,Position,0.015379208648911362
2024_Monza,AirTemp,0.0027883738484736987
2024_Monza,Humidity,0.01443362246250661
2024_Monza,Pressure,0.0002471315176364416
2024_Monza,TrackTemp,0.0020530706768636373
2024_Monza,WindDirection,0.0
2024_Monza,WindSpeed,0.0001121932738446105
2024_Monza,FuelLoad,0.0028368992098591677
2024_Monza,Track_Evolution,0.0011224401220544652
2024_Monza,Cumulative_Field_Dist_KM,0.002968563638964406
2024_Monza,Lap_Damage,0.002878573918204904
2024_Monza,LatOffset_Mean,0.00013905988622798
2024_Monza,Accumulated_Tyre_Wear,0.00044094012446382354
2024_Monza,LatOffset_Std,1.727034237082299e-05
2024_Monza,Energy_Lap,0.00015935659224841091
2024_Monza,Gap_To_Car_Ahead,0.0005351674135015932
2024_Monza,Dirty_Air_Fraction,6.411557528781202e-05
2024_Monza,Aero_Loss,0.00012179067366881925
2024_Monza,DRS_Fraction,0.0
2024_Monza,Traction_1_5,1.791711182372564e-05
2024_Monza,Asphalt_Grip_1_5,0.0
2024_Monza,Asphalt_Abrasion_1_5,0.006828277098753952
2024_Monza,Track_Evolution_1_5,6.479641552283252e-06
2024_Monza,Tyre_Stress_1_5,0.0005511673989737741
2024_Monza,Braking_1_5,0.0
2024_Monza,Lateral_1_5,3.740802373360257e-05
2024_Monza,Downforce_1_5,0.005252957680130419
2024_Monza,Min_Pressure_Front_PSI,4.724816703067831e-05
2024_Monza,Min_Pressure_Rear_PSI,0.00018115714994985807
2024_Monza,Circuit_Length_KM,9.182764299300801e-05
2024_Monza,Compound_Int,0.0
2024_Monza,Wear_Severity_Index,0.0018656608672333508
2024_Monza,Track_Flow_Type,5.230884806695246e-06
2024_Monza,Grip_Aero_Balance,0.0003419763423529457
2024_Monza,Total_Min_Pressure,0.0007387997779835693
2024_Monza,Pressure_Delta,0.0010478904444400328
2024_Monza,Prev_LapTime,0.0010906061424146552
2024_Monza,Lag_2,0.00029546628545142067
2024_Monza,Rolling_Avg_3,8.065749555411911e-05
2024_Monza,Prev_Delta,0.10206210784982137
2024_Monza,Driver_Encoded,0.00024672706522497584
2024_Monza,Location_Encoded,0.00034583651925767367
2024_Monza,Team_Encoded,0.0
2024_Monza,Mean_Apex_Speed_Ratio,0.0
2024_Monza,Std_Apex_Speed_Ratio,0.000220879309144221
2024_Monza,Mean_Brake_Fraction,0.0003364262989080611
2024_Monza,Std_Brake_Fraction,0.0005719934789973916
2024_Monza,Mean_Brake_Point_Norm,0.00016290777147028168
2024_Monza,Std_Brake_Point_Norm,4.547560331447484e-05
2024_Monza,Mean_Throttle_On_Dist_Norm,0.0
2024_Monza,Std_Throttle_On_Dist_Norm,0.00025408758236315104
2024_Monza,Mean_Throttle_Integral_Norm,0.000205147761059188
2024_Monza,Std_Throttle_Integral_Norm,0.0
2024_Monza,Mean_Speed_Variability,2.1940323713079305e-05
2024_Monza,Std_Speed_Variability,0.0
2024_Monza,P_0,0.0
2024_Monza,P_1,0.000847270448978706
2024_Monza,P_2,0.0003090439973559388
2024_Monza,Style_Cluster_ID,0.0
2024_Monza,Style_Entropy,0.0003428674532141732
2024_Monza,Year,0.0
2024_Monza,Tyre_Compound_Interaction,0.00032833773714846125
2024_Baku,LapNumber,0.007956595407048737
2024_Baku,Stint,8.013021181682591e-05
2024_Baku,TyreLife,0.0027351053114449057
2024_Baku,Position,0.01651970379536742
2024_Baku,AirTemp,0.0005847637288584084
2024_Baku,Humidity,0.010996307347523566
2024_Baku,Pressure,6.122487791810301e-05
2024_Baku,TrackTemp,0.0026413513757146683
2024_Baku,WindDirection,9.504505648021676e-06
2024_Baku,WindSpeed,0.0001454426481767303
2024_Baku,FuelLoad,0.0025128685055848194
2024_Baku,Track_Evolution,0.0009850266311197003
2024_Baku,Cumulative_Field_Dist_KM,0.0032100423613774516
2024_Baku,Lap_Damage,0.0017890973212244137
2024_Baku,LatOffset_Mean,0.00018502278695091144
2024_Baku,Accumulated_Tyre_Wear,0.0010430850726007716
2024_Baku,LatOffset_Std,6.548569779100715e-05
2024_Baku,Energy_Lap,7.020149209134555e-05
2024_Baku,Gap_To_Car_Ahead,0.0007305147965565392
2024_Baku,Dirty_Air_Fraction,0.0002578408248828322
2024_Baku,Aero_Loss,0.00012024403835845935
2024_Baku,DRS_Fraction,4.0508144407338815e-05
2024_Baku,Traction_1_5,4.4063433145846076e-05
2024_Baku,Asphalt_Grip_1_5,0.0
2024_Baku,Asphalt_Abrasion_1_5,0.004329272020238638
2024_Baku,Track_Evolution_1_5,0.0
2024_Baku,Tyre_Stress_1_5,0.0008839745605341058
2024_Baku,Braking_1_5,0.0
2024_Baku,Lateral_1_5,8.09911968672696e-05
2024_Baku,Downforce_1_5,0.004740371053193091
2024_Baku,Min_Pressure_Front_PSI,0.0005781830767955356
2024_Baku,Min_Pressure_Rear_PSI,0.0004269516831612027
2024_Baku,Circuit_Length_KM,6.456194667852689e-05
2024_Baku,Compound_Int,0.0
2024_Baku,Wear_Severity_Index,0.0021786640800893014
2024_Baku,Track_Flow_Type,5.985559420056559e-06
2024_Baku,Grip_Aero_Balance,0.0006104561652987893
2024_Baku,Total_Min_Pressure,0.00034755110326985353
2024_Baku,Pressure_Delta,4.360668300711865e-05
2024_Baku,Prev_LapTime,0.003023179461730876
2024_Baku,Lag_2,0.0006113776887117117
2024_Baku,Rolling_Avg_3,7.814327826778607e-05
2024_Baku,Prev_Delta,0.10146109874250281
2024_Baku,Driver_Encoded,5.3804140399877287e-05
2024_Baku,Location_Encoded,0.000261766263798249
2024_Baku,Team_Encoded,0.0
2024_Baku,Mean_Apex_Speed_Ratio,0.0
2024_Baku,Std_Apex_Speed_Ratio,0.0002810928624830538
2024_Baku,Mean_Brake_Fraction,6.546695693792193e-05
2024_Baku,Std_Brake_Fraction,0.0003068200360876384
2024_Baku,Mean_Brake_Point_Norm,0.00023367097253635888
2024_Baku,Std_Brake_Point_Norm,9.45173571948458e-05
2024_Baku,Mean_Throttle_On_Dist_Norm,4.730110110486157e-05
2024_Baku,Std_Throttle_On_Dist_Norm,0.00014556619842583514
2024_Baku,Mean_Throttle_Integral_Norm,0.0
2024_Baku,Std_Throttle_Integral_Norm,0.0
2024_Baku,Mean_Speed_Variability,3.706925283683266e-05
2024_Baku,Std_Speed_Variability,2.8560249417596715e-05
2024_Baku,P_0,0.0
2024_Baku,P_1,0.00028825052499870866
2024_Baku,P_2,0.0003248288220119872
2024_Baku,Style_Cluster_ID,0.0
2024_Baku,Style_Entropy,9.622681743328039e-06
2024_Baku,Year,8.716189892534334e-06
2024_Baku,Tyre_Compound_Interaction,0.0005985572962046238
2024_Marina Bay,LapNumber,0.011257991463757546
2024_Marina Bay,Stint,0.0002650442617750438
2024_Marina Bay,TyreLife,0.001367910550382629
2024_Marina Bay,Position,0.018094907221460257
2024_Marina Bay,AirTemp,0.0008925354219438998
2024_Marina Bay,Humidity,0.008887007433093843
2024_Marina Bay,Pressure,0.00018571960378376316
2024_Marina Bay,TrackTemp,0.004818480200134715
2024_Marina Bay,WindDirection,0.0
2024_Marina Bay,WindSpeed,9.17878660061427e-05
2024_Marina Bay,FuelLoad,0.003180800005844296
2024_Marina Bay,Track_Evolution,0.0012171431561130363
2024_Marina Bay,Cumulative_Field_Dist_KM,0.0026049722714333754
2024_Marina Bay,Lap_Damage,0.003659466443434395
2024_Marina Bay,LatOffset_Mean,0.00014198840422849097
2024_Marina Bay,Accumulated_Tyre_Wear,0.0004372023336648729
2024_Marina Bay,LatOffset_Std,1.63997290211047e-05
2024_Marina Bay,Energy_Lap,0.0011103571309760312
2024_Marina Bay,Gap_To_Car_Ahead,0.0007924384175469365
2024_Marina Bay,Dirty_Air_Fraction,8.184033234441421e-05
2024_Marina Bay,Aero_Loss,0.0001333717052103766
2024_Marina Bay,DRS_Fraction,0.00024217587819531122
2024_Marina Bay,Traction_1_5,0.00010730131527893495
2024_Marina Bay,Asphalt_Grip_1_5,0.0
2024_Marina Bay,Asphalt_Abrasion_1_5,0.005068375295140984
2024_Marina Bay,Track_Evolution_1_5,0.0
2024_Marina Bay,Tyre_Stress_1_5,0.005004930837581343
2024_Marina Bay,Braking_1_5,0.0005279080919108897
2024_Marina Bay,Lateral_1_5,3.6266645670680355e-05
2024_Marina Bay,Downforce_1_5,0.002807289750119799
2024_Marina Bay,Min_Pressure_Front_PSI,0.0
2024_Marina Bay,Min_Pressure_Rear_PSI,0.000389355421932752
2024_Marina Bay,Circuit_Length_KM,4.108462497598798e-05
2024_Marina Bay,Compound_Int,0.0
2024_Marina Bay,Wear_Severity_Index,0.0026940387774744418
2024_Marina Bay,Track_Flow_Type,0.0005962649921690473
2024_Marina Bay,Grip_Aero_Balance,0.0003757953509034122
2024_Marina Bay,Total_Min_Pressure,0.0003361295418213585
2024_Marina Bay,Pressure_Delta,0.00016926171677149055
2024_Marina Bay,Prev_LapTime,0.003109399299931513
2024_Marina Bay,Lag_2,0.0002997851988267275
2024_Marina Bay,Rolling_Avg_3,9.841731541768212e-05
2024_Marina Bay,Prev_Delta,0.1116024973390404
2024_Marina Bay,Driver_Encoded,2.8665996440223164e-05
2024_Marina Bay,Location_Encoded,0.0004890394810324911
2024_Marina Bay,Team_Encoded,0.0
2024_Marina Bay,Mean_Apex_Speed_Ratio,0.0
2024_Marina Bay,Std_Apex_Speed_Ratio,0.00033278140197631653
2024_Marina Bay,Mean_Brake_Fraction,0.00010871062336344618
2024_Marina Bay,Std_Brake_Fraction,0.0001557499661928686
2024_Marina Bay,Mean_Brake_Point_Norm,0.000350200501170406
2024_Marina Bay,Std_Brake_Point_Norm,0.0
2024_Marina Bay,Mean_Throttle_On_Dist_Norm,1.2558067949708905e-05
2024_Marina Bay,Std_Throttle_On_Dist_Norm,0.0004167865942733343
2024_Marina Bay,Mean_Throttle_Integral_Norm,0.0
2024_Marina Bay,Std_Throttle_Integral_Norm,9.368122392194467e-06
2024_Marina Bay,Mean_Speed_Variability,3.21779404059873e-05
2024_Marina Bay,Std_Speed_Variability,5.769496329853066e-06
2024_Marina Bay,P_0,0.0
2024_Marina Bay,P_1,0.0007050561066592523
2024_Marina Bay,P_2,0.0001716752912302652
2024_Marina Bay,Style_Cluster_ID,0.0
2024_Marina Bay,Style_Entropy,7.256711022945959e-06
2024_Marina Bay,Year,1.3064402445568616e-05
2024_Marina Bay,Tyre_Compound_Interaction,0.0005421322562648333
2024_Austin,LapNumber,0.01113089249323581
2024_Austin,Stint,0.0001961050680043447
2024_Austin,TyreLife,0.0017231304694886008
2024_Austin,Position,0.01964428677011472
2024_Austin,AirTemp,0.00024471336385161504
2024_Austin,Humidity,0.008041540394274524
2024_Austin,Pressure,0.00022592701150816783
2024_Austin,TrackTemp,0.00305049343910648
2024_Austin,WindDirection,0.0
2024_Austin,WindSpeed,0.0001557780634506335
2024_Austin,FuelLoad,0.0036474306010404827
2024_Austin,Track_Evolution,0.000895686844205898
2024_Austin,Cumulative_Field_Dist_KM,0.004678332336615754
2024_Austin,Lap_Damage,0.001910042262884147
2024_Austin,LatOffset_Mean,9.423478843409989e-05
2024_Austin,Accumulated_Tyre_Wear,0.0008980586809940266
2024_Austin,LatOffset_Std,4.371049276424559e-06
2024_Austin,Energy_Lap,0.0008641953607454192
2024_Austin,Gap_To_Car_Ahead,0.0005740053729577454
2024_Austin,Dirty_Air_Fraction,0.00022005768172790767
2024_Austin,Aero_Loss,1.792365227484346e-05
2024_Austin,DRS_Fraction,0.00043754328968936796
2024_Austin,Traction_1_5,0.00015655665470291655
2024_Austin,Asphalt_Grip_1_5,1.1694412406994141e-05
2024_Austin,Asphalt_Abrasion_1_5,0.003704708360892972
2024_Austin,Track_Evolution_1_5,4.6308208256355816e-05
2024_Austin,Tyre_Stress_1_5,0.000459395273063137
2024_Austin,Braking_1_5,6.468877323125058e-06
2024_Austin,Lateral_1_5,1.8318296632905284e-05
2024_Austin,Downforce_1_5,0.0025657032627196563
2024_Austin,Min_Pressure_Front_PSI,0.0
2024_Austin,Min_Pressure_Rear_PSI,0.00013304994072199959
2024_Austin,Circuit_Length_KM,0.00015377620481105126
2024_Austin,Compound_Int,0.0
2024_Austin,Wear_Severity_Index,1.2983548576206861e-05
2024_Austin,Track_Flow_Type,0.00010136842698669555
2024_Austin,Grip_Aero_Balance,0.0004252769727518828
2024_Austin,Total_Min_Pressure,0.00014404844674211008
2024_Austin,Pressure_Delta,0.00036103538326966275
2024_Austin,Prev_LapTime,0.0009815679771890357
2024_Austin,Lag_2,7.920319842835912e-05
2024_Austin,Rolling_Avg_3,0.00013906375874289144
2024_Austin,Prev_Delta,0.10625537985772139
2024_Austin,Driver_Encoded,0.00015808242115758478
2024_Austin,Location_Encoded,0.000269158355260748
2024_Austin,Team_Encoded,0.0
2024_Austin,Mean_Apex_Speed_Ratio,3.938579366490635e-05
2024_Austin,Std_Apex_Speed_Ratio,0.0004389965347043029
2024_Austin,Mean_Brake_Fraction,0.0006530415666721723
2024_Austin,Std_Brake_Fraction,0.00015371565036496884
2024_Austin,Mean_Brake_Point_Norm,0.0002362087391981095
2024_Austin,Std_Brake_Point_Norm,3.4376750677841602e-06
2024_Austin,Mean_Throttle_On_Dist_Norm,5.1892529843261536e-06
2024_Austin,Std_Throttle_On_Dist_Norm,0.000128786374562473
2024_Austin,Mean_Throttle_Integral_Norm,0.0
2024_Austin,Std_Throttle_Integral_Norm,0.0
2024_Austin,Mean_Speed_Variability,3.3746057824534615e-05
2024_Austin,Std_Speed_Variability,1.2078196190577532e-05
2024_Austin,P_0,2.9433038555743997e-06
2024_Austin,P_1,0.0002413839900049931
2024_Austin,P_2,0.00013816505789520733
2024_Austin,Style_Cluster_ID,0.0
2024_Austin,Style_Entropy,4.282878604968156e-06
2024_Austin,Year,0.0
2024_Austin,Tyre_Compound_Interaction,0.00019700200168539103
2024_Mexico City,LapNumber,0.02157537337283807
2024_Mexico City,Stint,0.00013040184912616447
2024_Mexico City,TyreLife,0.0011810442349769606
2024_Mexico City,Position,0.019762560367049077
2024_Mexico City,AirTemp,0.0003269263155267079
2024_Mexico City,Humidity,0.021698722393836786
2024_Mexico City,Pressure,4.3412053995726913e-05
2024_Mexico City,TrackTemp,0.0037580261890455963
2024_Mexico City,WindDirection,3.4761549121593135e-05
2024_Mexico City,WindSpeed,0.00019440239656790263
2024_Mexico City,FuelLoad,0.010947362712143532
2024_Mexico City,Track_Evolution,0.0021633262160155853
2024_Mexico City,Cumulative_Field_Dist_KM,0.0017435149393081233
2024_Mexico City,Lap_Damage,0.0041461720557028426
2024_Mexico City,LatOffset_Mean,1.2074596862750538e-05
2024_Mexico City,Accumulated_Tyre_Wear,0.0016781736688208427
2024_Mexico City,LatOffset_Std,5.699077224023463e-05
2024_Mexico City,Energy_Lap,0.05759278427304665
2024_Mexico City,Gap_To_Car_Ahead,0.0005313288761229274
2024_Mexico City,Dirty_Air_Fraction,0.00034106705818758845
2024_Mexico City,Aero_Loss,9.34614395684855e-05
2024_Mexico City,DRS_Fraction,0.0010081986579255386
2024_Mexico City,Traction_1_5,0.00010161849991418252
2024_Mexico City,Asphalt_Grip_1_5,0.0
2024_Mexico City,Asphalt_Abrasion_1_5,0.003983013419277839
2024_Mexico City,Track_Evolution_1_5,4.840265598016443e-05
2024_Mexico City,Tyre_Stress_1_5,0.0014566538381954684
2024_Mexico City,Braking_1_5,2.3282188015883832e-05
2024_Mexico City,Lateral_1_5,2.403662431205681e-05
2024_Mexico City,Downforce_1_5,0.0029299982651666908
2024_Mexico City,Min_Pressure_Front_PSI,7.76689000089074e-05
2024_Mexico City,Min_Pressure_Rear_PSI,0.0003080568546324197
2024_Mexico City,Circuit_Length_KM,1.4415821999137314e-05
2024_Mexico City,Compound_Int,0.0
2024_Mexico City,Wear_Severity_Index,0.0
2024_Mexico City,Track_Flow_Type,2.823444645785369e-05
2024_Mexico City,Grip_Aero_Balance,0.00026704117550716374
2024_Mexico City,Total_Min_Pressure,0.0001587156832340127
2024_Mexico City,Pressure_Delta,3.657922662349587e-05
2024_Mexico City,Prev_LapTime,0.02629233982851203
2024_Mexico City,Lag_2,8.106379491190032e-05
2024_Mexico City,Rolling_Avg_3,0.0006097721448622154
2024_Mexico City,Prev_Delta,0.10583227386071403
2024_Mexico City,Driver_Encoded,0.00011225780695586749
2024_Mexico City,Location_Encoded,0.000417152717560872
2024_Mexico City,Team_Encoded,0.0
2024_Mexico City,Mean_Apex_Speed_Ratio,7.607828909458525e-05
2024_Mexico City,Std_Apex_Speed_Ratio,0.00018718341427289005
2024_Mexico City,Mean_Brake_Fraction,0.00012516599898163347
2024_Mexico City,Std_Brake_Fraction,0.00033933632104155524
2024_Mexico City,Mean_Brake_Point_Norm,0.00035649690743287573
2024_Mexico City,Std_Brake_Point_Norm,0.0
2024_Mexico City,Mean_Throttle_On_Dist_Norm,1.9381357828044775e-05
2024_Mexico City,Std_Throttle_On_Dist_Norm,0.00021170377357537115
2024_Mexico City,Mean_Throttle_Integral_Norm,6.999446824650543e-05
2024_Mexico City,Std_Throttle_Integral_Norm,3.8756384252459535e-06
2024_Mexico City,Mean_Speed_Variability,0.0
2024_Mexico City,Std_Speed_Variability,0.00011213252806553819
2024_Mexico City,P_0,0.0
2024_Mexico City,P_1,0.00019842534206151557
2024_Mexico City,P_2,6.805078883411184e-05
2024_Mexico City,Style_Cluster_ID,0.0
2024_Mexico City,Style_Entropy,4.46419543531642e-06
2024_Mexico City,Year,0.0
2024_Mexico City,Tyre_Compound_Interaction,0.00037535133447799115
2024_Las Vegas,LapNumber,0.013643937148090417
2024_Las Vegas,Stint,0.00033499754467016717
2024_Las Vegas,TyreLife,0.0011611506311663524
2024_Las Vegas,Position,0.014960036864700078
2024_Las Vegas,AirTemp,0.0005356787536219951
2024_Las Vegas,Humidity,0.009871894089413203
2024_Las Vegas,Pressure,0.00023429127920122523
2024_Las Vegas,TrackTemp,0.005135481818020205
2024_Las Vegas,WindDirection,1.3011669610624103e-05
2024_Las Vegas,WindSpeed,0.00018739906523517643
2024_Las Vegas,FuelLoad,0.008937256881375933
2024_Las Vegas,Track_Evolution,0.0020486653365505104
2024_Las Vegas,Cumulative_Field_Dist_KM,0.0031995658792945414
2024_Las Vegas,Lap_Damage,0.0021902035886250154
2024_Las Vegas,LatOffset_Mean,0.00011966150310776566
2024_Las Vegas,Accumulated_Tyre_Wear,0.0004270630778599804
2024_Las Vegas,LatOffset_Std,4.459881305579262e-05
2024_Las Vegas,Energy_Lap,0.0004825076383843593
2024_Las Vegas,Gap_To_Car_Ahead,0.0006503052844011665
2024_Las Vegas,Dirty_Air_Fraction,0.00033834386487579
2024_Las Vegas,Aero_Loss,3.1272860650345596e-05
2024_Las Vegas,DRS_Fraction,0.0008418955054602627
2024_Las Vegas,Traction_1_5,0.0017789195461662155
2024_Las Vegas,Asphalt_Grip_1_5,0.00022987041988002264
2024_Las Vegas,Asphalt_Abrasion_1_5,0.0038173276042353806
2024_Las Vegas,Track_Evolution_1_5,7.93827153536867e-05
2024_Las Vegas,Tyre_Stress_1_5,0.0004892345678563114
2024_Las Vegas,Braking_1_5,1.2711634251436748e-05
2024_Las Vegas,Lateral_1_5,4.8680995155963685e-05
2024_Las Vegas,Downforce_1_5,0.008034927604533398
2024_Las Vegas,Min_Pressure_Front_PSI,0.0
2024_Las Vegas,Min_Pressure_Rear_PSI,0.00027148445166153614
2024_Las Vegas,Circuit_Length_KM,1.0188299984262848e-05
2024_Las Vegas,Compound_Int,0.0
2024_Las Vegas,Wear_Severity_Index,0.0
2024_Las Vegas,Track_Flow_Type,0.00021953167544775157
2024_Las Vegas,Grip_Aero_Balance,0.0006319340224363214
2024_Las Vegas,Total_Min_Pressure,0.0008030632050333794
2024_Las Vegas,Pressure_Delta,4.3067395182777e-05
2024_Las Vegas,Prev_LapTime,0.001145896054558377
2024_Las Vegas,Lag_2,6.36841437473944e-05
2024_Las Vegas,Rolling_Avg_3,4.220088394155758e-05
2024_Las Vegas,Prev_Delta,0.1183992399008061
2024_Las Vegas,Driver_Encoded,7.099683427605581e-05
2024_Las Vegas,Location_Encoded,0.0005188969203108835
2024_Las Vegas,Team_Encoded,0.0
2024_Las Vegas,Mean_Apex_Speed_Ratio,5.48751991518625e-05
2024_Las Vegas,Std_Apex_Speed_Ratio,0.0005202116766893457
2024_Las Vegas,Mean_Brake_Fraction,4.512263834160503e-06
2024_Las Vegas,Std_Brake_Fraction,0.00013382936131266191
2024_Las Vegas,Mean_Brake_Point_Norm,0.00045311653934283525
2024_Las Vegas,Std_Brake_Point_Norm,7.798841201834237e-06
2024_Las Vegas,Mean_Throttle_On_Dist_Norm,5.582119989271352e-06
2024_Las Vegas,Std_Throttle_On_Dist_Norm,0.00031107806722331893
2024_Las Vegas,Mean_Throttle_Integral_Norm,0.00016466997881633443
2024_Las Vegas,Std_Throttle_Integral_Norm,3.823402262208783e-06
2024_Las Vegas,Mean_Speed_Variability,7.262420715771687e-06
2024_Las Vegas,Std_Speed_Variability,2.390638168820233e-05
2024_Las Vegas,P_0,0.0
2024_Las Vegas,P_1,0.0001490189400969834
2024_Las Vegas,P_2,6.2770707099198e-06
2024_Las Vegas,Style_Cluster_ID,0.0
2024_Las Vegas,Style_Entropy,0.000358983817966557
2024_Las Vegas,Year,0.0
2024_Las Vegas,Tyre_Compound_Interaction,0.00022183475130866634
2024_Lusail,LapNumber,0.014528807434037772
2024_Lusail,Stint,0.00025081329555993884
2024_Lusail,TyreLife,0.0008364885905916013
2024_Lusail,Position,0.016861115640539343
2024_Lusail,AirTemp,0.00044645446060411484
2024_Lusail,Humidity,0.004099366064012652
2024_Lusail,Pressure,0.00046775382044963743
2024_Lusail,TrackTemp,0.0015057335127695512
2024_Lusail,WindDirection,1.0634397600113207e-05
2024_Lusail,WindSpeed,0.00010567806858153479
2024_Lusail,FuelLoad,0.005130854776042411
2024_Lusail,Track_Evolution,0.001690835674301052
2024_Lusail,Cumulative_Field_Dist_KM,0.0012370944052468432
2024_Lusail,Lap_Damage,0.0010911570029952542
2024_Lusail,LatOffset_Mean,6.587175397585606e-06
2024_Lusail,Accumulated_Tyre_Wear,0.0004969933628930676
2024_Lusail,LatOffset_Std,2.9373248068554808e-05
2024_Lusail,Energy_Lap,0.0005081168476507215
2024_Lusail,Gap_To_Car_Ahead,0.00044165312944828864
2024_Lusail,Dirty_Air_Fraction,0.0002814242468197891
2024_Lusail,Aero_Loss,0.0001492395327007963
2024_Lusail,DRS_Fraction,0.0007319489992755376
2024_Lusail,Traction_1_5,0.0
2024_Lusail,Asphalt_Grip_1_5,0.0005468268108870187
2024_Lusail,Asphalt_Abrasion_1_5,0.004644085754752833
2024_Lusail,Track_Evolution_1_5,3.271664940343629e-06
2024_Lusail,Tyre_Stress_1_5,0.00019962966579309004
2024_Lusail,Braking_1_5,1.2179112334920791e-05
2024_Lusail,Lateral_1_5,2.870406165687729e-05
2024_Lusail,Downforce_1_5,0.0016413694133037447
2024_Lusail,Min_Pressure_Front_PSI,6.907539166392789e-05
2024_Lusail,Min_Pressure_Rear_PSI,0.00014000908070106808
2024_Lusail,Circuit_Length_KM,3.158459275128921e-05
2024_Lusail,Compound_Int,1.0232020325122539e-05
2024_Lusail,Wear_Severity_Index,4.376004947956856e-06
2024_Lusail,Track_Flow_Type,5.831544335257178e-05
2024_Lusail,Grip_Aero_Balance,0.0006869359935671231
2024_Lusail,Total_Min_Pressure,8.839459574848639e-05
2024_Lusail,Pressure_Delta,3.3941455059773574e-05
2024_Lusail,Prev_LapTime,0.001234716731802338
2024_Lusail,Lag_2,0.0002452496557405357
2024_Lusail,Rolling_Avg_3,8.250715456549657e-05
2024_Lusail,Prev_Delta,0.08863477454547322
2024_Lusail,Driver_Encoded,0.00010359286829659763
2024_Lusail,Location_Encoded,0.00037261268684307523
2024_Lusail,Team_Encoded,0.0
2024_Lusail,Mean_Apex_Speed_Ratio,6.123360573313948e-06
2024_Lusail,Std_Apex_Speed_Ratio,4.552789046421836e-05
2024_Lusail,Mean_Brake_Fraction,3.418234990747043e-05
2024_Lusail,Std_Brake_Fraction,0.00011936770723478611
2024_Lusail,Mean_Brake_Point_Norm,0.0002914751562042617
2024_Lusail,Std_Brake_Point_Norm,1.549871664417863e-05
2024_Lusail,Mean_Throttle_On_Dist_Norm,7.616437688419513e-06
2024_Lusail,Std_Throttle_On_Dist_Norm,0.00013626303046507954
2024_Lusail,Mean_Throttle_Integral_Norm,4.981008718135427e-06
2024_Lusail,Std_Throttle_Integral_Norm,8.387644109202162e-06
2024_Lusail,Mean_Speed_Variability,8.556973671339684e-05
2024_Lusail,Std_Speed_Variability,1.2776114611954194e-05
2024_Lusail,P_0,0.0
2024_Lusail,P_1,0.00018005848932921149
2024_Lusail,P_2,2.9462904677792535e-05
2024_Lusail,Style_Cluster_ID,0.0
2024_Lusail,Style_Entropy,3.4466055865345776e-06
2024_Lusail,Year,0.0
2024_Lusail,Tyre_Compound_Interaction,0.0002532719454238266
2024_Yas Island,LapNumber,0.013158675987123636
2024_Yas Island,Stint,0.00020397488961271444
2024_Yas Island,TyreLife,0.000917678137498571
2024_Yas Island,Position,0.018059746699166254
2024_Yas Island,AirTemp,0.00027514617199554263
2024_Yas Island,Humidity,0.0044913181982882255
2024_Yas Island,Pressure,0.0003047186944349007
2024_Yas Island,TrackTemp,0.0018949076972927463
2024_Yas Island,WindDirection,8.808465872567223e-06
2024_Yas Island,WindSpeed,9.623486208093847e-05
2024_Yas Island,FuelLoad,0.005388202663905817
2024_Yas Island,Track_Evolution,0.0009658489316377889
2024_Yas Island,Cumulative_Field_Dist_KM,0.0014393834492303509
2024_Yas Island,Lap_Damage,0.0010318242637666836
2024_Yas Island,LatOffset_Mean,2.0405072852683672e-05
2024_Yas Island,Accumulated_Tyre_Wear,0.00029784878243307766
2024_Yas Island,LatOffset_Std,1.6284931032067592e-05
2024_Yas Island,Energy_Lap,0.00023254133864877513
2024_Yas Island,Gap_To_Car_Ahead,0.0009290033066029299
2024_Yas Island,Dirty_Air_Fraction,0.00037010734599662247
2024_Yas Island,Aero_Loss,0.0001080949524168887
2024_Yas Island,DRS_Fraction,0.000930689241406234
2024_Yas Island,Traction_1_5,4.621971676454558e-05
2024_Yas Island,Asphalt_Grip_1_5,0.000951786348173569
2024_Yas Island,Asphalt_Abrasion_1_5,0.003794481553956251
2024_Yas Island,Track_Evolution_1_5,5.289665422579611e-06
2024_Yas Island,Tyre_Stress_1_5,0.0005127559956808913
2024_Yas Island,Braking_1_5,0.0
2024_Yas Island,Lateral_1_5,2.44782636882736e-05
2024_Yas Island,Downforce_1_5,0.0015816625065146516
2024_Yas Island,Min_Pressure_Front_PSI,9.930110737643572e-05
2024_Yas Island,Min_Pressure_Rear_PSI,0.0001644171059967122
2024_Yas Island,Circuit_Length_KM,9.07843365600322e-05
2024_Yas Island,Compound_Int,0.00022553804281111973
2024_Yas Island,Wear_Severity_Index,0.0
2024_Yas Island,Track_Flow_Type,6.161788767068226e-05
2024_Yas Island,Grip_Aero_Balance,0.0007176220130275103
2024_Yas Island,Total_Min_Pressure,6.371153884990748e-05
2024_Yas Island,Pressure_Delta,0.0005865297283821197
2024_Yas Island,Prev_LapTime,0.0015562528838679401
2024_Yas Island,Lag_2,0.00017292395021420844
2024_Yas Island,Rolling_Avg_3,3.772221290659528e-05
2024_Yas Island,Prev_Delta,0.09545446366082104
2024_Yas Island,Driver_Encoded,0.0001430415784507525
2024_Yas Island,Location_Encoded,0.0008270232796732438
2024_Yas Island,Team_Encoded,0.0
2024_Yas Island,Mean_Apex_Speed_Ratio,2.8905663880514136e-06
2024_Yas Island,Std_Apex_Speed_Ratio,0.00013004861674421607
2024_Yas Island,Mean_Brake_Fraction,0.00011660422743741872
2024_Yas Island,Std_Brake_Fraction,0.0002872665352860689
2024_Yas Island,Mean_Brake_Point_Norm,0.00021378685758736808
2024_Yas Island,Std_Brake_Point_Norm,0.00010580209624826842
2024_Yas Island,Mean_Throttle_On_Dist_Norm,3.824759455717146e-05
2024_Yas Island,Std_Throttle_On_Dist_Norm,0.0002832508695238933
2024_Yas Island,Mean_Throttle_Integral_Norm,3.075492245307208e-05
2024_Yas Island,Std_Throttle_Integral_Norm,6.508273993258684e-06
2024_Yas Island,Mean_Speed_Variability,7.192230544102094e-05
2024_Yas Island,Std_Speed_Variability,3.670060503383266e-05
2024_Yas Island,P_0,9.7746222282149e-06
2024_Yas Island,P_1,0.0003738243683793146
2024_Yas Island,P_2,1.9370286605569483e-05
2024_Yas Island,Style_Cluster_ID,0.0
2024_Yas Island,Style_Entropy,1.0349234597259415e-05
2024_Yas Island,Year,0.0
2024_Yas Island,Tyre_Compound_Interaction,0.00018293160002123574
2025_Shanghai,LapNumber,0.015218205294527826
2025_Shanghai,Stint,9.841820077193192e-05
2025_Shanghai,TyreLife,0.0013769170466142284
2025_Shanghai,Position,0.018718419150606173
2025_Shanghai,AirTemp,0.0006219647642574042
2025_Shanghai,Humidity,0.014159614800578034
2025_Shanghai,Pressure,0.00013140007701895482
2025_Shanghai,TrackTemp,0.002253964285294472
2025_Shanghai,WindDirection,1.209998183112682e-05
2025_Shanghai,WindSpeed,0.0001186988021281766
2025_Shanghai,FuelLoad,0.007269712273882298
2025_Shanghai,Track_Evolution,0.0011644536417440893
2025_Shanghai,Cumulative_Field_Dist_KM,0.022562163796598127
2025_Shanghai,Lap_Damage,0.000986196328122962
2025_Shanghai,LatOffset_Mean,8.812690189844567e-05
2025_Shanghai,Accumulated_Tyre_Wear,0.000282849761891938
2025_Shanghai,LatOffset_Std,4.4045370819565175e-05
2025_Shanghai,Energy_Lap,0.00022438982128889027
2025_Shanghai,Gap_To_Car_Ahead,0.0002536979162436912
2025_Shanghai,Dirty_Air_Fraction,0.00040921809838932824
2025_Shanghai,Aero_Loss,2.1412807644772062e-05
2025_Shanghai,DRS_Fraction,0.000884129758318448
2025_Shanghai,Traction_1_5,1.2910058513255905e-05
2025_Shanghai,Asphalt_Grip_1_5,0.0005980029525432233
2025_Shanghai,Asphalt_Abrasion_1_5,0.0036963831149547316
2025_Shanghai,Track_Evolution_1_5,0.0
2025_Shanghai,Tyre_Stress_1_5,0.0004629218616945897
2025_Shanghai,Braking_1_5,0.0
2025_Shanghai,Lateral_1_5,4.474218872349796e-05
2025_Shanghai,Downforce_1_5,0.001786190201023293
2025_Shanghai,Min_Pressure_Front_PSI,0.0014103181527212888
2025_Shanghai,Min_Pressure_Rear_PSI,9.075937653437272e-05
2025_Shanghai,Circuit_Length_KM,0.00021861279052931462
2025_Shanghai,Compound_Int,5.803448019663499e-06
2025_Shanghai,Wear_Severity_Index,0.0
2025_Shanghai,Track_Flow_Type,6.333434659750344e-05
2025_Shanghai,Grip_Aero_Balance,0.00023194191231829225
2025_Shanghai,Total_Min_Pressure,0.00010870550837320253
2025_Shanghai,Pressure_Delta,7.923398670480184e-06
2025_Shanghai,Prev_LapTime,0.0011248362582818704
2025_Shanghai,Lag_2,0.00018422415237425493
2025_Shanghai,Rolling_Avg_3,9.969285478783266e-05
2025_Shanghai,Prev_Delta,0.08191377015233042
2025_Shanghai,Driver_Encoded,7.158534854855399e-05
2025_Shanghai,Location_Encoded,0.0005774673791222218
2025_Shanghai,Team_Encoded,0.0
2025_Shanghai,Mean_Apex_Speed_Ratio,1.0432359231136094e-05
2025_Shanghai,Std_Apex_Speed_Ratio,0.00023614699609309287
2025_Shanghai,Mean_Brake_Fraction,0.00643955545800057
2025_Shanghai,Std_Brake_Fraction,0.00024277959481573488
2025_Shanghai,Mean_Brake_Point_Norm,0.00014047881043692027
2025_Shanghai,Std_Brake_Point_Norm,6.977833712663205e-05
2025_Shanghai,Mean_Throttle_On_Dist_Norm,1.6105901333598845e-05
2025_Shanghai,Std_Throttle_On_Dist_Norm,0.00010597257786853324
2025_Shanghai,Mean_Throttle_Integral_Norm,0.0010303398052039104
2025_Shanghai,Std_Throttle_Integral_Norm,6.992080825515351e-06
2025_Shanghai,Mean_Speed_Variability,8.910518824854844e-05
2025_Shanghai,Std_Speed_Variability,2.4039807690501288e-05
2025_Shanghai,P_0,1.0083953817831775e-05
2025_Shanghai,P_1,0.0001681062517552389
2025_Shanghai,P_2,2.0427671075311368e-05
2025_Shanghai,Style_Cluster_ID,0.0
2025_Shanghai,Style_Entropy,6.994474226888471e-05
2025_Shanghai,Year,0.0
2025_Shanghai,Tyre_Compound_Interaction,0.0006062730952424601
2025_Suzuka,LapNumber,0.015292276925263202
2025_Suzuka,Stint,6.84442538271791e-05
2025_Suzuka,TyreLife,0.0005092154941152158
2025_Suzuka,Position,0.019988354985918066
2025_Suzuka,AirTemp,0.0008855917452025211
2025_Suzuka,Humidity,0.004060066962225503
2025_Suzuka,Pressure,0.00013475457840260059
2025_Suzuka,TrackTemp,0.0019108780429489965
2025_Suzuka,WindDirection,1.4133238199199814e-05
2025_Suzuka,WindSpeed,4.347321850902843e-05
2025_Suzuka,FuelLoad,0.010210075503727658
2025_Suzuka,Track_Evolution,0.0005771387479233392
2025_Suzuka,Cumulative_Field_Dist_KM,0.000576220890956388
2025_Suzuka,Lap_Damage,0.000919774069256798
2025_Suzuka,LatOffset_Mean,5.732817381037536e-05
2025_Suzuka,Accumulated_Tyre_Wear,0.00012460554130500913
2025_Suzuka,LatOffset_Std,6.3241280425736675e-06
2025_Suzuka,Energy_Lap,0.0006054182143243288
2025_Suzuka,Gap_To_Car_Ahead,0.00030698655833060753
2025_Suzuka,Dirty_Air_Fraction,0.00033835401810803424
2025_Suzuka,Aero_Loss,4.061235654764584e-05
2025_Suzuka,DRS_Fraction,0.0007959537336342115
2025_Suzuka,Traction_1_5,0.0
2025_Suzuka,Asphalt_Grip_1_5,0.000597475567614388
2025_Suzuka,Asphalt_Abrasion_1_5,0.017198931914886795
2025_Suzuka,Track_Evolution_1_5,0.0
2025_Suzuka,Tyre_Stress_1_5,0.0002083609752063597
2025_Suzuka,Braking_1_5,0.0
2025_Suzuka,Lateral_1_5,5.15605266086243e-05
2025_Suzuka,Downforce_1_5,0.0009604928209078228
2025_Suzuka,Min_Pressure_Front_PSI,7.96289462992274e-05
2025_Suzuka,Min_Pressure_Rear_PSI,0.0008382857093664755
2025_Suzuka,Circuit_Length_KM,6.484705293718781e-05
2025_Suzuka,Compound_Int,2.5098149454099564e-05
2025_Suzuka,Wear_Severity_Index,0.0
2025_Suzuka,Track_Flow_Type,4.396053261219496e-05
2025_Suzuka,Grip_Aero_Balance,0.00016422171532487893
2025_Suzuka,Total_Min_Pressure,0.00012074355209343506
2025_Suzuka,Pressure_Delta,0.0002444133723809084
2025_Suzuka,Prev_LapTime,0.0013424940269973456
2025_Suzuka,Lag_2,2.9791545764075588e-05
2025_Suzuka,Rolling_Avg_3,0.0002215091595597484
2025_Suzuka,Prev_Delta,0.07029059451396047
2025_Suzuka,Driver_Encoded,0.00011926955518772428
2025_Suzuka,Location_Encoded,0.0007897915263614999
2025_Suzuka,Team_Encoded,2.4597029874751565e-06
2025_Suzuka,Mean_Apex_Speed_Ratio,2.1417174783009008e-05
2025_Suzuka,Std_Apex_Speed_Ratio,0.00010953821667760856
2025_Suzuka,Mean_Brake_Fraction,6.197246992188504e-05
2025_Suzuka,Std_Brake_Fraction,6.698605370877025e-05
2025_Suzuka,Mean_Brake_Point_Norm,0.00024632778940028094
2025_Suzuka,Std_Brake_Point_Norm,0.0
2025_Suzuka,Mean_Throttle_On_Dist_Norm,1.3531076548205228e-05
2025_Suzuka,Std_Throttle_On_Dist_Norm,0.00021672056456492324
2025_Suzuka,Mean_Throttle_Integral_Norm,2.5331026164683107e-05
2025_Suzuka,Std_Throttle_Integral_Norm,0.00011869979141202628
2025_Suzuka,Mean_Speed_Variability,2.752476928737634e-05
2025_Suzuka,Std_Speed_Variability,1.8155047842725863e-05
2025_Suzuka,P_0,4.5933014345049354e-06
2025_Suzuka,P_1,0.00014341301921542597
2025_Suzuka,P_2,6.994858301936948e-05
2025_Suzuka,Style_Cluster_ID,0.0
2025_Suzuka,Style_Entropy,2.1514207554884575e-06
2025_Suzuka,Year,0.0
2025_Suzuka,Tyre_Compound_Interaction,0.00023412106072219437
2025_Sakhir,LapNumber,0.01863421726366409
2025_Sakhir,Stint,6.277667784340968e-05
2025_Sakhir,TyreLife,0.0012687133072723233
2025_Sakhir,Position,0.019253923425340606
2025_Sakhir,AirTemp,0.00046089107823159823
2025_Sakhir,Humidity,0.003410931968915711
2025_Sakhir,Pressure,0.0003562557553502238
2025_Sakhir,TrackTemp,0.001605942006406011
2025_Sakhir,WindDirection,9.186131887004601e-06
2025_Sakhir,WindSpeed,0.0001256588684543906
2025_Sakhir,FuelLoad,0.007414544652513694
2025_Sakhir,Track_Evolution,0.0005856438118896075
2025_Sakhir,Cumulative_Field_Dist_KM,0.0008885799363348519
2025_Sakhir,Lap_Damage,0.0017636904921489746
2025_Sakhir,LatOffset_Mean,0.00010896869442743391
2025_Sakhir,Accumulated_Tyre_Wear,0.00024987798526615053
2025_Sakhir,LatOffset_Std,3.187783699086833e-05
2025_Sakhir,Energy_Lap,0.000511336888400231
2025_Sakhir,Gap_To_Car_Ahead,0.0003976137331497986
2025_Sakhir,Dirty_Air_Fraction,0.0004069417436190703
2025_Sakhir,Aero_Loss,6.666151777187558e-05
2025_Sakhir,DRS_Fraction,0.0007849330095377654
2025_Sakhir,Traction_1_5,3.659059143005205e-05
2025_Sakhir,Asphalt_Grip_1_5,0.00047752593241655794
2025_Sakhir,Asphalt_Abrasion_1_5,0.01041756255343566
2025_Sakhir,Track_Evolution_1_5,0.0
2025_Sakhir,Tyre_Stress_1_5,0.0001832118058047924
2025_Sakhir,Braking_1_5,1.6540858486025646e-05
2025_Sakhir,Lateral_1_5,4.775008498116562e-05
2025_Sakhir,Downforce_1_5,0.000533995027292434
2025_Sakhir,Min_Pressure_Front_PSI,0.00014204860424305252
2025_Sakhir,Min_Pressure_Rear_PSI,0.0004719447209552946
2025_Sakhir,Circuit_Length_KM,0.00027394661908641105
2025_Sakhir,Compound_Int,2.4035370207465587e-05
2025_Sakhir,Wear_Severity_Index,0.0
2025_Sakhir,Track_Flow_Type,8.064196595602203e-05
2025_Sakhir,Grip_Aero_Balance,0.0004976009200846985
2025_Sakhir,Total_Min_Pressure,0.0002945792128661473
2025_Sakhir,Pressure_Delta,0.00026343929786440217
2025_Sakhir,Prev_LapTime,0.00206109572086145
2025_Sakhir,Lag_2,0.00018559588357779796
2025_Sakhir,Rolling_Avg_3,0.000278235551837419
2025_Sakhir,Prev_Delta,0.09610139161879451
2025_Sakhir,Driver_Encoded,0.0001817665046695829
2025_Sakhir,Location_Encoded,0.0006369734326867328
2025_Sakhir,Team_Encoded,0.0
2025_Sakhir,Mean_Apex_Speed_Ratio,0.0
2025_Sakhir,Std_Apex_Speed_Ratio,0.00015556032838595356
2025_Sakhir,Mean_Brake_Fraction,0.0003437108892616671
2025_Sakhir,Std_Brake_Fraction,0.00031850938831240493
2025_Sakhir,Mean_Brake_Point_Norm,0.0002274003741547124
2025_Sakhir,Std_Brake_Point_Norm,0.0
2025_Sakhir,Mean_Throttle_On_Dist_Norm,3.129386179342402e-06
2025_Sakhir,Std_Throttle_On_Dist_Norm,6.0098583431956955e-05
2025_Sakhir,Mean_Throttle_Integral_Norm,2.5324752734250043e-05
2025_Sakhir,Std_Throttle_Integral_Norm,3.647845957731239e-05
2025_Sakhir,Mean_Speed_Variability,3.8944919071150374e-05
2025_Sakhir,Std_Speed_Variability,2.6135687162837404e-05
2025_Sakhir,P_0,0.0
2025_Sakhir,P_1,0.00016303555077521595
2025_Sakhir,P_2,6.962505875485305e-06
2025_Sakhir,Style_Cluster_ID,0.0
2025_Sakhir,Style_Entropy,9.432978353858083e-05
2025_Sakhir,Year,0.0
2025_Sakhir,Tyre_Compound_Interaction,0.0001728637830711858
2025_Jeddah,LapNumber,0.014730921918182123
2025_Jeddah,Stint,7.82130046322099e-05
2025_Jeddah,TyreLife,0.0009537528133186758
2025_Jeddah,Position,0.01467410860177775
2025_Jeddah,AirTemp,0.0002639761932043883
2025_Jeddah,Humidity,0.002512682109556088
2025_Jeddah,Pressure,0.00013992080997259705
2025_Jeddah,TrackTemp,0.0005991529759315157
2025_Jeddah,WindDirection,0.00010942191471524579
2025_Jeddah,WindSpeed,0.00017688360094730846
2025_Jeddah,FuelLoad,0.00847596220228262
2025_Jeddah,Track_Evolution,0.0007538734540315821
2025_Jeddah,Cumulative_Field_Dist_KM,0.0005552378539313427
2025_Jeddah,Lap_Damage,0.0010063490594572223
2025_Jeddah,LatOffset_Mean,0.00011769344197726724
2025_Jeddah,Accumulated_Tyre_Wear,0.0002520804200207988
2025_Jeddah,LatOffset_Std,1.3496789266336326e-05
2025_Jeddah,Energy_Lap,0.0005229428950623901
2025_Jeddah,Gap_To_Car_Ahead,0.00018299703073062959
2025_Jeddah,Dirty_Air_Fraction,0.0002058944857845613
2025_Jeddah,Aero_Loss,5.6330844624416846e-05
2025_Jeddah,DRS_Fraction,0.00037144413048881356
2025_Jeddah,Traction_1_5,1.9298451084458286e-05
2025_Jeddah,Asphalt_Grip_1_5,0.0009134537236232917
2025_Jeddah,Asphalt_Abrasion_1_5,0.005600564886211714
2025_Jeddah,Track_Evolution_1_5,4.020818100115174e-06
2025_Jeddah,Tyre_Stress_1_5,0.00036112620457368663
2025_Jeddah,Braking_1_5,5.57372492310304e-06
2025_Jeddah,Lateral_1_5,1.0225898951939547e-05
2025_Jeddah,Downforce_1_5,0.001558153047388933
2025_Jeddah,Min_Pressure_Front_PSI,9.552438313605264e-05
2025_Jeddah,Min_Pressure_Rear_PSI,0.00017173446068740488
2025_Jeddah,Circuit_Length_KM,0.0005415224085055835
2025_Jeddah,Compound_Int,0.00013228858019184372
2025_Jeddah,Wear_Severity_Index,0.0
2025_Jeddah,Track_Flow_Type,0.0001822698695482295
2025_Jeddah,Grip_Aero_Balance,0.001058205362101592
2025_Jeddah,Total_Min_Pressure,0.0001525835764683182
2025_Jeddah,Pressure_Delta,0.0004431648752253279
2025_Jeddah,Prev_LapTime,0.0016984231583356936
2025_Jeddah,Lag_2,9.852445650734153e-05
2025_Jeddah,Rolling_Avg_3,6.797128066890288e-05
2025_Jeddah,Prev_Delta,0.07831729204647923
2025_Jeddah,Driver_Encoded,0.00017410110939857892
2025_Jeddah,Location_Encoded,0.00046215555051574086
2025_Jeddah,Team_Encoded,0.0
2025_Jeddah,Mean_Apex_Speed_Ratio,9.514288362842062e-07
2025_Jeddah,Std_Apex_Speed_Ratio,0.00012251206708843482
2025_Jeddah,Mean_Brake_Fraction,0.00019295898378429322
2025_Jeddah,Std_Brake_Fraction,5.716588433544525e-05
2025_Jeddah,Mean_Brake_Point_Norm,0.0005484485184775596
2025_Jeddah,Std_Brake_Point_Norm,8.05080666350829e-05
2025_Jeddah,Mean_Throttle_On_Dist_Norm,0.0
2025_Jeddah,Std_Throttle_On_Dist_Norm,0.0001376662309154834
2025_Jeddah,Mean_Throttle_Integral_Norm,4.8532537801978925e-06
2025_Jeddah,Std_Throttle_Integral_Norm,1.3524856272842085e-05
2025_Jeddah,Mean_Speed_Variability,0.0
2025_Jeddah,Std_Speed_Variability,1.6210866409551073e-05
2025_Jeddah,P_0,9.125306403790467e-06
2025_Jeddah,P_1,0.0002368883899324395
2025_Jeddah,P_2,7.14955898072505e-06
2025_Jeddah,Style_Cluster_ID,0.0
2025_Jeddah,Style_Entropy,9.413266043364528e-06
2025_Jeddah,Year,0.0
2025_Jeddah,Tyre_Compound_Interaction,0.0003055934480487628
2025_Imola,LapNumber,0.019635525823687147
2025_Imola,Stint,3.264971029243487e-05
2025_Imola,TyreLife,0.000901436976649949
2025_Imola,Position,0.018669510377926777
2025_Imola,AirTemp,0.0023719324360051653
2025_Imola,Humidity,0.0052844652943543425
2025_Imola,Pressure,0.0001875319617593296
2025_Imola,TrackTemp,0.0013225691171488568
2025_Imola,WindDirection,6.772491865177755e-05
2025_Imola,WindSpeed,0.00029286782233707093
2025_Imola,FuelLoad,0.007067358943813904
2025_Imola,Track_Evolution,0.0008172004880721427
2025_Imola,Cumulative_Field_Dist_KM,0.0024749665627496835
2025_Imola,Lap_Damage,0.001554819244979405
2025_Imola,LatOffset_Mean,0.00011545011888798481
2025_Imola,Accumulated_Tyre_Wear,0.00022084810296961997
2025_Imola,LatOffset_Std,1.5458666537988167e-05
2025_Imola,Energy_Lap,0.0007414506408318982
2025_Imola,Gap_To_Car_Ahead,0.00017606485984300818
2025_Imola,Dirty_Air_Fraction,0.00014077014949100028
2025_Imola,Aero_Loss,1.7457601499176777e-05
2025_Imola,DRS_Fraction,0.00030950405321160737
2025_Imola,Traction_1_5,4.487803972784495e-06
2025_Imola,Asphalt_Grip_1_5,0.00013463904980779134
2025_Imola,Asphalt_Abrasion_1_5,0.0060300142367060525
2025_Imola,Track_Evolution_1_5,0.00010899685773751807
2025_Imola,Tyre_Stress_1_5,0.0001313221756807152
2025_Imola,Braking_1_5,6.219854423935153e-05
2025_Imola,Lateral_1_5,2.6804353184567986e-05
2025_Imola,Downforce_1_5,0.0004880460816531695
2025_Imola,Min_Pressure_Front_PSI,0.00014387483423309837
2025_Imola,Min_Pressure_Rear_PSI,0.00018723604233505497
2025_Imola,Circuit_Length_KM,0.00010815593816562301
2025_Imola,Compound_Int,0.0001222501986762889
2025_Imola,Wear_Severity_Index,0.0
2025_Imola,Track_Flow_Type,4.725668943372761e-05
2025_Imola,Grip_Aero_Balance,0.00017813170470299137
2025_Imola,Total_Min_Pressure,0.00022840903857631494
2025_Imola,Pressure_Delta,0.00019691810905794331
2025_Imola,Prev_LapTime,0.002376080456749517
2025_Imola,Lag_2,0.00029289352743338664
2025_Imola,Rolling_Avg_3,9.196381267616485e-05
2025_Imola,Prev_Delta,0.08780655388073852
2025_Imola,Driver_Encoded,0.00021008082443054477
2025_Imola,Location_Encoded,0.0002095307142865099
2025_Imola,Team_Encoded,0.0
2025_Imola,Mean_Apex_Speed_Ratio,0.0
2025_Imola,Std_Apex_Speed_Ratio,8.509887242824877e-05
2025_Imola,Mean_Brake_Fraction,0.0004446323266189696
2025_Imola,Std_Brake_Fraction,3.698849686590751e-05
2025_Imola,Mean_Brake_Point_Norm,0.00014879625919380084
2025_Imola,Std_Brake_Point_Norm,0.00011377581129696552
2025_Imola,Mean_Throttle_On_Dist_Norm,2.3637364569596806e-05
2025_Imola,Std_Throttle_On_Dist_Norm,0.00012083357070270554
2025_Imola,Mean_Throttle_Integral_Norm,2.1858240880319194e-05
2025_Imola,Std_Throttle_Integral_Norm,6.183159080626439e-06
2025_Imola,Mean_Speed_Variability,0.0
2025_Imola,Std_Speed_Variability,8.258482283632936e-06
2025_Imola,P_0,4.49326987663296e-06
2025_Imola,P_1,0.0002237591465088231
2025_Imola,P_2,2.7799928613186854e-05
2025_Imola,Style_Cluster_ID,0.0
2025_Imola,Style_Entropy,7.675864086727556e-05
2025_Imola,Year,0.0
2025_Imola,Tyre_Compound_Interaction,0.0005665989438481637
2025_Monaco,LapNumber,0.025575847532211378
2025_Monaco,Stint,0.00032013448091546936
2025_Monaco,TyreLife,0.00873351172050043
2025_Monaco,Position,0.01760058973244007
2025_Monaco,AirTemp,0.00271005102111525
2025_Monaco,Humidity,0.008413830918936206
2025_Monaco,Pressure,0.0014916505057513936
2025_Monaco,TrackTemp,0.0040737787819593715
2025_Monaco,WindDirection,0.000133769249764327
2025_Monaco,WindSpeed,0.0006818198464914903
2025_Monaco,FuelLoad,0.0104532253771013
2025_Monaco,Track_Evolution,0.002179611962494906
2025_Monaco,Cumulative_Field_Dist_KM,0.0027089574595834946
2025_Monaco,Lap_Damage,0.02016262385078003
2025_Monaco,LatOffset_Mean,0.00034160103403497647
2025_Monaco,Accumulated_Tyre_Wear,0.0014237103313102367
2025_Monaco,LatOffset_Std,0.0
2025_Monaco,Energy_Lap,0.0006033918599749116
2025_Monaco,Gap_To_Car_Ahead,0.00045905282187200415
2025_Monaco,Dirty_Air_Fraction,0.000597907927508068
2025_Monaco,Aero_Loss,0.0002071139745495109
2025_Monaco,DRS_Fraction,0.00042449286677707676
2025_Monaco,Traction_1_5,9.763207262961179e-05
2025_Monaco,Asphalt_Grip_1_5,0.00018920786305382377
2025_Monaco,Asphalt_Abrasion_1_5,0.003947467638778461
2025_Monaco,Track_Evolution_1_5,3.4745630551338707e-06
2025_Monaco,Tyre_Stress_1_5,0.012351632889104635
2025_Monaco,Braking_1_5,0.00019393942749853135
2025_Monaco,Lateral_1_5,4.287107226386307e-06
2025_Monaco,Downforce_1_5,0.0008753573751979225
2025_Monaco,Min_Pressure_Front_PSI,0.00011675184068819056
2025_Monaco,Min_Pressure_Rear_PSI,0.0002251446772218492
2025_Monaco,Circuit_Length_KM,0.0009666046435895545
2025_Monaco,Compound_Int,0.0033600137233878824
2025_Monaco,Wear_Severity_Index,1.7600019091263337e-05
2025_Monaco,Track_Flow_Type,0.0001183253955014657
2025_Monaco,Grip_Aero_Balance,0.00031043758933890623
2025_Monaco,Total_Min_Pressure,0.0025583419038306115
2025_Monaco,Pressure_Delta,0.0011308692204032686
2025_Monaco,Prev_LapTime,0.00379441812346448
2025_Monaco,Lag_2,0.0007945373615200237
2025_Monaco,Rolling_Avg_3,9.498208585949854e-05
2025_Monaco,Prev_Delta,0.13464355797578842
2025_Monaco,Driver_Encoded,0.0004958826714201171
2025_Monaco,Location_Encoded,0.00044681215495406145
2025_Monaco,Team_Encoded,0.0
2025_Monaco,Mean_Apex_Speed_Ratio,0.0
2025_Monaco,Std_Apex_Speed_Ratio,0.00024411086900336172
2025_Monaco,Mean_Brake_Fraction,0.00025589343550672333
2025_Monaco,Std_Brake_Fraction,0.0
2025_Monaco,Mean_Brake_Point_Norm,0.0006286574609408141
2025_Monaco,Std_Brake_Point_Norm,2.6863552534136798e-05
2025_Monaco,Mean_Throttle_On_Dist_Norm,0.0
2025_Monaco,Std_Throttle_On_Dist_Norm,0.00035830900652867106
2025_Monaco,Mean_Throttle_Integral_Norm,0.00025355811607573694
2025_Monaco,Std_Throttle_Integral_Norm,0.00011306296214929408
2025_Monaco,Mean_Speed_Variability,4.601645858343115e-05
2025_Monaco,Std_Speed_Variability,3.6887353273496945e-06
2025_Monaco,P_0,9.503629483795901e-06
2025_Monaco,P_1,0.0008699309200082897
2025_Monaco,P_2,1.0870272926834454e-05
2025_Monaco,Style_Cluster_ID,0.0
2025_Monaco,Style_Entropy,0.0002873319058533037
2025_Monaco,Year,0.0
2025_Monaco,Tyre_Compound_Interaction,0.003316999514617716
2025_Barcelona,LapNumber,0.015471639573293325
2025_Barcelona,Stint,0.0
2025_Barcelona,TyreLife,0.0005246920837504192
2025_Barcelona,Position,0.01565089522860624
2025_Barcelona,AirTemp,0.0021076728476876
2025_Barcelona,Humidity,0.005991178731892165
2025_Barcelona,Pressure,0.00020743611708895357
2025_Barcelona,TrackTemp,0.0013413072014996752
2025_Barcelona,WindDirection,0.00010547383889939057
2025_Barcelona,WindSpeed,0.00026131848784069657
2025_Barcelona,FuelLoad,0.005605861796535446
2025_Barcelona,Track_Evolution,0.0006690187030994968
2025_Barcelona,Cumulative_Field_Dist_KM,0.0015829420952904786
2025_Barcelona,Lap_Damage,0.0018013407560018538
2025_Barcelona,LatOffset_Mean,3.0518704107119724e-05
2025_Barcelona,Accumulated_Tyre_Wear,0.0005522540272001379
2025_Barcelona,LatOffset_Std,3.524849010077814e-05
2025_Barcelona,Energy_Lap,0.0002783981377906406
2025_Barcelona,Gap_To_Car_Ahead,0.00023470367522444586
2025_Barcelona,Dirty_Air_Fraction,0.00021234277567454542
2025_Barcelona,Aero_Loss,1.3302678798437295e-05
2025_Barcelona,DRS_Fraction,3.259433496926431e-05
2025_Barcelona,Traction_1_5,2.0662292252709175e-05
2025_Barcelona,Asphalt_Grip_1_5,7.59778422370907e-05
2025_Barcelona,Asphalt_Abrasion_1_5,0.010080434059102543
2025_Barcelona,Track_Evolution_1_5,6.284826188295586e-06
2025_Barcelona,Tyre_Stress_1_5,0.00012081233114394886
2025_Barcelona,Braking_1_5,0.0
2025_Barcelona,Lateral_1_5,0.0
2025_Barcelona,Downforce_1_5,0.0005550454351323876
2025_Barcelona,Min_Pressure_Front_PSI,0.00015348219706588437
2025_Barcelona,Min_Pressure_Rear_PSI,0.00036891491229960064
2025_Barcelona,Circuit_Length_KM,0.0003049321186639417
2025_Barcelona,Compound_Int,0.0008738443440407475
2025_Barcelona,Wear_Severity_Index,0.0
2025_Barcelona,Track_Flow_Type,0.0
2025_Barcelona,Grip_Aero_Balance,0.0006238840856353789
2025_Barcelona,Total_Min_Pressure,0.0002531805955130508
2025_Barcelona,Pressure_Delta,9.393414800217974e-05
2025_Barcelona,Prev_LapTime,0.002344357215014687
2025_Barcelona,Lag_2,0.001945439252592461
2025_Barcelona,Rolling_Avg_3,0.00010968221783969501
2025_Barcelona,Prev_Delta,0.11147497329640219
2025_Barcelona,Driver_Encoded,0.00042764350864829136
2025_Barcelona,Location_Encoded,0.0005175409601442546
2025_Barcelona,Team_Encoded,0.0
2025_Barcelona,Mean_Apex_Speed_Ratio,4.678707863536007e-06
2025_Barcelona,Std_Apex_Speed_Ratio,0.0
2025_Barcelona,Mean_Brake_Fraction,9.813209555010579e-05
2025_Barcelona,Std_Brake_Fraction,0.0002720281588232777
2025_Barcelona,Mean_Brake_Point_Norm,0.0021366315205453273
2025_Barcelona,Std_Brake_Point_Norm,1.2232132152918853e-05
2025_Barcelona,Mean_Throttle_On_Dist_Norm,0.0
2025_Barcelona,Std_Throttle_On_Dist_Norm,0.00033847845553835863
2025_Barcelona,Mean_Throttle_Integral_Norm,1.6594051336001748e-05
2025_Barcelona,Std_Throttle_Integral_Norm,0.0
2025_Barcelona,Mean_Speed_Variability,5.601280870309164e-05
2025_Barcelona,Std_Speed_Variability,2.2370874754455564e-06
2025_Barcelona,P_0,0.0
2025_Barcelona,P_1,0.0003976063552916477
2025_Barcelona,P_2,0.00012922526677479714
2025_Barcelona,Style_Cluster_ID,0.0
2025_Barcelona,Style_Entropy,0.0
2025_Barcelona,Year,0.0
2025_Barcelona,Tyre_Compound_Interaction,0.00021410376559553333
2025_Montréal,LapNumber,0.012278616153575226
2025_Montréal,Stint,0.0007200932009193373
2025_Montréal,TyreLife,0.003543752664250122
2025_Montréal,Position,0.01792821541029678
2025_Montréal,AirTemp,0.0003472621037672563
2025_Montréal,Humidity,0.005451282886722735
2025_Montréal,Pressure,0.0013963460136095119
2025_Montréal,TrackTemp,0.0019418689922859058
2025_Montréal,WindDirection,0.0003194758839502184
2025_Montréal,WindSpeed,0.000548829621434704
2025_Montréal,FuelLoad,0.0023300609209797526
2025_Montréal,Track_Evolution,0.0006151481106809059
2025_Montréal,Cumulative_Field_Dist_KM,0.001757722785968144
2025_Montréal,Lap_Damage,0.0018396265705668282
2025_Montréal,LatOffset_Mean,0.0
2025_Montréal,Accumulated_Tyre_Wear,0.0011085806140327626
2025_Montréal,LatOffset_Std,0.0003208469256897272
2025_Montréal,Energy_Lap,0.0007324235713506181
2025_Montréal,Gap_To_Car_Ahead,0.00015777716769601604
2025_Montréal,Dirty_Air_Fraction,5.243216047616129e-05
2025_Montréal,Aero_Loss,1.6620655396296425e-05
2025_Montréal,DRS_Fraction,3.41401140532487e-05
2025_Montréal,Traction_1_5,0.00022488885689589004
2025_Montréal,Asphalt_Grip_1_5,7.244318565875395e-05
2025_Montréal,Asphalt_Abrasion_1_5,0.005664464864290965
2025_Montréal,Track_Evolution_1_5,5.3960383982904614e-05
2025_Montréal,Tyre_Stress_1_5,7.62374489098846e-05
2025_Montréal,Braking_1_5,0.0
2025_Montréal,Lateral_1_5,0.0002691059301731921
2025_Montréal,Downforce_1_5,0.0008933211456424793
2025_Montréal,Min_Pressure_Front_PSI,5.567559438411032e-05
2025_Montréal,Min_Pressure_Rear_PSI,0.00019717559898018336
2025_Montréal,Circuit_Length_KM,8.700295226368025e-05
2025_Montréal,Compound_Int,0.0026642891299986384
2025_Montréal,Wear_Severity_Index,0.0
2025_Montréal,Track_Flow_Type,0.0003063668480105369
2025_Montréal,Grip_Aero_Balance,0.0009238732903866119
2025_Montréal,Total_Min_Pressure,0.00027523658075361793
2025_Montréal,Pressure_Delta,0.00010486312437145274
2025_Montréal,Prev_LapTime,0.018704185120621383
2025_Montréal,Lag_2,0.01474613935238301
2025_Montréal,Rolling_Avg_3,0.00010629029119266414
2025_Montréal,Prev_Delta,0.08710934240530521
2025_Montréal,Driver_Encoded,0.00029960580372221393
2025_Montréal,Location_Encoded,0.0002515269573118899
2025_Montréal,Team_Encoded,0.0
2025_Montréal,Mean_Apex_Speed_Ratio,1.686185494093739e-05
2025_Montréal,Std_Apex_Speed_Ratio,3.8259800298219066e-05
2025_Montréal,Mean_Brake_Fraction,0.0001711576618034231
2025_Montréal,Std_Brake_Fraction,7.221305668817432e-05
2025_Montréal,Mean_Brake_Point_Norm,0.00047133638083523416
2025_Montréal,Std_Brake_Point_Norm,1.3975548046292207e-05
2025_Montréal,Mean_Throttle_On_Dist_Norm,0.0
2025_Montréal,Std_Throttle_On_Dist_Norm,9.244810050688685e-05
2025_Montréal,Mean_Throttle_Integral_Norm,0.0002211724971078403
2025_Montréal,Std_Throttle_Integral_Norm,0.0
2025_Montréal,Mean_Speed_Variability,9.539604288173416e-06
2025_Montréal,Std_Speed_Variability,5.576327424932698e-06
2025_Montréal,P_0,0.0
2025_Montréal,P_1,6.825186650024086e-05
2025_Montréal,P_2,0.0002723753927064496
2025_Montréal,Style_Cluster_ID,0.0
2025_Montréal,Style_Entropy,2.0996082691016435e-05
2025_Montréal,Year,0.0001420885700298398
2025_Montréal,Tyre_Compound_Interaction,0.0018738743783656162
2025_Spielberg,LapNumber,0.017107518018287745
2025_Spielberg,Stint,0.00016803697474892918
2025_Spielberg,TyreLife,0.0004307987126327282
2025_Spielberg,Position,0.016109069730016624
2025_Spielberg,AirTemp,0.0007712598485490948
2025_Spielberg,Humidity,0.0029050931941069754
2025_Spielberg,Pressure,0.00023124411510480725
2025_Spielberg,TrackTemp,0.0010238337414190544
2025_Spielberg,WindDirection,0.00023249715615560285
2025_Spielberg,WindSpeed,0.00022423591905268284
2025_Spielberg,FuelLoad,0.005100998044775846
2025_Spielberg,Track_Evolution,0.0001839377766538794
2025_Spielberg,Cumulative_Field_Dist_KM,0.0016228953143445834
2025_Spielberg,Lap_Damage,0.002207422036479181
2025_Spielberg,LatOffset_Mean,3.2119223097737566e-06
2025_Spielberg,Accumulated_Tyre_Wear,0.0005396404849016979
2025_Spielberg,LatOffset_Std,0.0001432388078854322
2025_Spielberg,Energy_Lap,0.0005268241500862883
2025_Spielberg,Gap_To_Car_Ahead,0.0003146246831447471
2025_Spielberg,Dirty_Air_Fraction,4.426000614304867e-05
2025_Spielberg,Aero_Loss,8.716783771101692e-05
2025_Spielberg,DRS_Fraction,6.063925279129549e-05
2025_Spielberg,Traction_1_5,8.237992958586529e-05
2025_Spielberg,Asphalt_Grip_1_5,8.914840653759738e-05
2025_Spielberg,Asphalt_Abrasion_1_5,0.004395392852134585
2025_Spielberg,Track_Evolution_1_5,2.2969788816850973e-05
2025_Spielberg,Tyre_Stress_1_5,5.444208084164848e-05
2025_Spielberg,Braking_1_5,0.0
2025_Spielberg,Lateral_1_5,0.0
2025_Spielberg,Downforce_1_5,0.00015008454616367996
2025_Spielberg,Min_Pressure_Front_PSI,9.327546240910485e-05
2025_Spielberg,Min_Pressure_Rear_PSI,0.00015708891856924733
2025_Spielberg,Circuit_Length_KM,0.00014869519691841827
2025_Spielberg,Compound_Int,0.001106722993209611
2025_Spielberg,Wear_Severity_Index,5.0202565806943044e-05
2025_Spielberg,Track_Flow_Type,0.00010610225131513034
2025_Spielberg,Grip_Aero_Balance,0.0006461278364071095
2025_Spielberg,Total_Min_Pressure,0.00019262718577362628
2025_Spielberg,Pressure_Delta,7.161391902107076e-05
2025_Spielberg,Prev_LapTime,0.042087282995137504
2025_Spielberg,Lag_2,0.03526861813904745
2025_Spielberg,Rolling_Avg_3,0.00013299959516862745
2025_Spielberg,Prev_Delta,0.08607063901860958
2025_Spielberg,Driver_Encoded,0.0002721659511920304
2025_Spielberg,Location_Encoded,0.0007414144531964334
2025_Spielberg,Team_Encoded,1.018162964354669e-05
2025_Spielberg,Mean_Apex_Speed_Ratio,4.301392011687255e-05
2025_Spielberg,Std_Apex_Speed_Ratio,4.698292694065613e-06
2025_Spielberg,Mean_Brake_Fraction,0.00018645569118729157
2025_Spielberg,Std_Brake_Fraction,7.343242099541833e-05
2025_Spielberg,Mean_Brake_Point_Norm,0.0004020213584537409
2025_Spielberg,Std_Brake_Point_Norm,2.310499230556654e-05
2025_Spielberg,Mean_Throttle_On_Dist_Norm,1.1991207831002429e-05
2025_Spielberg,Std_Throttle_On_Dist_Norm,0.00010394894283797329
2025_Spielberg,Mean_Throttle_Integral_Norm,9.213956218820195e-05
2025_Spielberg,Std_Throttle_Integral_Norm,3.352462618029334e-06
2025_Spielberg,Mean_Speed_Variability,4.3811207475856934e-05
2025_Spielberg,Std_Speed_Variability,4.8728429890858336e-05
2025_Spielberg,P_0,0.0
2025_Spielberg,P_1,9.946531458989608e-05
2025_Spielberg,P_2,0.00012566663840424977
2025_Spielberg,Style_Cluster_ID,0.0
2025_Spielberg,Style_Entropy,3.3656063215141486e-05
2025_Spielberg,Year,5.1753616520869266e-05
2025_Spielberg,Tyre_Compound_Interaction,2.9929684713295066e-05
2025_Silverstone,LapNumber,0.015411881299619833
2025_Silverstone,Stint,0.0
2025_Silverstone,TyreLife,0.0003342553749845333
2025_Silverstone,Position,0.015703835993165334
2025_Silverstone,AirTemp,0.0005808225427036469
2025_Silverstone,Humidity,0.003515614588726967
2025_Silverstone,Pressure,0.0002877505148975224
2025_Silverstone,TrackTemp,0.0013422199623739361
2025_Silverstone,WindDirection,6.421145755419581e-05
2025_Silverstone,WindSpeed,0.00011081648493360192
2025_Silverstone,FuelLoad,0.0008211541118982087
2025_Silverstone,Track_Evolution,0.00024681242675874207
2025_Silverstone,Cumulative_Field_Dist_KM,0.0005465011735963593
2025_Silverstone,Lap_Damage,0.001828371704834193
2025_Silverstone,LatOffset_Mean,5.0443837198912875e-05
2025_Silverstone,Accumulated_Tyre_Wear,0.0007145831983249365
2025_Silverstone,LatOffset_Std,5.731859908931856e-05
2025_Silverstone,Energy_Lap,1.745560455760436e-05
2025_Silverstone,Gap_To_Car_Ahead,0.00016322805448659207
2025_Silverstone,Dirty_Air_Fraction,0.0001265519992771919
2025_Silverstone,Aero_Loss,3.311274447675196e-05
2025_Silverstone,DRS_Fraction,0.0
2025_Silverstone,Traction_1_5,5.9421850012915154e-06
2025_Silverstone,Asphalt_Grip_1_5,0.0006026962948342409
2025_Silverstone,Asphalt_Abrasion_1_5,0.004125962273380205
2025_Silverstone,Track_Evolution_1_5,0.00022851567220465475
2025_Silverstone,Tyre_Stress_1_5,0.00010112874596435811
2025_Silverstone,Braking_1_5,1.4247031544474697e-05
2025_Silverstone,Lateral_1_5,0.0
2025_Silverstone,Downforce_1_5,0.00048157460840721075
2025_Silverstone,Min_Pressure_Front_PSI,0.0010051396482032519
2025_Silverstone,Min_Pressure_Rear_PSI,0.0005426535171641153
2025_Silverstone,Circuit_Length_KM,0.00020499622570443833
2025_Silverstone,Compound_Int,0.00031548780024427805
2025_Silverstone,Wear_Severity_Index,4.86317247606247e-06
2025_Silverstone,Track_Flow_Type,3.544842874721681e-05
2025_Silverstone,Grip_Aero_Balance,0.000862293956059346
2025_Silverstone,Total_Min_Pressure,0.00033679119243710176
2025_Silverstone,Pressure_Delta,0.00033672776864156646
2025_Silverstone,Prev_LapTime,0.0061975696404001634
2025_Silverstone,Lag_2,0.0039053944433500203
2025_Silverstone,Rolling_Avg_3,0.0001357353168784843
2025_Silverstone,Prev_Delta,0.11491992442769665
2025_Silverstone,Driver_Encoded,0.0004505326111312427
2025_Silverstone,Location_Encoded,0.0004060790341942081
2025_Silverstone,Team_Encoded,0.0
2025_Silverstone,Mean_Apex_Speed_Ratio,6.537564148292184e-06
2025_Silverstone,Std_Apex_Speed_Ratio,1.1688019536619646e-05
2025_Silverstone,Mean_Brake_Fraction,0.0001383814946263988
2025_Silverstone,Std_Brake_Fraction,3.119173661463335e-05
2025_Silverstone,Mean_Brake_Point_Norm,0.0002745851995587817
2025_Silverstone,Std_Brake_Point_Norm,1.417094805296088e-05
2025_Silverstone,Mean_Throttle_On_Dist_Norm,1.603417683058476e-05
2025_Silverstone,Std_Throttle_On_Dist_Norm,6.463020889619537e-05
2025_Silverstone,Mean_Throttle_Integral_Norm,0.00020491046706977377
2025_Silverstone,Std_Throttle_Integral_Norm,4.141782708129097e-05
2025_Silverstone,Mean_Speed_Variability,6.162794829096183e-06
2025_Silverstone,Std_Speed_Variability,4.137802025628343e-06
2025_Silverstone,P_0,0.0002655944699105766
2025_Silverstone,P_1,0.00023297751781024126
2025_Silverstone,P_2,0.000293430998760955
2025_Silverstone,Style_Cluster_ID,0.0
2025_Silverstone,Style_Entropy,6.376893887089874e-05
2025_Silverstone,Year,0.0007071623792684269
2025_Silverstone,Tyre_Compound_Interaction,0.00014748790646748285
2025_Spa-Francorchamps,LapNumber,0.009891814738493553
2025_Spa-Francorchamps,Stint,6.980694759022456e-06
2025_Spa-Francorchamps,TyreLife,0.0003506687688951598
2025_Spa-Francorchamps,Position,0.015047348254303006
2025_Spa-Francorchamps,AirTemp,0.0011785908681118983
2025_Spa-Francorchamps,Humidity,0.004071457992137487
2025_Spa-Francorchamps,Pressure,0.00016391787848878494
2025_Spa-Francorchamps,TrackTemp,0.0008460494116661866
2025_Spa-Francorchamps,WindDirection,0.00012774686888386756
2025_Spa-Francorchamps,WindSpeed,0.00015017888341862116
2025_Spa-Francorchamps,FuelLoad,0.004412095117710221
2025_Spa-Francorchamps,Track_Evolution,0.00014441953290350427
2025_Spa-Francorchamps,Cumulative_Field_Dist_KM,0.0007451524424726045
2025_Spa-Francorchamps,Lap_Damage,0.0008086633906184478
2025_Spa-Francorchamps,LatOffset_Mean,1.5128229445295267e-05
2025_Spa-Francorchamps,Accumulated_Tyre_Wear,0.0001522289265757094
2025_Spa-Francorchamps,LatOffset_Std,6.465806463910161e-05
2025_Spa-Francorchamps,Energy_Lap,0.0005146868258803102
2025_Spa-Francorchamps,Gap_To_Car_Ahead,0.00039107239166052206
2025_Spa-Francorchamps,Dirty_Air_Fraction,0.00015235360100250515
2025_Spa-Francorchamps,Aero_Loss,4.9106026966365434e-05
2025_Spa-Francorchamps,DRS_Fraction,2.2631884684848555e-06
2025_Spa-Francorchamps,Traction_1_5,2.0392932718793108e-05
2025_Spa-Francorchamps,Asphalt_Grip_1_5,0.0003245501579210245
2025_Spa-Francorchamps,Asphalt_Abrasion_1_5,0.0035650810295408085
2025_Spa-Francorchamps,Track_Evolution_1_5,3.5067131154080133e-06
2025_Spa-Francorchamps,Tyre_Stress_1_5,9.23409840074167e-05
2025_Spa-Francorchamps,Braking_1_5,5.311256593230061e-06
2025_Spa-Francorchamps,Lateral_1_5,0.0
2025_Spa-Francorchamps,Downforce_1_5,0.0006102798570196397
2025_Spa-Francorchamps,Min_Pressure_Front_PSI,0.0005698612937075593
2025_Spa-Francorchamps,Min_Pressure_Rear_PSI,0.0010639722057416972
2025_Spa-Francorchamps,Circuit_Length_KM,0.0007987989977744163
2025_Spa-Francorchamps,Compound_Int,0.0005220960764893317
2025_Spa-Francorchamps,Wear_Severity_Index,9.160609870158856e-06
2025_Spa-Francorchamps,Track_Flow_Type,0.0
2025_Spa-Francorchamps,Grip_Aero_Balance,0.00117126673154016
2025_Spa-Francorchamps,Total_Min_Pressure,0.00038412674295269864
2025_Spa-Francorchamps,Pressure_Delta,0.00034334230392676804
2025_Spa-Francorchamps,Prev_LapTime,0.005276162579070974
2025_Spa-Francorchamps,Lag_2,0.0031039297984778425
2025_Spa-Francorchamps,Rolling_Avg_3,0.00031531285712067564
2025_Spa-Francorchamps,Prev_Delta,0.073407419358749
2025_Spa-Francorchamps,Driver_Encoded,0.0002049683039561909
2025_Spa-Francorchamps,Location_Encoded,0.0005289898090632468
2025_Spa-Francorchamps,Team_Encoded,1.3543345165053166e-05
2025_Spa-Francorchamps,Mean_Apex_Speed_Ratio,1.2853245282190216e-05
2025_Spa-Francorchamps,Std_Apex_Speed_Ratio,4.345026301512063e-05
2025_Spa-Francorchamps,Mean_Brake_Fraction,2.3307531564793893e-05
2025_Spa-Francorchamps,Std_Brake_Fraction,6.766884842845616e-05
2025_Spa-Francorchamps,Mean_Brake_Point_Norm,0.000306293179510719
2025_Spa-Francorchamps,Std_Brake_Point_Norm,8.02076994171408e-06
2025_Spa-Francorchamps,Mean_Throttle_On_Dist_Norm,6.904205064067548e-06
2025_Spa-Francorchamps,Std_Throttle_On_Dist_Norm,0.0001318957018761615
2025_Spa-Francorchamps,Mean_Throttle_Integral_Norm,5.867280076865134e-05
2025_Spa-Francorchamps,Std_Throttle_Integral_Norm,6.388201368562804e-05
2025_Spa-Francorchamps,Mean_Speed_Variability,0.0
2025_Spa-Francorchamps,Std_Speed_Variability,0.0
2025_Spa-Francorchamps,P_0,6.492583990713697e-05
2025_Spa-Francorchamps,P_1,0.00022552346230020822
2025_Spa-Francorchamps,P_2,8.352242436165494e-05
2025_Spa-Francorchamps,Style_Cluster_ID,0.0
2025_Spa-Francorchamps,Style_Entropy,4.5819727125821884e-05
2025_Spa-Francorchamps,Year,0.00027547982054086585
2025_Spa-Francorchamps,Tyre_Compound_Interaction,0.0001503956942966689
2025_Budapest,LapNumber,0.013405729324241097
2025_Budapest,Stint,0.0
2025_Budapest,TyreLife,0.000795066937979496
2025_Budapest,Position,0.0187533250930685
2025_Budapest,AirTemp,0.0006371676740866779
2025_Budapest,Humidity,0.0055039023545838586
2025_Budapest,Pressure,0.000336066673399584
2025_Budapest,TrackTemp,0.001485423578173386
2025_Budapest,WindDirection,8.362564185098176e-05
2025_Budapest,WindSpeed,0.00014689178188907303
2025_Budapest,FuelLoad,0.0049349071957770696
2025_Budapest,Track_Evolution,0.0004312245502370126
2025_Budapest,Cumulative_Field_Dist_KM,0.0016144136445815649
2025_Budapest,Lap_Damage,0.0021795897513120803
2025_Budapest,LatOffset_Mean,2.092457411513574e-05
2025_Budapest,Accumulated_Tyre_Wear,0.00043815798515701434
2025_Budapest,LatOffset_Std,6.298790563474727e-05
2025_Budapest,Energy_Lap,0.00022746140934754778
2025_Budapest,Gap_To_Car_Ahead,0.00034899739950477153
2025_Budapest,Dirty_Air_Fraction,0.00012019012196004844
2025_Budapest,Aero_Loss,5.094443921827953e-05
2025_Budapest,DRS_Fraction,4.1489958881920875e-05
2025_Budapest,Traction_1_5,0.0
2025_Budapest,Asphalt_Grip_1_5,0.0005083727999158135
2025_Budapest,Asphalt_Abrasion_1_5,0.0033416948798572323
2025_Budapest,Track_Evolution_1_5,2.90360176292727e-05
2025_Budapest,Tyre_Stress_1_5,9.346902568028996e-05
2025_Budapest,Braking_1_5,0.0
2025_Budapest,Lateral_1_5,0.0
2025_Budapest,Downforce_1_5,0.0007775605177344166
2025_Budapest,Min_Pressure_Front_PSI,4.9757255608885564e-05
2025_Budapest,Min_Pressure_Rear_PSI,0.0004403704515583759
2025_Budapest,Circuit_Length_KM,0.0003768939529710611
2025_Budapest,Compound_Int,0.00021434715775230011
2025_Budapest,Wear_Severity_Index,0.0
2025_Budapest,Track_Flow_Type,4.759280980308939e-05
2025_Budapest,Grip_Aero_Balance,0.0005998660847090578
2025_Budapest,Total_Min_Pressure,0.000893873497869262
2025_Budapest,Pressure_Delta,0.00015869342229923338
2025_Budapest,Prev_LapTime,0.0028936316681752866
2025_Budapest,Lag_2,0.0025612440950283214
2025_Budapest,Rolling_Avg_3,0.0002099159821829929
2025_Budapest,Prev_Delta,0.10700905642266323
2025_Budapest,Driver_Encoded,0.00041797322351032584
2025_Budapest,Location_Encoded,0.0012378961902108534
2025_Budapest,Team_Encoded,0.0
2025_Budapest,Mean_Apex_Speed_Ratio,0.0
2025_Budapest,Std_Apex_Speed_Ratio,1.6691387639152107e-05
2025_Budapest,Mean_Brake_Fraction,0.00021448949587578715
2025_Budapest,Std_Brake_Fraction,0.0003983497733953191
2025_Budapest,Mean_Brake_Point_Norm,0.00050591898968818
2025_Budapest,Std_Brake_Point_Norm,8.309040223397066e-06
2025_Budapest,Mean_Throttle_On_Dist_Norm,1.69629956042384e-05
2025_Budapest,Std_Throttle_On_Dist_Norm,0.0001434875500122053
2025_Budapest,Mean_Throttle_Integral_Norm,9.035053208877572e-05
2025_Budapest,Std_Throttle_Integral_Norm,2.705538208229767e-06
2025_Budapest,Mean_Speed_Variability,2.8329860361259706e-05
2025_Budapest,Std_Speed_Variability,0.0005201309258562399
2025_Budapest,P_0,1.0261630874043299e-05
2025_Budapest,P_1,0.0002691685848804612
2025_Budapest,P_2,0.0002026979304282898
2025_Budapest,Style_Cluster_ID,0.0
2025_Budapest,Style_Entropy,0.0
2025_Budapest,Year,1.4716753996686092e-05
2025_Budapest,Tyre_Compound_Interaction,0.0003150499348712705
2025_Zandvoort,LapNumber,0.012847687063543283
2025_Zandvoort,Stint,0.0
2025_Zandvoort,TyreLife,0.0006268941470504043
2025_Zandvoort,Position,0.020076691939445238
2025_Zandvoort,AirTemp,0.0005314074129695206
2025_Zandvoort,Humidity,0.0032931020374351947
2025_Zandvoort,Pressure,0.00023779652763972529
2025_Zandvoort,TrackTemp,0.000677412555607976
2025_Zandvoort,WindDirection,5.282045612141786e-05
2025_Zandvoort,WindSpeed,7.836449109099508e-05
2025_Zandvoort,FuelLoad,0.002640131251055936
2025_Zandvoort,Track_Evolution,0.00013994018397631201
2025_Zandvoort,Cumulative_Field_Dist_KM,0.0022593553358592013
2025_Zandvoort,Lap_Damage,0.0010275973485185583
2025_Zandvoort,LatOffset_Mean,5.842362338720555e-05
2025_Zandvoort,Accumulated_Tyre_Wear,0.0002999909991337868
2025_Zandvoort,LatOffset_Std,3.4704529543345444e-05
2025_Zandvoort,Energy_Lap,4.421573744493858e-05
2025_Zandvoort,Gap_To_Car_Ahead,0.00013461184127914295
2025_Zandvoort,Dirty_Air_Fraction,8.678888852296326e-05
2025_Zandvoort,Aero_Loss,7.823412500054521e-06
2025_Zandvoort,DRS_Fraction,4.62768464078641e-05
2025_Zandvoort,Traction_1_5,3.2565322515777407e-06
2025_Zandvoort,Asphalt_Grip_1_5,0.00017932301506456424
2025_Zandvoort,Asphalt_Abrasion_1_5,0.003733329917345384
2025_Zandvoort,Track_Evolution_1_5,5.2967091819795964e-05
2025_Zandvoort,Tyre_Stress_1_5,0.00014127467012104052
2025_Zandvoort,Braking_1_5,0.0
2025_Zandvoort,Lateral_1_5,0.0
2025_Zandvoort,Downforce_1_5,0.0007142860777734668
2025_Zandvoort,Min_Pressure_Front_PSI,1.5140438488058347e-05
2025_Zandvoort,Min_Pressure_Rear_PSI,0.00026476415921772994
2025_Zandvoort,Circuit_Length_KM,7.519132193610674e-05
2025_Zandvoort,Compound_Int,0.0002837090756309608
2025_Zandvoort,Wear_Severity_Index,0.0
2025_Zandvoort,Track_Flow_Type,4.255526960226609e-05
2025_Zandvoort,Grip_Aero_Balance,0.00034894150331173275
2025_Zandvoort,Total_Min_Pressure,0.00012672637655674923
2025_Zandvoort,Pressure_Delta,0.0003266876201460074
2025_Zandvoort,Prev_LapTime,0.04130444056101962
2025_Zandvoort,Lag_2,0.03094071853028563
2025_Zandvoort,Rolling_Avg_3,0.00016430879258362517
2025_Zandvoort,Prev_Delta,0.06458906625605025
2025_Zandvoort,Driver_Encoded,0.00019829264000572418
2025_Zandvoort,Location_Encoded,0.00034199099929721396
2025_Zandvoort,Team_Encoded,1.0277912776120763e-05
2025_Zandvoort,Mean_Apex_Speed_Ratio,0.0
2025_Zandvoort,Std_Apex_Speed_Ratio,9.766873516904797e-05
2025_Zandvoort,Mean_Brake_Fraction,7.429033752063508e-05
2025_Zandvoort,Std_Brake_Fraction,1.9372594724525737e-05
2025_Zandvoort,Mean_Brake_Point_Norm,0.0003014790124340126
2025_Zandvoort,Std_Brake_Point_Norm,5.462645408112515e-05
2025_Zandvoort,Mean_Throttle_On_Dist_Norm,0.0
2025_Zandvoort,Std_Throttle_On_Dist_Norm,3.0109776871814084e-05
2025_Zandvoort,Mean_Throttle_Integral_Norm,7.649855053378905e-05
2025_Zandvoort,Std_Throttle_Integral_Norm,1.7745664424819356e-05
2025_Zandvoort,Mean_Speed_Variability,0.0
2025_Zandvoort,Std_Speed_Variability,0.00011262365448582046
2025_Zandvoort,P_0,1.5300717351288308e-05
2025_Zandvoort,P_1,7.92562122409605e-05
2025_Zandvoort,P_2,3.132029496733185e-05
2025_Zandvoort,Style_Cluster_ID,0.0
2025_Zandvoort,Style_Entropy,0.00010746371995185411
2025_Zandvoort,Year,7.2288489806794826e-06
2025_Zandvoort,Tyre_Compound_Interaction,0.0002319122113910219
2025_Monza,LapNumber,0.01015799209164805
2025_Monza,Stint,0.0
2025_Monza,TyreLife,0.0007605918476444144
2025_Monza,Position,0.01579927422682451
2025_Monza,AirTemp,0.00027669385988040045
2025_Monza,Humidity,0.0049210436958306986
2025_Monza,Pressure,5.5753588473630075e-05
2025_Monza,TrackTemp,0.000638200324642205
2025_Monza,WindDirection,4.6055824732818414e-05
2025_Monza,WindSpeed,4.636513237106391e-05
2025_Monza,FuelLoad,0.003482567388553477
2025_Monza,Track_Evolution,0.00013883087732910392
2025_Monza,Cumulative_Field_Dist_KM,0.0016234437758114394
2025_Monza,Lap_Damage,0.001126301479655001
2025_Monza,LatOffset_Mean,0.00010061985696174935
2025_Monza,Accumulated_Tyre_Wear,0.0002552565710646215
2025_Monza,LatOffset_Std,6.673865091691841e-05
2025_Monza,Energy_Lap,0.00010782219618029868
2025_Monza,Gap_To_Car_Ahead,0.00020950109764299773
2025_Monza,Dirty_Air_Fraction,5.51081255656431e-05
2025_Monza,Aero_Loss,1.1472521665735358e-05
2025_Monza,DRS_Fraction,0.0
2025_Monza,Traction_1_5,6.250790530994001e-06
2025_Monza,Asphalt_Grip_1_5,4.791772471792716e-05
2025_Monza,Asphalt_Abrasion_1_5,0.004152060620476272
2025_Monza,Track_Evolution_1_5,1.2262493258874931e-05
2025_Monza,Tyre_Stress_1_5,7.437680087419766e-05
2025_Monza,Braking_1_5,0.0
2025_Monza,Lateral_1_5,0.0
2025_Monza,Downforce_1_5,0.00158379972388588
2025_Monza,Min_Pressure_Front_PSI,2.469396589173423e-05
2025_Monza,Min_Pressure_Rear_PSI,0.0010350338557824374
2025_Monza,Circuit_Length_KM,4.91215771683716e-05
2025_Monza,Compound_Int,0.000262230787378117
2025_Monza,Wear_Severity_Index,7.262142980046396e-06
2025_Monza,Track_Flow_Type,3.0491761433496702e-05
2025_Monza,Grip_Aero_Balance,0.0006614919107577488
2025_Monza,Total_Min_Pressure,0.00012178977453492392
2025_Monza,Pressure_Delta,7.221044927178621e-05
2025_Monza,Prev_LapTime,0.0005978588558392556
2025_Monza,Lag_2,0.0016942705531984399
2025_Monza,Rolling_Avg_3,5.1708795454704174e-05
2025_Monza,Prev_Delta,0.06700023900471384
2025_Monza,Driver_Encoded,0.0002745967068309124
2025_Monza,Location_Encoded,0.0009343686427074406
2025_Monza,Team_Encoded,2.311704403618755e-05
2025_Monza,Mean_Apex_Speed_Ratio,1.5698056776842347e-05
2025_Monza,Std_Apex_Speed_Ratio,0.00010915293553391131
2025_Monza,Mean_Brake_Fraction,0.0003539135627467605
2025_Monza,Std_Brake_Fraction,1.3224974914902648e-05
2025_Monza,Mean_Brake_Point_Norm,8.086258777645506e-05
2025_Monza,Std_Brake_Point_Norm,1.5906804845644304e-05
2025_Monza,Mean_Throttle_On_Dist_Norm,0.0
2025_Monza,Std_Throttle_On_Dist_Norm,5.450494778008455e-05
2025_Monza,Mean_Throttle_Integral_Norm,1.7271577513779742e-06
2025_Monza,Std_Throttle_Integral_Norm,3.586860952301372e-05
2025_Monza,Mean_Speed_Variability,2.3952361820449467e-06
2025_Monza,Std_Speed_Variability,0.0003254185628135699
2025_Monza,P_0,2.5767479351707354e-05
2025_Monza,P_1,0.00014548992834615353
2025_Monza,P_2,3.2240756220635404e-05
2025_Monza,Style_Cluster_ID,0.0
2025_Monza,Style_Entropy,4.83500541333212e-05
2025_Monza,Year,0.0
2025_Monza,Tyre_Compound_Interaction,0.0005343274322231321
2025_Baku,LapNumber,0.014124971836910962
2025_Baku,Stint,0.0003279372403753209
2025_Baku,TyreLife,0.0005283295003770748
2025_Baku,Position,0.016291322104338667
2025_Baku,AirTemp,0.000901044548622683
2025_Baku,Humidity,0.002385661870540004
2025_Baku,Pressure,0.0005608162224966372
2025_Baku,TrackTemp,0.0009466615815133361
2025_Baku,WindDirection,0.0002167646818702632
2025_Baku,WindSpeed,4.041905162690368e-05
2025_Baku,FuelLoad,0.0070696389634347205
2025_Baku,Track_Evolution,0.002170613122504299
2025_Baku,Cumulative_Field_Dist_KM,0.0010476537732809026
2025_Baku,Lap_Damage,0.001634428500634858
2025_Baku,LatOffset_Mean,0.00011106878926290783
2025_Baku,Accumulated_Tyre_Wear,0.00057482427739381
2025_Baku,LatOffset_Std,0.0005696650799825282
2025_Baku,Energy_Lap,0.00033476524477225433
2025_Baku,Gap_To_Car_Ahead,0.00036764064549879273
2025_Baku,Dirty_Air_Fraction,0.00014859046581847915
2025_Baku,Aero_Loss,3.0700550026969114e-05
2025_Baku,DRS_Fraction,8.389663847294908e-06
2025_Baku,Traction_1_5,0.0
2025_Baku,Asphalt_Grip_1_5,0.0003558197409101547
2025_Baku,Asphalt_Abrasion_1_5,0.0032246728290926557
2025_Baku,Track_Evolution_1_5,4.787393924982912e-05
2025_Baku,Tyre_Stress_1_5,0.0001440736117443341
2025_Baku,Braking_1_5,0.0
2025_Baku,Lateral_1_5,0.0
2025_Baku,Downforce_1_5,0.0034977397419248568
2025_Baku,Min_Pressure_Front_PSI,0.00021225587746716315
2025_Baku,Min_Pressure_Rear_PSI,0.0011886400254279585
2025_Baku,Circuit_Length_KM,0.0007180681390335678
2025_Baku,Compound_Int,0.002744790585516261
2025_Baku,Wear_Severity_Index,0.0
2025_Baku,Track_Flow_Type,0.0
2025_Baku,Grip_Aero_Balance,0.0010295144885891629
2025_Baku,Total_Min_Pressure,0.0016424328966189946
2025_Baku,Pressure_Delta,0.00016917670432571247
2025_Baku,Prev_LapTime,0.00304795091730682
2025_Baku,Lag_2,0.0014154955239574067
2025_Baku,Rolling_Avg_3,0.0004323700976335826
2025_Baku,Prev_Delta,0.09535078289204364
2025_Baku,Driver_Encoded,0.00042767472108402887
2025_Baku,Location_Encoded,0.0012896524703647565
2025_Baku,Team_Encoded,0.0
2025_Baku,Mean_Apex_Speed_Ratio,6.20542555855887e-05
2025_Baku,Std_Apex_Speed_Ratio,8.583491324468904e-05
2025_Baku,Mean_Brake_Fraction,0.0002831559609557006
2025_Baku,Std_Brake_Fraction,1.6777611574771408e-05
2025_Baku,Mean_Brake_Point_Norm,0.0002848186964607486
2025_Baku,Std_Brake_Point_Norm,1.461632988719633e-05
2025_Baku,Mean_Throttle_On_Dist_Norm,5.04653062854785e-05
2025_Baku,Std_Throttle_On_Dist_Norm,5.434301002051162e-05
2025_Baku,Mean_Throttle_Integral_Norm,1.8453484477436824e-05
2025_Baku,Std_Throttle_Integral_Norm,2.110733350375525e-05
2025_Baku,Mean_Speed_Variability,0.0001647403892354582
2025_Baku,Std_Speed_Variability,3.76842202072356e-05
2025_Baku,P_0,1.2711954636074595e-05
2025_Baku,P_1,5.055277120653407e-05
2025_Baku,P_2,0.0
2025_Baku,Style_Cluster_ID,0.0
2025_Baku,Style_Entropy,9.825999952581661e-06
2025_Baku,Year,2.3445526079583606e-05
2025_Baku,Tyre_Compound_Interaction,0.0003269144769471282
2025_Marina Bay,LapNumber,0.0213546844419881
2025_Marina Bay,Stint,0.0003314267713306171
2025_Marina Bay,TyreLife,0.0007286972100734862
2025_Marina Bay,Position,0.017475414443588876
2025_Marina Bay,AirTemp,0.0002167038626569598
2025_Marina Bay,Humidity,0.003815539617078485
2025_Marina Bay,Pressure,4.402081730381249e-05
2025_Marina Bay,TrackTemp,0.0014735312802238083
2025_Marina Bay,WindDirection,0.00027471733522411404
2025_Marina Bay,WindSpeed,0.00021043301678245362
2025_Marina Bay,FuelLoad,0.00945911224977801
2025_Marina Bay,Track_Evolution,0.0021385929203600195
2025_Marina Bay,Cumulative_Field_Dist_KM,0.0020560679780468874
2025_Marina Bay,Lap_Damage,0.002706083588359585
2025_Marina Bay,LatOffset_Mean,4.4034113581324e-05
2025_Marina Bay,Accumulated_Tyre_Wear,0.0007650863182572386
2025_Marina Bay,LatOffset_Std,0.00025298669764838597
2025_Marina Bay,Energy_Lap,0.000384101672982985
2025_Marina Bay,Gap_To_Car_Ahead,0.00040515791058092025
2025_Marina Bay,Dirty_Air_Fraction,2.938014160029707e-05
2025_Marina Bay,Aero_Loss,5.6898382514604026e-05
2025_Marina Bay,DRS_Fraction,1.888167510846258e-05
2025_Marina Bay,Traction_1_5,0.0
2025_Marina Bay,Asphalt_Grip_1_5,0.0007908636624250214
2025_Marina Bay,Asphalt_Abrasion_1_5,0.004039802096870904
2025_Marina Bay,Track_Evolution_1_5,3.664090965109935e-05
2025_Marina Bay,Tyre_Stress_1_5,0.0005225423775357747
2025_Marina Bay,Braking_1_5,0.0
2025_Marina Bay,Lateral_1_5,0.0
2025_Marina Bay,Downforce_1_5,0.0015124074872985094
2025_Marina Bay,Min_Pressure_Front_PSI,3.726623607541702e-05
2025_Marina Bay,Min_Pressure_Rear_PSI,0.00034223107741325606
2025_Marina Bay,Circuit_Length_KM,0.00035903736633343807
2025_Marina Bay,Compound_Int,0.0016075289897127907
2025_Marina Bay,Wear_Severity_Index,1.914560822339226e-05
2025_Marina Bay,Track_Flow_Type,3.1469500383131583e-05
2025_Marina Bay,Grip_Aero_Balance,0.0008730213213980222
2025_Marina Bay,Total_Min_Pressure,0.0004294710133838278
2025_Marina Bay,Pressure_Delta,0.00018129894150849322
2025_Marina Bay,Prev_LapTime,0.0033846548969673016
2025_Marina Bay,Lag_2,0.0018652062571227568
2025_Marina Bay,Rolling_Avg_3,0.0003547693792439004
2025_Marina Bay,Prev_Delta,0.12890926963859303
2025_Marina Bay,Driver_Encoded,0.0010775891997167287
2025_Marina Bay,Location_Encoded,0.0015164147059800951
2025_Marina Bay,Team_Encoded,0.0
2025_Marina Bay,Mean_Apex_Speed_Ratio,5.5592535434685846e-05
2025_Marina Bay,Std_Apex_Speed_Ratio,2.735814851289789e-05
2025_Marina Bay,Mean_Brake_Fraction,0.000551179164415911
2025_Marina Bay,Std_Brake_Fraction,0.0
2025_Marina Bay,Mean_Brake_Point_Norm,0.00043666658100343454
2025_Marina Bay,Std_Brake_Point_Norm,3.786470444924201e-05
2025_Marina Bay,Mean_Throttle_On_Dist_Norm,6.394195422603875e-05
2025_Marina Bay,Std_Throttle_On_Dist_Norm,9.974410799984938e-05
2025_Marina Bay,Mean_Throttle_Integral_Norm,3.255333576594326e-05
2025_Marina Bay,Std_Throttle_Integral_Norm,4.787501268398201e-05
2025_Marina Bay,Mean_Speed_Variability,0.00029304408894597467
2025_Marina Bay,Std_Speed_Variability,0.0
2025_Marina Bay,P_0,9.453691613536495e-06
2025_Marina Bay,P_1,0.00010066491896775115
2025_Marina Bay,P_2,7.624659132429503e-06
2025_Marina Bay,Style_Cluster_ID,0.0
2025_Marina Bay,Style_Entropy,1.920497732715513e-05
2025_Marina Bay,Year,8.867121851413032e-06
2025_Marina Bay,Tyre_Compound_Interaction,0.00020706441364889028
2025_Austin,LapNumber,0.014694360355850884
2025_Austin,Stint,0.00035569669281890556
2025_Austin,TyreLife,0.00043969546434685235
2025_Austin,Position,0.01952291721913933
2025_Austin,AirTemp,0.0003411926422054778
2025_Austin,Humidity,0.0013069020835317425
2025_Austin,Pressure,8.37666539637091e-05
2025_Austin,TrackTemp,0.0005747254548115746
2025_Austin,WindDirection,5.3128792601301097e-05
2025_Austin,WindSpeed,2.7945170454829902e-05
2025_Austin,FuelLoad,0.005721485322489477
2025_Austin,Track_Evolution,0.0002806125048770718
2025_Austin,Cumulative_Field_Dist_KM,0.0008552115076722994
2025_Austin,Lap_Damage,0.0010374815591400232
2025_Austin,LatOffset_Mean,0.0001400626378962683
2025_Austin,Accumulated_Tyre_Wear,0.000191875355800698
2025_Austin,LatOffset_Std,2.015678118772687e-05
2025_Austin,Energy_Lap,0.00017007273231051757
2025_Austin,Gap_To_Car_Ahead,0.00023599115025118713
2025_Austin,Dirty_Air_Fraction,0.00016205065580155345
2025_Austin,Aero_Loss,7.151126242733799e-05
2025_Austin,DRS_Fraction,0.00016189967594096584
2025_Austin,Traction_1_5,0.0
2025_Austin,Asphalt_Grip_1_5,4.98637699537311e-05
2025_Austin,Asphalt_Abrasion_1_5,0.00485238097595577
2025_Austin,Track_Evolution_1_5,1.520205539340529e-05
2025_Austin,Tyre_Stress_1_5,0.0006093936119304278
2025_Austin,Braking_1_5,0.0
2025_Austin,Lateral_1_5,0.0
2025_Austin,Downforce_1_5,0.0015266200385197768
2025_Austin,Min_Pressure_Front_PSI,4.128101042132318e-06
2025_Austin,Min_Pressure_Rear_PSI,0.00017724956884425562
2025_Austin,Circuit_Length_KM,0.0004328551942326559
2025_Austin,Compound_Int,0.0002447683209646468
2025_Austin,Wear_Severity_Index,4.7419656392526854e-05
2025_Austin,Track_Flow_Type,3.328238559785007e-05
2025_Austin,Grip_Aero_Balance,0.00039756538240129824
2025_Austin,Total_Min_Pressure,0.00040570563164858984
2025_Austin,Pressure_Delta,9.235370938411464e-05
2025_Austin,Prev_LapTime,0.0034773736909903745
2025_Austin,Lag_2,0.0013503934489424285
2025_Austin,Rolling_Avg_3,0.00017429086161264756
2025_Austin,Prev_Delta,0.0713792147382259
2025_Austin,Driver_Encoded,0.00015364815476051963
2025_Austin,Location_Encoded,0.002095036150862845
2025_Austin,Team_Encoded,0.00013584264451423767
2025_Austin,Mean_Apex_Speed_Ratio,4.4330891876077546e-05
2025_Austin,Std_Apex_Speed_Ratio,2.394558353049399e-05
2025_Austin,Mean_Brake_Fraction,0.0004889701525382512
2025_Austin,Std_Brake_Fraction,2.7056328620604907e-05
2025_Austin,Mean_Brake_Point_Norm,0.00018428975058305385
2025_Austin,Std_Brake_Point_Norm,1.2116748093734089e-05
2025_Austin,Mean_Throttle_On_Dist_Norm,0.0
2025_Austin,Std_Throttle_On_Dist_Norm,3.4828450693731236e-05
2025_Austin,Mean_Throttle_Integral_Norm,3.080818207679204e-05
2025_Austin,Std_Throttle_Integral_Norm,4.4234075355954045e-05
2025_Austin,Mean_Speed_Variability,1.4081464616404159e-05
2025_Austin,Std_Speed_Variability,6.557210818970755e-05
2025_Austin,P_0,0.0
2025_Austin,P_1,7.36093318202163e-06
2025_Austin,P_2,1.3866870127996752e-05
2025_Austin,Style_Cluster_ID,0.0
2025_Austin,Style_Entropy,0.00011322079175102813
2025_Austin,Year,2.3817799555218016e-05
2025_Austin,Tyre_Compound_Interaction,0.00021383407375892726
2025_Mexico City,LapNumber,0.021121347929771637
2025_Mexico City,Stint,0.00027194662034267476
2025_Mexico City,TyreLife,0.0006088926622568251
2025_Mexico City,Position,0.017945773091260567
2025_Mexico City,AirTemp,0.0008780275509442762
2025_Mexico City,Humidity,0.0015167651389257524
2025_Mexico City,Pressure,0.0005549249898643313
2025_Mexico City,TrackTemp,0.0009121120772184853
2025_Mexico City,WindDirection,9.663118597262817e-05
2025_Mexico City,WindSpeed,3.45957764497411e-05
2025_Mexico City,FuelLoad,0.00666606782612442
2025_Mexico City,Track_Evolution,0.000996964005890392
2025_Mexico City,Cumulative_Field_Dist_KM,0.0011570304647945335
2025_Mexico City,Lap_Damage,0.0019734533883325276
2025_Mexico City,LatOffset_Mean,8.683436805401831e-05
2025_Mexico City,Accumulated_Tyre_Wear,0.0004434984448111526
2025_Mexico City,LatOffset_Std,6.336503640825669e-05
2025_Mexico City,Energy_Lap,0.0011912843997737425
2025_Mexico City,Gap_To_Car_Ahead,0.00031461102404347805
2025_Mexico City,Dirty_Air_Fraction,0.00019787414195740098
2025_Mexico City,Aero_Loss,4.364182872648924e-05
2025_Mexico City,DRS_Fraction,0.00017506598073822692
2025_Mexico City,Traction_1_5,9.255394415328855e-06
2025_Mexico City,Asphalt_Grip_1_5,0.00013057080880222075
2025_Mexico City,Asphalt_Abrasion_1_5,0.004036793000055995
2025_Mexico City,Track_Evolution_1_5,2.0368531751847814e-05
2025_Mexico City,Tyre_Stress_1_5,0.002174111230818651
2025_Mexico City,Braking_1_5,8.828623606167204e-06
2025_Mexico City,Lateral_1_5,0.0
2025_Mexico City,Downforce_1_5,0.0014815379801699372
2025_Mexico City,Min_Pressure_Front_PSI,5.73367246295387e-05
2025_Mexico City,Min_Pressure_Rear_PSI,0.00015762517865913937
2025_Mexico City,Circuit_Length_KM,0.00021092872816118064
2025_Mexico City,Compound_Int,0.004015243578533952
2025_Mexico City,Wear_Severity_Index,0.0
2025_Mexico City,Track_Flow_Type,7.771969538276513e-05
2025_Mexico City,Grip_Aero_Balance,0.0005449243902405046
2025_Mexico City,Total_Min_Pressure,0.0004297182378903143
2025_Mexico City,Pressure_Delta,2.499620066957225e-05
2025_Mexico City,Prev_LapTime,0.001026342136245143
2025_Mexico City,Lag_2,0.0016139407114858387
2025_Mexico City,Rolling_Avg_3,8.97423289708868e-05
2025_Mexico City,Prev_Delta,0.08719943112528936
2025_Mexico City,Driver_Encoded,0.00029434971019512483
2025_Mexico City,Location_Encoded,0.0006560414536136735
2025_Mexico City,Team_Encoded,2.9415958293879243e-05
2025_Mexico City,Mean_Apex_Speed_Ratio,3.109814035607369e-05
2025_Mexico City,Std_Apex_Speed_Ratio,2.9245435821307224e-05
2025_Mexico City,Mean_Brake_Fraction,0.00030217641565661425
2025_Mexico City,Std_Brake_Fraction,1.0798183659348755e-05
2025_Mexico City,Mean_Brake_Point_Norm,0.0002744887258283641
2025_Mexico City,Std_Brake_Point_Norm,3.6081258353685415e-06
2025_Mexico City,Mean_Throttle_On_Dist_Norm,0.0
2025_Mexico City,Std_Throttle_On_Dist_Norm,0.0002678397044346509
2025_Mexico City,Mean_Throttle_Integral_Norm,1.946166154999745e-05
2025_Mexico City,Std_Throttle_Integral_Norm,2.0127860000556587e-05
2025_Mexico City,Mean_Speed_Variability,0.00035924195578717846
2025_Mexico City,Std_Speed_Variability,4.0997013594353366e-05
2025_Mexico City,P_0,6.289627800731364e-06
2025_Mexico City,P_1,0.0001555820941297214
2025_Mexico City,P_2,0.0
2025_Mexico City,Style_Cluster_ID,0.0
2025_Mexico City,Style_Entropy,7.027875214358847e-06
2025_Mexico City,Year,0.0
2025_Mexico City,Tyre_Compound_Interaction,0.00017200763336408864
2025_São Paulo,LapNumber,0.015294491800781487
2025_São Paulo,Stint,0.00023684903118581215
2025_São Paulo,TyreLife,0.0008290089120689678
2025_São Paulo,Position,0.017575837828062123
2025_São Paulo,AirTemp,0.0004712884463794944
2025_São Paulo,Humidity,0.0015784221535287879
2025_São Paulo,Pressure,0.00024308819198699548
2025_São Paulo,TrackTemp,0.0014684809612218843
2025_São Paulo,WindDirection,4.6828081917782385e-05
2025_São Paulo,WindSpeed,0.0
2025_São Paulo,FuelLoad,0.002583486825332144
2025_São Paulo,Track_Evolution,0.00017676078846635187
2025_São Paulo,Cumulative_Field_Dist_KM,0.0011747979824415977
2025_São Paulo,Lap_Damage,0.0016588505881328488
2025_São Paulo,LatOffset_Mean,3.092099384656401e-05
2025_São Paulo,Accumulated_Tyre_Wear,0.0007730470383723495
2025_São Paulo,LatOffset_Std,0.0
2025_São Paulo,Energy_Lap,0.0001635099234029349
2025_São Paulo,Gap_To_Car_Ahead,0.0003255906284661015
2025_São Paulo,Dirty_Air_Fraction,0.00016292364158749674
2025_São Paulo,Aero_Loss,0.0001308834972579456
2025_São Paulo,DRS_Fraction,0.0001235976039091309
2025_São Paulo,Traction_1_5,8.322828992820283e-06
2025_São Paulo,Asphalt_Grip_1_5,0.00031763485614641864
2025_São Paulo,Asphalt_Abrasion_1_5,0.0031996676888529346
2025_São Paulo,Track_Evolution_1_5,2.7483240401445225e-05
2025_São Paulo,Tyre_Stress_1_5,0.0005137539496200567
2025_São Paulo,Braking_1_5,8.214650078027766e-06
2025_São Paulo,Lateral_1_5,0.0
2025_São Paulo,Downforce_1_5,0.0013425889014047046
2025_São Paulo,Min_Pressure_Front_PSI,1.5210037129264807e-05
2025_São Paulo,Min_Pressure_Rear_PSI,0.00031406721782216337
2025_São Paulo,Circuit_Length_KM,0.00031293144758480176
2025_São Paulo,Compound_Int,0.00014863553176031478
2025_São Paulo,Wear_Severity_Index,0.00017500327919142106
2025_São Paulo,Track_Flow_Type,0.00033278382762917517
2025_São Paulo,Grip_Aero_Balance,0.0006583988344189333
2025_São Paulo,Total_Min_Pressure,0.0004409965333588142
2025_São Paulo,Pressure_Delta,4.4775577896580996e-05
2025_São Paulo,Prev_LapTime,0.03819949218437976
2025_São Paulo,Lag_2,0.03308281958032816
2025_São Paulo,Rolling_Avg_3,0.00015328187178680286
2025_São Paulo,Prev_Delta,0.08897753047738258
2025_São Paulo,Driver_Encoded,0.00035082532170210514
2025_São Paulo,Location_Encoded,0.0005911989677607125
2025_São Paulo,Team_Encoded,5.1675417212318725e-05
2025_São Paulo,Mean_Apex_Speed_Ratio,4.858217853109617e-05
2025_São Paulo,Std_Apex_Speed_Ratio,0.0001394104335343884
2025_São Paulo,Mean_Brake_Fraction,0.00021003865995568424
2025_São Paulo,Std_Brake_Fraction,3.223125287731392e-05
2025_São Paulo,Mean_Brake_Point_Norm,0.00038399833675965465
2025_São Paulo,Std_Brake_Point_Norm,2.824496763244021e-06
2025_São Paulo,Mean_Throttle_On_Dist_Norm,0.0
2025_São Paulo,Std_Throttle_On_Dist_Norm,8.308404239369212e-05
2025_São Paulo,Mean_Throttle_Integral_Norm,0.0
2025_São Paulo,Std_Throttle_Integral_Norm,2.8326723506122234e-05
2025_São Paulo,Mean_Speed_Variability,7.051684623521604e-05
2025_São Paulo,Std_Speed_Variability,3.8159484421296985e-05
2025_São Paulo,P_0,9.895855325370375e-05
2025_São Paulo,P_1,1.3262683499413215e-05
2025_São Paulo,P_2,0.0
2025_São Paulo,Style_Cluster_ID,0.0
2025_São Paulo,Style_Entropy,2.44069458213015e-06
2025_São Paulo,Year,4.202637654455082e-05
2025_São Paulo,Tyre_Compound_Interaction,0.0002814589766559105
2025_Las Vegas,LapNumber,0.00776657743045349
2025_Las Vegas,Stint,0.0002461398465209338
2025_Las Vegas,TyreLife,0.0003546690766984944
2025_Las Vegas,Position,0.01586746027381638
2025_Las Vegas,AirTemp,0.0005335906764688856
2025_Las Vegas,Humidity,0.0023247247292485637
2025_Las Vegas,Pressure,0.0001629654153049295
2025_Las Vegas,TrackTemp,0.0038938727967788717
2025_Las Vegas,WindDirection,8.885599094900578e-05
2025_Las Vegas,WindSpeed,9.480272148901704e-06
2025_Las Vegas,FuelLoad,0.006497804957375675
2025_Las Vegas,Track_Evolution,0.0001732534021522217
2025_Las Vegas,Cumulative_Field_Dist_KM,0.0013057017426752276
2025_Las Vegas,Lap_Damage,0.0008456995964084705
2025_Las Vegas,LatOffset_Mean,4.349983831088958e-05
2025_Las Vegas,Accumulated_Tyre_Wear,0.00019834214409288986
2025_Las Vegas,LatOffset_Std,4.156695995208328e-05
2025_Las Vegas,Energy_Lap,6.387701639318069e-05
2025_Las Vegas,Gap_To_Car_Ahead,0.00030209031582257846
2025_Las Vegas,Dirty_Air_Fraction,8.63400420525014e-05
2025_Las Vegas,Aero_Loss,3.56840673809861e-05
2025_Las Vegas,DRS_Fraction,0.0003362950814966631
2025_Las Vegas,Traction_1_5,0.0
2025_Las Vegas,Asphalt_Grip_1_5,0.0028798741244942137
2025_Las Vegas,Asphalt_Abrasion_1_5,0.003188879724673056
2025_Las Vegas,Track_Evolution_1_5,1.2428542995254829e-05
2025_Las Vegas,Tyre_Stress_1_5,0.00021912002125576397
2025_Las Vegas,Braking_1_5,0.0
2025_Las Vegas,Lateral_1_5,0.0
2025_Las Vegas,Downforce_1_5,0.0039294735822173734
2025_Las Vegas,Min_Pressure_Front_PSI,0.0
2025_Las Vegas,Min_Pressure_Rear_PSI,0.001232994905225593
2025_Las Vegas,Circuit_Length_KM,0.0006121869992318514
2025_Las Vegas,Compound_Int,7.530020237222864e-05
2025_Las Vegas,Wear_Severity_Index,2.0927363780916243e-05
2025_Las Vegas,Track_Flow_Type,0.00028380165326195714
2025_Las Vegas,Grip_Aero_Balance,0.0008197561057813118
2025_Las Vegas,Total_Min_Pressure,0.00300250503351188
2025_Las Vegas,Pressure_Delta,3.924884960910425e-05
2025_Las Vegas,Prev_LapTime,0.003825886720609937
2025_Las Vegas,Lag_2,0.001498550525732458
2025_Las Vegas,Rolling_Avg_3,5.317114965987949e-05
2025_Las Vegas,Prev_Delta,0.07136598228375268
2025_Las Vegas,Driver_Encoded,0.00030511081852786174
2025_Las Vegas,Location_Encoded,0.0012330808039047257
2025_Las Vegas,Team_Encoded,0.0001478676344791171
2025_Las Vegas,Mean_Apex_Speed_Ratio,1.5878889254884297e-05
2025_Las Vegas,Std_Apex_Speed_Ratio,0.0
2025_Las Vegas,Mean_Brake_Fraction,0.0004852543709923841
2025_Las Vegas,Std_Brake_Fraction,2.7065774545537766e-05
2025_Las Vegas,Mean_Brake_Point_Norm,0.00028042291658031025
2025_Las Vegas,Std_Brake_Point_Norm,2.229253042155882e-06
2025_Las Vegas,Mean_Throttle_On_Dist_Norm,0.0
2025_Las Vegas,Std_Throttle_On_Dist_Norm,6.505504693567718e-05
2025_Las Vegas,Mean_Throttle_Integral_Norm,3.16547138033095e-06
2025_Las Vegas,Std_Throttle_Integral_Norm,4.1338625634045163e-05
2025_Las Vegas,Mean_Speed_Variability,4.503815520467278e-06
2025_Las Vegas,Std_Speed_Variability,0.00019461705052468213
2025_Las Vegas,P_0,7.913611171645943e-05
2025_Las Vegas,P_1,0.0
2025_Las Vegas,P_2,8.125570305309541e-06
2025_Las Vegas,Style_Cluster_ID,0.0
2025_Las Vegas,Style_Entropy,3.429326367208034e-06
2025_Las Vegas,Year,2.5921733647913804e-05
2025_Las Vegas,Tyre_Compound_Interaction,0.00024406039397650533
2025_Lusail,LapNumber,0.010486977817131348
2025_Lusail,Stint,8.673203729794843e-05
2025_Lusail,TyreLife,0.0003931925177945515
2025_Lusail,Position,0.0176900707677209
2025_Lusail,AirTemp,0.00021764330616680288
2025_Lusail,Humidity,0.0014387074584499054
2025_Lusail,Pressure,0.0002328651217980417
2025_Lusail,TrackTemp,0.0009833743868449003
2025_Lusail,WindDirection,5.196474302810053e-05
2025_Lusail,WindSpeed,0.0003672620995405957
2025_Lusail,FuelLoad,0.003152203815543403
2025_Lusail,Track_Evolution,8.107711462782065e-05
2025_Lusail,Cumulative_Field_Dist_KM,0.001404862988184847
2025_Lusail,Lap_Damage,0.001069983621014107
2025_Lusail,LatOffset_Mean,1.754474659486826e-05
2025_Lusail,Accumulated_Tyre_Wear,0.00011132995615697326
2025_Lusail,LatOffset_Std,4.223615734503888e-05
2025_Lusail,Energy_Lap,0.00015320669676332897
2025_Lusail,Gap_To_Car_Ahead,0.0002688355988709421
2025_Lusail,Dirty_Air_Fraction,0.0002085211732909001
2025_Lusail,Aero_Loss,2.1862536824846513e-05
2025_Lusail,DRS_Fraction,0.00044057872798801244
2025_Lusail,Traction_1_5,2.9511556233072323e-05
2025_Lusail,Asphalt_Grip_1_5,0.0001932927345314438
2025_Lusail,Asphalt_Abrasion_1_5,0.0029062627510289367
2025_Lusail,Track_Evolution_1_5,1.0049310452751202e-05
2025_Lusail,Tyre_Stress_1_5,0.00017365810086503934
2025_Lusail,Braking_1_5,0.0
2025_Lusail,Lateral_1_5,0.0
2025_Lusail,Downforce_1_5,0.002151789343034892
2025_Lusail,Min_Pressure_Front_PSI,0.00019452349261142056
2025_Lusail,Min_Pressure_Rear_PSI,0.0012354907402397147
2025_Lusail,Circuit_Length_KM,0.0008153604906228285
2025_Lusail,Compound_Int,0.00033507042513958334
2025_Lusail,Wear_Severity_Index,1.1814826094379926e-05
2025_Lusail,Track_Flow_Type,0.0002475138773077939
2025_Lusail,Grip_Aero_Balance,0.0005425839149365582
2025_Lusail,Total_Min_Pressure,0.004407054668794928
2025_Lusail,Pressure_Delta,0.0
2025_Lusail,Prev_LapTime,0.004359252831026832
2025_Lusail,Lag_2,0.001574340242067252
2025_Lusail,Rolling_Avg_3,1.203869707841883e-05
2025_Lusail,Prev_Delta,0.07592002341574142
2025_Lusail,Driver_Encoded,0.0001874863131512348
2025_Lusail,Location_Encoded,0.00043259410259179033
2025_Lusail,Team_Encoded,8.726550738698617e-05
2025_Lusail,Mean_Apex_Speed_Ratio,0.0
2025_Lusail,Std_Apex_Speed_Ratio,0.0
2025_Lusail,Mean_Brake_Fraction,5.880132091343801e-05
2025_Lusail,Std_Brake_Fraction,4.663451162920444e-05
2025_Lusail,Mean_Brake_Point_Norm,0.0002051397668633792
2025_Lusail,Std_Brake_Point_Norm,1.1980864351150443e-05
2025_Lusail,Mean_Throttle_On_Dist_Norm,2.5348828581320724e-05
2025_Lusail,Std_Throttle_On_Dist_Norm,0.0002927849101280585
2025_Lusail,Mean_Throttle_Integral_Norm,0.00021371538308237041
2025_Lusail,Std_Throttle_Integral_Norm,2.977892682171663e-05
2025_Lusail,Mean_Speed_Variability,5.987327765820587e-06
2025_Lusail,Std_Speed_Variability,0.00016983979114931771
2025_Lusail,P_0,2.146509021414284e-05
2025_Lusail,P_1,1.2298793810355671e-05
2025_Lusail,P_2,0.0
2025_Lusail,Style_Cluster_ID,0.0
2025_Lusail,Style_Entropy,3.850429490576626e-06
2025_Lusail,Year,3.150982063913616e-05
2025_Lusail,Tyre_Compound_Interaction,0.0001900035428193907
2025_Yas Island,LapNumber,0.011699072401558146
2025_Yas Island,Stint,0.0002859587963479494
2025_Yas Island,TyreLife,0.0005921209502014674
2025_Yas Island,Position,0.0176456131952638
2025_Yas Island,AirTemp,0.00011448057993423693
2025_Yas Island,Humidity,0.0013405804167142279
2025_Yas Island,Pressure,0.00029116584077932954
2025_Yas Island,TrackTemp,0.0011676682274548687
2025_Yas Island,WindDirection,4.506253080798417e-05
2025_Yas Island,WindSpeed,1.849300575354708e-05
2025_Yas Island,FuelLoad,0.003836886578299823
2025_Yas Island,Track_Evolution,0.00022284435528931897
2025_Yas Island,Cumulative_Field_Dist_KM,0.001617560985456767
2025_Yas Island,Lap_Damage,0.000966697623440353
2025_Yas Island,LatOffset_Mean,2.6197184952210282e-05
2025_Yas Island,Accumulated_Tyre_Wear,0.0001081590401598651
2025_Yas Island,LatOffset_Std,0.00010710863830668322
2025_Yas Island,Energy_Lap,4.7152713199734654e-05
2025_Yas Island,Gap_To_Car_Ahead,0.0002941599788117243
2025_Yas Island,Dirty_Air_Fraction,0.00025658761727087576
2025_Yas Island,Aero_Loss,2.6287921313857366e-05
2025_Yas Island,DRS_Fraction,0.0003584020250324434
2025_Yas Island,Traction_1_5,7.187571665180852e-06
2025_Yas Island,Asphalt_Grip_1_5,0.00019562862673291127
2025_Yas Island,Asphalt_Abrasion_1_5,0.0039117280595295815
2025_Yas Island,Track_Evolution_1_5,1.599444066319497e-05
2025_Yas Island,Tyre_Stress_1_5,0.00012830177429329158
2025_Yas Island,Braking_1_5,0.0
2025_Yas Island,Lateral_1_5,0.0
2025_Yas Island,Downforce_1_5,0.0007967403212585575
2025_Yas Island,Min_Pressure_Front_PSI,6.920586016067352e-06
2025_Yas Island,Min_Pressure_Rear_PSI,0.00025086649068988416
2025_Yas Island,Circuit_Length_KM,0.00042497153168427116
2025_Yas Island,Compound_Int,0.00012128244261957959
2025_Yas Island,Wear_Severity_Index,1.3996717900379754e-05
2025_Yas Island,Track_Flow_Type,0.0003928031543833148
2025_Yas Island,Grip_Aero_Balance,0.0007337470534399459
2025_Yas Island,Total_Min_Pressure,0.0013511487946138883
2025_Yas Island,Pressure_Delta,1.1754830773656516e-05
2025_Yas Island,Prev_LapTime,0.004251239002300896
2025_Yas Island,Lag_2,0.0017667833344975018
2025_Yas Island,Rolling_Avg_3,3.178977526299076e-05
2025_Yas Island,Prev_Delta,0.07994469081863008
2025_Yas Island,Driver_Encoded,0.00014199904398440932
2025_Yas Island,Location_Encoded,0.0005118107752800354
2025_Yas Island,Team_Encoded,3.920943517814396e-05
2025_Yas Island,Mean_Apex_Speed_Ratio,1.0245098441293834e-05
2025_Yas Island,Std_Apex_Speed_Ratio,0.0
2025_Yas Island,Mean_Brake_Fraction,6.76147683180269e-05
2025_Yas Island,Std_Brake_Fraction,3.401051364263624e-05
2025_Yas Island,Mean_Brake_Point_Norm,0.00017833606962628965
2025_Yas Island,Std_Brake_Point_Norm,8.821244278505195e-06
2025_Yas Island,Mean_Throttle_On_Dist_Norm,1.6312710938625454e-05
2025_Yas Island,Std_Throttle_On_Dist_Norm,0.00016453729326480412
2025_Yas Island,Mean_Throttle_Integral_Norm,3.8407505915503684e-05
2025_Yas Island,Std_Throttle_Integral_Norm,3.8812955444680343e-05
2025_Yas Island,Mean_Speed_Variability,1.941690963132821e-05
2025_Yas Island,Std_Speed_Variability,8.003920893213151e-05
2025_Yas Island,P_0,8.877075650734291e-05
2025_Yas Island,P_1,2.7355398228746286e-05
2025_Yas Island,P_2,0.0
2025_Yas Island,Style_Cluster_ID,0.0
2025_Yas Island,Style_Entropy,3.70883403796709e-05
2025_Yas Island,Year,0.0
2025_Yas Island,Tyre_Compound_Interaction,0.0001857364591268852
